species,species_name,isscaap_division_code,isscaap_division_name,isscaap_group_code,isscaap_group_name,fao_group_code,fao_group_name,cpc_division_code,cpc_division_name,cpc_group_code,cpc_group_name,cpc_class_code,cpc_class_name
OGN,Aba,1,Freshwater fishes,13,Miscellaneous freshwater fishes,1501,Freshwater and Diadromous Fish,4,Fish and other fishing products,42,"Fish live, fresh or chilled for human consumption",421,"Freshwater fish, live, fresh or chilled"
ABX,Abalones NEI,5,Molluscs,52,"Abalones, winkles, conchs",1562,Molluscs excl. Cephalopods,4,Fish and other fishing products,44,"Molluscs live, fresh or chilled",441,"Abalone, live, fresh or chilled"
LZH,Abu mullet,3,Marine fishes,33,Miscellaneous coastal fishes,1514,Demersal Marine Fish,4,Fish and other fishing products,42,"Fish live, fresh or chilled for human consumption",429,"Other fish, live, fresh or chilled"
RIN,Abyssal smooth-head,3,Marine fishes,34,Miscellaneous demersal fishes,1514,Demersal Marine Fish,4,Fish and other fishing products,42,"Fish live, fresh or chilled for human consumption",429,"Other fish, live, fresh or chilled"
BPG,Abyssal spiderfish,3,Marine fishes,34,Miscellaneous demersal fishes,1514,Demersal Marine Fish,4,Fish and other fishing products,42,"Fish live, fresh or chilled for human consumption",429,"Other fish, live, fresh or chilled"
REN,Acadian redfish,3,Marine fishes,34,Miscellaneous demersal fishes,1514,Demersal Marine Fish,4,Fish and other fishing products,42,"Fish live, fresh or chilled for human consumption",429,"Other fish, live, fresh or chilled"
AXQ,[Acanthurus spp],3,Marine fishes,33,Miscellaneous coastal fishes,1514,Demersal Marine Fish,4,Fish and other fishing products,42,"Fish live, fresh or chilled for human consumption",429,"Other fish, live, fresh or chilled"
YNA,Acoupa weakfish,3,Marine fishes,33,Miscellaneous coastal fishes,1514,Demersal Marine Fish,4,Fish and other fishing products,42,"Fish live, fresh or chilled for human consumption",429,"Other fish, live, fresh or chilled"
OAM,Adriatic sole,3,Marine fishes,31,"Flounders, halibuts, soles",1514,Demersal Marine Fish,4,Fish and other fishing products,42,"Fish live, fresh or chilled for human consumption",423,"Flatfish, live, fresh or chilled"
AAA,Adriatic sturgeon,2,Diadromous fishes,21,"Sturgeons, paddlefishes",1501,Freshwater and Diadromous Fish,4,Fish and other fishing products,42,"Fish live, fresh or chilled for human consumption",429,"Other fish, live, fresh or chilled"
AES,Aesop shrimp,4,Crustaceans,45,"Shrimps, prawns",1553,Crustaceans,4,Fish and other fishing products,43,"Crustaceans, live, fresh or chilled",435,"Cold-water shrimps and prawns (Pandalus spp., Crangon crangon), live, fresh or chilled"
CGM,"Africa-bighead catfish, hybrid",1,Freshwater fishes,13,Miscellaneous freshwater fishes,1501,Freshwater and Diadromous Fish,4,Fish and other fishing products,42,"Fish live, fresh or chilled for human consumption",421,"Freshwater fish, live, fresh or chilled"
PJC,African armoured searobin,3,Marine fishes,34,Miscellaneous demersal fishes,1514,Demersal Marine Fish,4,Fish and other fishing products,42,"Fish live, fresh or chilled for human consumption",429,"Other fish, live, fresh or chilled"
HTN,African bonytongue,1,Freshwater fishes,13,Miscellaneous freshwater fishes,1501,Freshwater and Diadromous Fish,4,Fish and other fishing products,42,"Fish live, fresh or chilled for human consumption",421,"Freshwater fish, live, fresh or chilled"
LJE,African brown snapper,3,Marine fishes,33,Miscellaneous coastal fishes,1514,Demersal Marine Fish,4,Fish and other fishing products,42,"Fish live, fresh or chilled for human consumption",429,"Other fish, live, fresh or chilled"
JBZ,African bullhead,1,Freshwater fishes,13,Miscellaneous freshwater fishes,1501,Freshwater and Diadromous Fish,4,Fish and other fishing products,42,"Fish live, fresh or chilled for human consumption",421,"Freshwater fish, live, fresh or chilled"
HIY,African butter catfish,1,Freshwater fishes,13,Miscellaneous freshwater fishes,1501,Freshwater and Diadromous Fish,4,Fish and other fishing products,42,"Fish live, fresh or chilled for human consumption",421,"Freshwater fish, live, fresh or chilled"
HEB,African catfish,1,Freshwater fishes,13,Miscellaneous freshwater fishes,1501,Freshwater and Diadromous Fish,4,Fish and other fishing products,42,"Fish live, fresh or chilled for human consumption",421,"Freshwater fish, live, fresh or chilled"
EJB,African cuttlefish,5,Molluscs,57,"Squids, cuttlefishes, octopuses",1570,Cephalopods,4,Fish and other fishing products,44,"Molluscs live, fresh or chilled",446,"Cuttlefish and squid, live, fresh or chilled"
AFK,African forktail snapper,3,Marine fishes,33,Miscellaneous coastal fishes,1514,Demersal Marine Fish,4,Fish and other fishing products,42,"Fish live, fresh or chilled for human consumption",429,"Other fish, live, fresh or chilled"
FLU,African lungfishes,1,Freshwater fishes,13,Miscellaneous freshwater fishes,1501,Freshwater and Diadromous Fish,4,Fish and other fishing products,42,"Fish live, fresh or chilled for human consumption",421,"Freshwater fish, live, fresh or chilled"
YGT,African matchbox crab,4,Crustaceans,42,"Crabs, sea-spiders",1553,Crustaceans,4,Fish and other fishing products,43,"Crustaceans, live, fresh or chilled",431,"Crabs, live, fresh or chilled"
LUK,African moonfish,3,Marine fishes,37,Miscellaneous pelagic fishes,1527,Pelagic Marine Fish,4,Fish and other fishing products,42,"Fish live, fresh or chilled for human consumption",426,"Other pelagic fish, live, fresh or chilled"
QFW,African obscure snakehead,1,Freshwater fishes,13,Miscellaneous freshwater fishes,1501,Freshwater and Diadromous Fish,4,Fish and other fishing products,42,"Fish live, fresh or chilled for human consumption",421,"Freshwater fish, live, fresh or chilled"
LIJ,African pompano,3,Marine fishes,37,Miscellaneous pelagic fishes,1527,Pelagic Marine Fish,4,Fish and other fishing products,42,"Fish live, fresh or chilled for human consumption",426,"Other pelagic fish, live, fresh or chilled"
LJA,African red snapper,3,Marine fishes,33,Miscellaneous coastal fishes,1514,Demersal Marine Fish,4,Fish and other fishing products,42,"Fish live, fresh or chilled for human consumption",429,"Other fish, live, fresh or chilled"
VBE,African scraping feeder,1,Freshwater fishes,11,"Carps, barbels and other cyprinids",1501,Freshwater and Diadromous Fish,4,Fish and other fishing products,42,"Fish live, fresh or chilled for human consumption",421,"Freshwater fish, live, fresh or chilled"
SIC,African sicklefish,3,Marine fishes,33,Miscellaneous coastal fishes,1514,Demersal Marine Fish,4,Fish and other fishing products,42,"Fish live, fresh or chilled for human consumption",429,"Other fish, live, fresh or chilled"
VNC,African solenette,3,Marine fishes,31,"Flounders, halibuts, soles",1514,Demersal Marine Fish,4,Fish and other fishing products,42,"Fish live, fresh or chilled for human consumption",423,"Flatfish, live, fresh or chilled"
TDO,African spadefish,3,Marine fishes,33,Miscellaneous coastal fishes,1514,Demersal Marine Fish,4,Fish and other fishing products,42,"Fish live, fresh or chilled for human consumption",429,"Other fish, live, fresh or chilled"
OUK,African squid,5,Molluscs,57,"Squids, cuttlefishes, octopuses",1570,Cephalopods,4,Fish and other fishing products,44,"Molluscs live, fresh or chilled",446,"Cuttlefish and squid, live, fresh or chilled"
GRA,African striped grunt,3,Marine fishes,33,Miscellaneous coastal fishes,1514,Demersal Marine Fish,4,Fish and other fishing products,42,"Fish live, fresh or chilled for human consumption",429,"Other fish, live, fresh or chilled"
HPU,Aimara,1,Freshwater fishes,13,Miscellaneous freshwater fishes,1501,Freshwater and Diadromous Fish,4,Fish and other fishing products,42,"Fish live, fresh or chilled for human consumption",421,"Freshwater fish, live, fresh or chilled"
COJ,Aka coral,8,Miscellaneous aquatic animal products,82,Corals,,,4,Fish and other fishing products,49,Other aquatic plants and animals,491,"Coral and similar products, shells of molluscs, crustaceans or echinoderms and cuttle-bone; live aquatic plants and animals for ornamental purpose"
AKS,Akiami paste shrimp,4,Crustaceans,45,"Shrimps, prawns",1553,Crustaceans,4,Fish and other fishing products,43,"Crustaceans, live, fresh or chilled",436,"Other shrimps and prawns, live, fresh or chilled"
ALP,Alaska plaice,3,Marine fishes,31,"Flounders, halibuts, soles",1514,Demersal Marine Fish,4,Fish and other fishing products,42,"Fish live, fresh or chilled for human consumption",423,"Flatfish, live, fresh or chilled"
ALK,Alaska pollock(=Walleye poll.),3,Marine fishes,32,"Cods, hakes, haddocks",1514,Demersal Marine Fish,4,Fish and other fishing products,42,"Fish live, fresh or chilled for human consumption",424,"Fish of Gadiformes, live, fresh or chilled"
ALB,Albacore,3,Marine fishes,36,"Tunas, bonitos, billfishes",1527,Pelagic Marine Fish,4,Fish and other fishing products,42,"Fish live, fresh or chilled for human consumption",425,"Tunas, skipjack or stripe-bellied bonito, live, fresh or chilled"
AEB,[Alestes baremoze],1,Freshwater fishes,13,Miscellaneous freshwater fishes,1501,Freshwater and Diadromous Fish,4,Fish and other fishing products,42,"Fish live, fresh or chilled for human consumption",421,"Freshwater fish, live, fresh or chilled"
XAE,[Alestes spp],1,Freshwater fishes,13,Miscellaneous freshwater fishes,1501,Freshwater and Diadromous Fish,4,Fish and other fishing products,42,"Fish live, fresh or chilled for human consumption",421,"Freshwater fish, live, fresh or chilled"
ALE,Alewife,2,Diadromous fishes,24,Shads,1501,Freshwater and Diadromous Fish,4,Fish and other fishing products,42,"Fish live, fresh or chilled for human consumption",429,"Other fish, live, fresh or chilled"
ALA,Alexandria pompano,3,Marine fishes,37,Miscellaneous pelagic fishes,1527,Pelagic Marine Fish,4,Fish and other fishing products,42,"Fish live, fresh or chilled for human consumption",426,"Other pelagic fish, live, fresh or chilled"
BXD,Alfonsino,3,Marine fishes,34,Miscellaneous demersal fishes,1514,Demersal Marine Fish,4,Fish and other fishing products,42,"Fish live, fresh or chilled for human consumption",429,"Other fish, live, fresh or chilled"
BRX,"Alfonsinos, etc. NEI",3,Marine fishes,34,Miscellaneous demersal fishes,1514,Demersal Marine Fish,4,Fish and other fishing products,42,"Fish live, fresh or chilled for human consumption",429,"Other fish, live, fresh or chilled"
ALF,Alfonsinos NEI,3,Marine fishes,34,Miscellaneous demersal fishes,1514,Demersal Marine Fish,4,Fish and other fishing products,42,"Fish live, fresh or chilled for human consumption",429,"Other fish, live, fresh or chilled"
BBK,Algerian barb,1,Freshwater fishes,11,"Carps, barbels and other cyprinids",1501,Freshwater and Diadromous Fish,4,Fish and other fishing products,42,"Fish live, fresh or chilled for human consumption",421,"Freshwater fish, live, fresh or chilled"
LLS,Alligator gar,1,Freshwater fishes,13,Miscellaneous freshwater fishes,1501,Freshwater and Diadromous Fish,4,Fish and other fishing products,42,"Fish live, fresh or chilled for human consumption",421,"Freshwater fish, live, fresh or chilled"
SHD,Allis and twaite shads,2,Diadromous fishes,24,Shads,1501,Freshwater and Diadromous Fish,4,Fish and other fishing products,42,"Fish live, fresh or chilled for human consumption",429,"Other fish, live, fresh or chilled"
ASD,Allis shad,2,Diadromous fishes,24,Shads,1501,Freshwater and Diadromous Fish,4,Fish and other fishing products,42,"Fish live, fresh or chilled for human consumption",429,"Other fish, live, fresh or chilled"
OUW,Alloteuthis squids NEI,5,Molluscs,57,"Squids, cuttlefishes, octopuses",1570,Cephalopods,4,Fish and other fishing products,44,"Molluscs live, fresh or chilled",446,"Cuttlefish and squid, live, fresh or chilled"
SEW,Amazonian manatee,6,"Whales, seals and other aquatic mammals",64,Miscellaneous aquatic mammals,1579,Aquatic Mammals,,,,,,
QYP,Amazon sailfin catfish,1,Freshwater fishes,13,Miscellaneous freshwater fishes,1501,Freshwater and Diadromous Fish,4,Fish and other fishing products,42,"Fish live, fresh or chilled for human consumption",421,"Freshwater fish, live, fresh or chilled"
AMX,Amberjacks NEI,3,Marine fishes,37,Miscellaneous pelagic fishes,1527,Pelagic Marine Fish,4,Fish and other fishing products,42,"Fish live, fresh or chilled for human consumption",426,"Other pelagic fish, live, fresh or chilled"
AGM,American alligator,7,Miscellaneous aquatic animals,73,Crocodiles and alligators,,,,,,,,
ANG,American angler,3,Marine fishes,34,Miscellaneous demersal fishes,1514,Demersal Marine Fish,4,Fish and other fishing products,42,"Fish live, fresh or chilled for human consumption",429,"Other fish, live, fresh or chilled"
FOK,American bull frog,7,Miscellaneous aquatic animals,71,Frogs and other amphibians,1587,Aquatic Animals NEI,,,,,,
COA,American conger,3,Marine fishes,34,Miscellaneous demersal fishes,1514,Demersal Marine Fish,4,Fish and other fishing products,42,"Fish live, fresh or chilled for human consumption",429,"Other fish, live, fresh or chilled"
YUU,American crocodile,7,Miscellaneous aquatic animals,73,Crocodiles and alligators,,,,,,,,
OYA,American cupped oyster,5,Molluscs,53,Oysters,1562,Molluscs excl. Cephalopods,4,Fish and other fishing products,44,"Molluscs live, fresh or chilled",442,"Oysters, live, fresh or chilled"
ELA,American eel,2,Diadromous fishes,22,River eels,1501,Freshwater and Diadromous Fish,4,Fish and other fishing products,42,"Fish live, fresh or chilled for human consumption",429,"Other fish, live, fresh or chilled"
SHG,American gizzard shad,2,Diadromous fishes,24,Shads,1501,Freshwater and Diadromous Fish,4,Fish and other fishing products,42,"Fish live, fresh or chilled for human consumption",429,"Other fish, live, fresh or chilled"
ERP,American harvestfish,3,Marine fishes,37,Miscellaneous pelagic fishes,1527,Pelagic Marine Fish,4,Fish and other fishing products,42,"Fish live, fresh or chilled for human consumption",426,"Other pelagic fish, live, fresh or chilled"
LBA,American lobster,4,Crustaceans,43,"Lobsters, spiny-rock lobsters",1553,Crustaceans,4,Fish and other fishing products,43,"Crustaceans, live, fresh or chilled",433,"Lobsters (Homarus spp.), live, fresh or chilled"
AVM,American sand lance,3,Marine fishes,33,Miscellaneous coastal fishes,1514,Demersal Marine Fish,4,Fish and other fishing products,42,"Fish live, fresh or chilled for human consumption",429,"Other fish, live, fresh or chilled"
SCA,American sea scallop,5,Molluscs,55,"Scallops, pectens",1562,Molluscs excl. Cephalopods,4,Fish and other fishing products,44,"Molluscs live, fresh or chilled",444,"Scallops, live, fresh or chilled"
SHA,American shad,2,Diadromous fishes,24,Shads,1501,Freshwater and Diadromous Fish,4,Fish and other fishing products,42,"Fish live, fresh or chilled for human consumption",429,"Other fish, live, fresh or chilled"
TIX,American yellow cockle,5,Molluscs,56,"Clams, cockles, arkshells",1562,Molluscs excl. Cephalopods,4,Fish and other fishing products,44,"Molluscs live, fresh or chilled",445,"Clams, cockles and ark shells, live, fresh or chilled"
FPY,American yellow perch,1,Freshwater fishes,13,Miscellaneous freshwater fishes,1501,Freshwater and Diadromous Fish,4,Fish and other fishing products,42,"Fish live, fresh or chilled for human consumption",421,"Freshwater fish, live, fresh or chilled"
PLA,Amer. plaice(=Long rough dab),3,Marine fishes,31,"Flounders, halibuts, soles",1514,Demersal Marine Fish,4,Fish and other fishing products,42,"Fish live, fresh or chilled for human consumption",423,"Flatfish, live, fresh or chilled"
SRO,Amur catfish,1,Freshwater fishes,13,Miscellaneous freshwater fishes,1501,Freshwater and Diadromous Fish,4,Fish and other fishing products,42,"Fish live, fresh or chilled for human consumption",421,"Freshwater fish, live, fresh or chilled"
BLS,Anadara clams NEI,5,Molluscs,56,"Clams, cockles, arkshells",1562,Molluscs excl. Cephalopods,4,Fish and other fishing products,44,"Molluscs live, fresh or chilled",445,"Clams, cockles and ark shells, live, fresh or chilled"
VET,Anchoveta(=Peruvian anchovy),3,Marine fishes,35,"Herrings, sardines, anchovies",1527,Pelagic Marine Fish,4,Fish and other fishing products,42,"Fish live, fresh or chilled for human consumption",426,"Other pelagic fish, live, fresh or chilled"
ANX,"Anchovies, etc. NEI",3,Marine fishes,35,"Herrings, sardines, anchovies",1527,Pelagic Marine Fish,4,Fish and other fishing products,42,"Fish live, fresh or chilled for human consumption",426,"Other pelagic fish, live, fresh or chilled"
ENR,Anchovies NEI,3,Marine fishes,35,"Herrings, sardines, anchovies",1527,Pelagic Marine Fish,4,Fish and other fishing products,42,"Fish live, fresh or chilled for human consumption",426,"Other pelagic fish, live, fresh or chilled"
NEA,Andaman lobster,4,Crustaceans,43,"Lobsters, spiny-rock lobsters",1553,Crustaceans,4,Fish and other fishing products,43,"Crustaceans, live, fresh or chilled",439,"Other crustaceans, live, fresh or chilled"
ANW,Angelfishes NEI,3,Marine fishes,33,Miscellaneous coastal fishes,1514,Demersal Marine Fish,4,Fish and other fishing products,42,"Fish live, fresh or chilled for human consumption",429,"Other fish, live, fresh or chilled"
AGN,Angelshark,3,Marine fishes,38,"Sharks, rays, chimaeras",1514,Demersal Marine Fish,4,Fish and other fishing products,42,"Fish live, fresh or chilled for human consumption",429,"Other fish, live, fresh or chilled"
RNZ,Angelsharks NEI,3,Marine fishes,38,"Sharks, rays, chimaeras",1514,Demersal Marine Fish,4,Fish and other fishing products,42,"Fish live, fresh or chilled for human consumption",429,"Other fish, live, fresh or chilled"
ASK,"Angelsharks, sand devils NEI",3,Marine fishes,38,"Sharks, rays, chimaeras",1514,Demersal Marine Fish,4,Fish and other fishing products,42,"Fish live, fresh or chilled for human consumption",429,"Other fish, live, fresh or chilled"
CSE,Angel skin coral,8,Miscellaneous aquatic animal products,82,Corals,,,4,Fish and other fishing products,49,Other aquatic plants and animals,491,"Coral and similar products, shells of molluscs, crustaceans or echinoderms and cuttle-bone; live aquatic plants and animals for ornamental purpose"
ANF,Anglerfishes NEI,3,Marine fishes,34,Miscellaneous demersal fishes,1514,Demersal Marine Fish,4,Fish and other fishing products,42,"Fish live, fresh or chilled for human consumption",429,"Other fish, live, fresh or chilled"
MON,Angler(=Monk),3,Marine fishes,34,Miscellaneous demersal fishes,1514,Demersal Marine Fish,4,Fish and other fishing products,42,"Fish live, fresh or chilled for human consumption",429,"Other fish, live, fresh or chilled"
DEA,Angolan dentex,3,Marine fishes,33,Miscellaneous coastal fishes,1514,Demersal Marine Fish,4,Fish and other fishing products,42,"Fish live, fresh or chilled for human consumption",429,"Other fish, live, fresh or chilled"
SQG,Angolan flying squid,5,Molluscs,57,"Squids, cuttlefishes, octopuses",1570,Cephalopods,4,Fish and other fishing products,44,"Molluscs live, fresh or chilled",446,"Cuttlefish and squid, live, fresh or chilled"
SSW,Angola rockfish,3,Marine fishes,34,Miscellaneous demersal fishes,1514,Demersal Marine Fish,4,Fish and other fishing products,42,"Fish live, fresh or chilled for human consumption",429,"Other fish, live, fresh or chilled"
OXY,Angular roughshark,3,Marine fishes,38,"Sharks, rays, chimaeras",1514,Demersal Marine Fish,4,Fish and other fishing products,42,"Fish live, fresh or chilled for human consumption",429,"Other fish, live, fresh or chilled"
ZDF,Angulate volute,5,Molluscs,52,"Abalones, winkles, conchs",1562,Molluscs excl. Cephalopods,4,Fish and other fishing products,44,"Molluscs live, fresh or chilled",449,"Other molluscs, live, fresh or chilled"
HNS,[Anisotremus scapularis],3,Marine fishes,33,Miscellaneous coastal fishes,1514,Demersal Marine Fish,4,Fish and other fishing products,42,"Fish live, fresh or chilled for human consumption",429,"Other fish, live, fresh or chilled"
ANN,Annular seabream,3,Marine fishes,33,Miscellaneous coastal fishes,1514,Demersal Marine Fish,4,Fish and other fishing products,42,"Fish live, fresh or chilled for human consumption",429,"Other fish, live, fresh or chilled"
NUQ,Anomuran decapods NEI,4,Crustaceans,44,"King crabs, squat-lobsters",1553,Crustaceans,4,Fish and other fishing products,43,"Crustaceans, live, fresh or chilled",439,"Other crustaceans, live, fresh or chilled"
OIA,[Anostomoides atrianalis],1,Freshwater fishes,13,Miscellaneous freshwater fishes,1501,Freshwater and Diadromous Fish,4,Fish and other fishing products,42,"Fish live, fresh or chilled for human consumption",421,"Freshwater fish, live, fresh or chilled"
MMM,Antarctic armless flounder,3,Marine fishes,31,"Flounders, halibuts, soles",1514,Demersal Marine Fish,4,Fish and other fishing products,42,"Fish live, fresh or chilled for human consumption",423,"Flatfish, live, fresh or chilled"
TEZ,Antarctic escolar,3,Marine fishes,34,Miscellaneous demersal fishes,1514,Demersal Marine Fish,4,Fish and other fishing products,42,"Fish live, fresh or chilled for human consumption",429,"Other fish, live, fresh or chilled"
TFP,Antarctic flying squid,5,Molluscs,57,"Squids, cuttlefishes, octopuses",1570,Cephalopods,4,Fish and other fishing products,44,"Molluscs live, fresh or chilled",446,"Cuttlefish and squid, live, fresh or chilled"
ZSP,Antarctic horsefish,3,Marine fishes,34,Miscellaneous demersal fishes,1514,Demersal Marine Fish,4,Fish and other fishing products,42,"Fish live, fresh or chilled for human consumption",429,"Other fish, live, fresh or chilled"
NTO,Antarctic jonasfish,3,Marine fishes,34,Miscellaneous demersal fishes,1514,Demersal Marine Fish,4,Fish and other fishing products,42,"Fish live, fresh or chilled for human consumption",429,"Other fish, live, fresh or chilled"
KRI,Antarctic krill,4,Crustaceans,46,"Krill, planktonic crustaceans",1553,Crustaceans,4,Fish and other fishing products,43,"Crustaceans, live, fresh or chilled",439,"Other crustaceans, live, fresh or chilled"
PRD,Antarctic octopuses,5,Molluscs,57,"Squids, cuttlefishes, octopuses",1570,Cephalopods,4,Fish and other fishing products,44,"Molluscs live, fresh or chilled",447,"Octopus, live, fresh or chilled"
NOX,"Antarctic rockcods, noties NEI",3,Marine fishes,33,Miscellaneous coastal fishes,1514,Demersal Marine Fish,4,Fish and other fishing products,42,"Fish live, fresh or chilled for human consumption",429,"Other fish, live, fresh or chilled"
ANS,Antarctic silverfish,3,Marine fishes,33,Miscellaneous coastal fishes,1514,Demersal Marine Fish,4,Fish and other fishing products,42,"Fish live, fresh or chilled for human consumption",429,"Other fish, live, fresh or chilled"
SRR,Antarctic starry skate,3,Marine fishes,38,"Sharks, rays, chimaeras",1514,Demersal Marine Fish,4,Fish and other fishing products,42,"Fish live, fresh or chilled for human consumption",429,"Other fish, live, fresh or chilled"
KCV,Antarctic stone crab,4,Crustaceans,44,"King crabs, squat-lobsters",1553,Crustaceans,4,Fish and other fishing products,43,"Crustaceans, live, fresh or chilled",439,"Other crustaceans, live, fresh or chilled"
TOA,Antarctic toothfish,3,Marine fishes,34,Miscellaneous demersal fishes,1514,Demersal Marine Fish,4,Fish and other fishing products,42,"Fish live, fresh or chilled for human consumption",429,"Other fish, live, fresh or chilled"
WAG,[Anthothela grandiflora],8,Miscellaneous aquatic animal products,82,Corals,,,4,Fish and other fishing products,49,Other aquatic plants and animals,491,"Coral and similar products, shells of molluscs, crustaceans or echinoderms and cuttle-bone; live aquatic plants and animals for ornamental purpose"
AJH,[Anthozoa],8,Miscellaneous aquatic animal products,82,Corals,,,4,Fish and other fishing products,49,Other aquatic plants and animals,491,"Coral and similar products, shells of molluscs, crustaceans or echinoderms and cuttle-bone; live aquatic plants and animals for ornamental purpose"
BOX,[Aphanopus spp],3,Marine fishes,34,Miscellaneous demersal fishes,1514,Demersal Marine Fish,4,Fish and other fishing products,42,"Fish live, fresh or chilled for human consumption",429,"Other fish, live, fresh or chilled"
FPJ,[Aplodactylus punctatus],3,Marine fishes,33,Miscellaneous coastal fishes,1514,Demersal Marine Fish,4,Fish and other fishing products,42,"Fish live, fresh or chilled for human consumption",429,"Other fish, live, fresh or chilled"
INV,Aquatic invertebrates NEI,7,Miscellaneous aquatic animals,77,Miscellaneous aquatic invertebrates,1587,Aquatic Animals NEI,4,Fish and other fishing products,45,"Other aquatic invertebrates, live, fresh or chilled",459,"Other aquatic invertebrates, live, fresh or chilled, n.e.c."
APL,Aquatic plants NEI,9,Aquatic plants,94,Miscellaneous aquatic plants,1594,Aquatic Plants,4,Fish and other fishing products,49,Other aquatic plants and animals,493,"Seaweeds and other algae, fresh, frozen or dried, whether or not ground"
URW,Arabian whip lobster,4,Crustaceans,43,"Lobsters, spiny-rock lobsters",1553,Crustaceans,4,Fish and other fishing products,43,"Crustaceans, live, fresh or chilled",432,"Rock lobster and other sea crawfish, live, fresh or chilled"
ARP,Arapaima,1,Freshwater fishes,13,Miscellaneous freshwater fishes,1501,Freshwater and Diadromous Fish,4,Fish and other fishing products,42,"Fish live, fresh or chilled for human consumption",421,"Freshwater fish, live, fresh or chilled"
CKI,Araucanian herring,3,Marine fishes,35,"Herrings, sardines, anchovies",1527,Pelagic Marine Fish,4,Fish and other fishing products,42,"Fish live, fresh or chilled for human consumption",426,"Other pelagic fish, live, fresh or chilled"
OOB,Arawana,1,Freshwater fishes,13,Miscellaneous freshwater fishes,1501,Freshwater and Diadromous Fish,4,Fish and other fishing products,42,"Fish live, fresh or chilled for human consumption",421,"Freshwater fish, live, fresh or chilled"
EQK,Arched razor shell,5,Molluscs,56,"Clams, cockles, arkshells",1562,Molluscs excl. Cephalopods,4,Fish and other fishing products,44,"Molluscs live, fresh or chilled",445,"Clams, cockles and ark shells, live, fresh or chilled"
LQA,Arched swimming crab,4,Crustaceans,42,"Crabs, sea-spiders",1553,Crustaceans,4,Fish and other fishing products,43,"Crustaceans, live, fresh or chilled",431,"Crabs, live, fresh or chilled"
ACH,Arctic char,2,Diadromous fishes,23,"Salmons, trouts, smelts",1501,Freshwater and Diadromous Fish,4,Fish and other fishing products,42,"Fish live, fresh or chilled for human consumption",422,"Salmonidae, live, fresh or chilled"
RJG,Arctic skate,3,Marine fishes,38,"Sharks, rays, chimaeras",1514,Demersal Marine Fish,4,Fish and other fishing products,42,"Fish live, fresh or chilled for human consumption",429,"Other fish, live, fresh or chilled"
EPR,Areolate grouper,3,Marine fishes,33,Miscellaneous coastal fishes,1514,Demersal Marine Fish,4,Fish and other fishing products,42,"Fish live, fresh or chilled for human consumption",429,"Other fish, live, fresh or chilled"
ARE,[Argentina elongata],3,Marine fishes,34,Miscellaneous demersal fishes,1514,Demersal Marine Fish,4,Fish and other fishing products,42,"Fish live, fresh or chilled for human consumption",429,"Other fish, live, fresh or chilled"
ARY,Argentine,3,Marine fishes,34,Miscellaneous demersal fishes,1514,Demersal Marine Fish,4,Fish and other fishing products,42,"Fish live, fresh or chilled for human consumption",429,"Other fish, live, fresh or chilled"
ANA,Argentine anchovy,3,Marine fishes,35,"Herrings, sardines, anchovies",1527,Pelagic Marine Fish,4,Fish and other fishing products,42,"Fish live, fresh or chilled for human consumption",426,"Other pelagic fish, live, fresh or chilled"
SUG,Argentine angelshark,3,Marine fishes,38,"Sharks, rays, chimaeras",1514,Demersal Marine Fish,4,Fish and other fishing products,42,"Fish live, fresh or chilled for human consumption",429,"Other fish, live, fresh or chilled"
COS,Argentine conger,3,Marine fishes,34,Miscellaneous demersal fishes,1514,Demersal Marine Fish,4,Fish and other fishing products,42,"Fish live, fresh or chilled for human consumption",429,"Other fish, live, fresh or chilled"
CKY,Argentine croaker,3,Marine fishes,33,Miscellaneous coastal fishes,1514,Demersal Marine Fish,4,Fish and other fishing products,42,"Fish live, fresh or chilled for human consumption",429,"Other fish, live, fresh or chilled"
MWU,Argentine goatfish,3,Marine fishes,33,Miscellaneous coastal fishes,1514,Demersal Marine Fish,4,Fish and other fishing products,42,"Fish live, fresh or chilled for human consumption",429,"Other fish, live, fresh or chilled"
HKP,Argentine hake,3,Marine fishes,32,"Cods, hakes, haddocks",1514,Demersal Marine Fish,4,Fish and other fishing products,42,"Fish live, fresh or chilled for human consumption",424,"Fish of Gadiformes, live, fresh or chilled"
MHP,Argentine menhaden,3,Marine fishes,35,"Herrings, sardines, anchovies",1527,Pelagic Marine Fish,4,Fish and other fishing products,42,"Fish live, fresh or chilled for human consumption",426,"Other pelagic fish, live, fresh or chilled"
LAA,Argentine red shrimp,4,Crustaceans,45,"Shrimps, prawns",1553,Crustaceans,4,Fish and other fishing products,43,"Crustaceans, live, fresh or chilled",436,"Other shrimps and prawns, live, fresh or chilled"
ARG,Argentines,3,Marine fishes,34,Miscellaneous demersal fishes,1514,Demersal Marine Fish,4,Fish and other fishing products,42,"Fish live, fresh or chilled for human consumption",429,"Other fish, live, fresh or chilled"
BSZ,Argentine seabass,3,Marine fishes,33,Miscellaneous coastal fishes,1514,Demersal Marine Fish,4,Fish and other fishing products,42,"Fish live, fresh or chilled for human consumption",429,"Other fish, live, fresh or chilled"
SQA,Argentine shortfin squid,5,Molluscs,57,"Squids, cuttlefishes, octopuses",1570,Cephalopods,4,Fish and other fishing products,44,"Molluscs live, fresh or chilled",446,"Cuttlefish and squid, live, fresh or chilled"
JXX,Argentines NEI,3,Marine fishes,34,Miscellaneous demersal fishes,1514,Demersal Marine Fish,4,Fish and other fishing products,42,"Fish live, fresh or chilled for human consumption",429,"Other fish, live, fresh or chilled"
ASH,Argentine stiletto shrimp,4,Crustaceans,45,"Shrimps, prawns",1553,Crustaceans,4,Fish and other fishing products,43,"Crustaceans, live, fresh or chilled",436,"Other shrimps and prawns, live, fresh or chilled"
UPR,Argentinian sandperch,3,Marine fishes,33,Miscellaneous coastal fishes,1514,Demersal Marine Fish,4,Fish and other fishing products,42,"Fish live, fresh or chilled for human consumption",429,"Other fish, live, fresh or chilled"
BCB,Argentinian silverside,1,Freshwater fishes,13,Miscellaneous freshwater fishes,1501,Freshwater and Diadromous Fish,4,Fish and other fishing products,42,"Fish live, fresh or chilled for human consumption",421,"Freshwater fish, live, fresh or chilled"
ARI,Aristeid shrimps NEI,4,Crustaceans,45,"Shrimps, prawns",1553,Crustaceans,4,Fish and other fishing products,43,"Crustaceans, live, fresh or chilled",436,"Other shrimps and prawns, live, fresh or chilled"
AXR,Aristeus shrimps NEI,4,Crustaceans,45,"Shrimps, prawns",1553,Crustaceans,4,Fish and other fishing products,43,"Crustaceans, live, fresh or chilled",436,"Other shrimps and prawns, live, fresh or chilled"
AWX,[Arius spp],3,Marine fishes,33,Miscellaneous coastal fishes,1514,Demersal Marine Fish,4,Fish and other fishing products,42,"Fish live, fresh or chilled for human consumption",429,"Other fish, live, fresh or chilled"
ARK,Ark clams NEI,5,Molluscs,56,"Clams, cockles, arkshells",1562,Molluscs excl. Cephalopods,4,Fish and other fishing products,44,"Molluscs live, fresh or chilled",445,"Clams, cockles and ark shells, live, fresh or chilled"
BWG,Armed grunt,3,Marine fishes,33,Miscellaneous coastal fishes,1514,Demersal Marine Fish,4,Fish and other fishing products,42,"Fish live, fresh or chilled for human consumption",429,"Other fish, live, fresh or chilled"
HKF,Armed nylon shrimp,4,Crustaceans,45,"Shrimps, prawns",1553,Crustaceans,4,Fish and other fishing products,43,"Crustaceans, live, fresh or chilled",435,"Cold-water shrimps and prawns (Pandalus spp., Crangon crangon), live, fresh or chilled"
EPU,Armed snook,3,Marine fishes,33,Miscellaneous coastal fishes,1514,Demersal Marine Fish,4,Fish and other fishing products,42,"Fish live, fresh or chilled for human consumption",429,"Other fish, live, fresh or chilled"
AWW,Armless snake eel,3,Marine fishes,33,Miscellaneous coastal fishes,1514,Demersal Marine Fish,4,Fish and other fishing products,42,"Fish live, fresh or chilled for human consumption",429,"Other fish, live, fresh or chilled"
SDU,Arrowhead dogfish,3,Marine fishes,38,"Sharks, rays, chimaeras",1514,Demersal Marine Fish,4,Fish and other fishing products,42,"Fish live, fresh or chilled for human consumption",429,"Other fish, live, fresh or chilled"
LKO,Arrow shrimp,4,Crustaceans,45,"Shrimps, prawns",1553,Crustaceans,4,Fish and other fishing products,43,"Crustaceans, live, fresh or chilled",435,"Cold-water shrimps and prawns (Pandalus spp., Crangon crangon), live, fresh or chilled"
ARF,Arrowtooth flounder,3,Marine fishes,31,"Flounders, halibuts, soles",1514,Demersal Marine Fish,4,Fish and other fishing products,42,"Fish live, fresh or chilled for human consumption",423,"Flatfish, live, fresh or chilled"
ULL,[Arthrospira platensis],9,Aquatic plants,94,Miscellaneous aquatic plants,1594,Aquatic Plants,4,Fish and other fishing products,49,Other aquatic plants and animals,493,"Seaweeds and other algae, fresh, frozen or dried, whether or not ground"
SSX,Ascidiaceans NEI,7,Miscellaneous aquatic animals,74,Sea-squirts and other tunicates,1587,Aquatic Animals NEI,4,Fish and other fishing products,45,"Other aquatic invertebrates, live, fresh or chilled",459,"Other aquatic invertebrates, live, fresh or chilled, n.e.c."
FAB,Asian barbs NEI,1,Freshwater fishes,11,"Carps, barbels and other cyprinids",1501,Freshwater and Diadromous Fish,4,Fish and other fishing products,42,"Fish live, fresh or chilled for human consumption",421,"Freshwater fish, live, fresh or chilled"
OHB,Asian bonytongue,1,Freshwater fishes,13,Miscellaneous freshwater fishes,1501,Freshwater and Diadromous Fish,4,Fish and other fishing products,42,"Fish live, fresh or chilled for human consumption",421,"Freshwater fish, live, fresh or chilled"
CMA,Asian clam,5,Molluscs,51,Freshwater molluscs,1562,Molluscs excl. Cephalopods,4,Fish and other fishing products,44,"Molluscs live, fresh or chilled",445,"Clams, cockles and ark shells, live, fresh or chilled"
MYN,Asian redtail catfish,1,Freshwater fishes,13,Miscellaneous freshwater fishes,1501,Freshwater and Diadromous Fish,4,Fish and other fishing products,42,"Fish live, fresh or chilled for human consumption",421,"Freshwater fish, live, fresh or chilled"
FLT,Asian swamp eel,1,Freshwater fishes,13,Miscellaneous freshwater fishes,1501,Freshwater and Diadromous Fish,4,Fish and other fishing products,42,"Fish live, fresh or chilled for human consumption",421,"Freshwater fish, live, fresh or chilled"
ASU,Asp,1,Freshwater fishes,11,"Carps, barbels and other cyprinids",1501,Freshwater and Diadromous Fish,4,Fish and other fishing products,42,"Fish live, fresh or chilled for human consumption",421,"Freshwater fish, live, fresh or chilled"
RCJ,[Astatoreochromis alluaudi],1,Freshwater fishes,12,Tilapias and other cichlids,1501,Freshwater and Diadromous Fish,4,Fish and other fishing products,42,"Fish live, fresh or chilled for human consumption",421,"Freshwater fish, live, fresh or chilled"
GKF,[Asterfilopsis furcellata],9,Aquatic plants,92,Red seaweeds,1594,Aquatic Plants,4,Fish and other fishing products,49,Other aquatic plants and animals,493,"Seaweeds and other algae, fresh, frozen or dried, whether or not ground"
HSR,Atipa,1,Freshwater fishes,13,Miscellaneous freshwater fishes,1501,Freshwater and Diadromous Fish,4,Fish and other fishing products,42,"Fish live, fresh or chilled for human consumption",421,"Freshwater fish, live, fresh or chilled"
HUM,Atka mackerel,3,Marine fishes,33,Miscellaneous coastal fishes,1514,Demersal Marine Fish,4,Fish and other fishing products,42,"Fish live, fresh or chilled for human consumption",429,"Other fish, live, fresh or chilled"
AVA,Atlantic anchoveta,3,Marine fishes,35,"Herrings, sardines, anchovies",1527,Pelagic Marine Fish,4,Fish and other fishing products,42,"Fish live, fresh or chilled for human consumption",426,"Other pelagic fish, live, fresh or chilled"
SCB,Atlantic bay scallop,5,Molluscs,55,"Scallops, pectens",1562,Molluscs excl. Cephalopods,4,Fish and other fishing products,44,"Molluscs live, fresh or chilled",444,"Scallops, live, fresh or chilled"
PQR,Atlantic bigeye,3,Marine fishes,33,Miscellaneous coastal fishes,1514,Demersal Marine Fish,4,Fish and other fishing products,42,"Fish live, fresh or chilled for human consumption",429,"Other fish, live, fresh or chilled"
BFT,Atlantic bluefin tuna,3,Marine fishes,36,"Tunas, bonitos, billfishes",1527,Pelagic Marine Fish,4,Fish and other fishing products,42,"Fish live, fresh or chilled for human consumption",425,"Tunas, skipjack or stripe-bellied bonito, live, fresh or chilled"
BON,Atlantic bonito,3,Marine fishes,36,"Tunas, bonitos, billfishes",1527,Pelagic Marine Fish,4,Fish and other fishing products,42,"Fish live, fresh or chilled for human consumption",426,"Other pelagic fish, live, fresh or chilled"
BUA,Atlantic bumper,3,Marine fishes,37,Miscellaneous pelagic fishes,1527,Pelagic Marine Fish,4,Fish and other fishing products,42,"Fish live, fresh or chilled for human consumption",426,"Other pelagic fish, live, fresh or chilled"
BUT,Atlantic butterfish,3,Marine fishes,37,Miscellaneous pelagic fishes,1527,Pelagic Marine Fish,4,Fish and other fishing products,42,"Fish live, fresh or chilled for human consumption",426,"Other pelagic fish, live, fresh or chilled"
VMA,Atlantic chub mackerel,3,Marine fishes,37,Miscellaneous pelagic fishes,1527,Pelagic Marine Fish,4,Fish and other fishing products,42,"Fish live, fresh or chilled for human consumption",426,"Other pelagic fish, live, fresh or chilled"
COD,Atlantic cod,3,Marine fishes,32,"Cods, hakes, haddocks",1514,Demersal Marine Fish,4,Fish and other fishing products,42,"Fish live, fresh or chilled for human consumption",424,"Fish of Gadiformes, live, fresh or chilled"
CKA,Atlantic croaker,3,Marine fishes,33,Miscellaneous coastal fishes,1514,Demersal Marine Fish,4,Fish and other fishing products,42,"Fish live, fresh or chilled for human consumption",429,"Other fish, live, fresh or chilled"
PVR,Atlantic ditch shrimp,4,Crustaceans,45,"Shrimps, prawns",1553,Crustaceans,4,Fish and other fishing products,43,"Crustaceans, live, fresh or chilled",436,"Other shrimps and prawns, live, fresh or chilled"
LTN,Atlantic emperor,3,Marine fishes,33,Miscellaneous coastal fishes,1514,Demersal Marine Fish,4,Fish and other fishing products,42,"Fish live, fresh or chilled for human consumption",429,"Other fish, live, fresh or chilled"
BPB,Atlantic fanfish,3,Marine fishes,37,Miscellaneous pelagic fishes,1527,Pelagic Marine Fish,4,Fish and other fishing products,42,"Fish live, fresh or chilled for human consumption",426,"Other pelagic fish, live, fresh or chilled"
EVZ,Atlantic flyingfish,3,Marine fishes,37,Miscellaneous pelagic fishes,1527,Pelagic Marine Fish,4,Fish and other fishing products,42,"Fish live, fresh or chilled for human consumption",426,"Other pelagic fish, live, fresh or chilled"
GOB,Atlantic gobies NEI,3,Marine fishes,33,Miscellaneous coastal fishes,1514,Demersal Marine Fish,4,Fish and other fishing products,42,"Fish live, fresh or chilled for human consumption",429,"Other fish, live, fresh or chilled"
CKZ,Atlantic goldeneye tilefish,3,Marine fishes,34,Miscellaneous demersal fishes,1514,Demersal Marine Fish,4,Fish and other fishing products,42,"Fish live, fresh or chilled for human consumption",429,"Other fish, live, fresh or chilled"
EET,Atlantic goliath grouper,3,Marine fishes,33,Miscellaneous coastal fishes,1514,Demersal Marine Fish,4,Fish and other fishing products,42,"Fish live, fresh or chilled for human consumption",429,"Other fish, live, fresh or chilled"
HAL,Atlantic halibut,3,Marine fishes,31,"Flounders, halibuts, soles",1514,Demersal Marine Fish,4,Fish and other fishing products,42,"Fish live, fresh or chilled for human consumption",423,"Flatfish, live, fresh or chilled"
HER,Atlantic herring,3,Marine fishes,35,"Herrings, sardines, anchovies",1527,Pelagic Marine Fish,4,Fish and other fishing products,42,"Fish live, fresh or chilled for human consumption",426,"Other pelagic fish, live, fresh or chilled"
HOM,Atlantic horse mackerel,3,Marine fishes,37,Miscellaneous pelagic fishes,1527,Pelagic Marine Fish,4,Fish and other fishing products,42,"Fish live, fresh or chilled for human consumption",426,"Other pelagic fish, live, fresh or chilled"
SDR,Atlantic lizardfish,3,Marine fishes,33,Miscellaneous coastal fishes,1514,Demersal Marine Fish,4,Fish and other fishing products,42,"Fish live, fresh or chilled for human consumption",429,"Other fish, live, fresh or chilled"
MAC,Atlantic mackerel,3,Marine fishes,37,Miscellaneous pelagic fishes,1527,Pelagic Marine Fish,4,Fish and other fishing products,42,"Fish live, fresh or chilled for human consumption",426,"Other pelagic fish, live, fresh or chilled"
MHA,Atlantic menhaden,3,Marine fishes,35,"Herrings, sardines, anchovies",1527,Pelagic Marine Fish,4,Fish and other fishing products,42,"Fish live, fresh or chilled for human consumption",426,"Other pelagic fish, live, fresh or chilled"
MOA,Atlantic moonfish,3,Marine fishes,37,Miscellaneous pelagic fishes,1527,Pelagic Marine Fish,4,Fish and other fishing products,42,"Fish live, fresh or chilled for human consumption",426,"Other pelagic fish, live, fresh or chilled"
SKM,Atlantic mud shrimp,4,Crustaceans,45,"Shrimps, prawns",1553,Crustaceans,4,Fish and other fishing products,43,"Crustaceans, live, fresh or chilled",436,"Other shrimps and prawns, live, fresh or chilled"
NFA,Atlantic needlefish,3,Marine fishes,37,Miscellaneous pelagic fishes,1527,Pelagic Marine Fish,4,Fish and other fishing products,42,"Fish live, fresh or chilled for human consumption",426,"Other pelagic fish, live, fresh or chilled"
POA,Atlantic pomfret,3,Marine fishes,37,Miscellaneous pelagic fishes,1527,Pelagic Marine Fish,4,Fish and other fishing products,42,"Fish live, fresh or chilled for human consumption",426,"Other pelagic fish, live, fresh or chilled"
PUA,Atlantic puffers NEI,3,Marine fishes,33,Miscellaneous coastal fishes,1514,Demersal Marine Fish,4,Fish and other fishing products,42,"Fish live, fresh or chilled for human consumption",429,"Other fish, live, fresh or chilled"
RED,Atlantic redfishes NEI,3,Marine fishes,34,Miscellaneous demersal fishes,1514,Demersal Marine Fish,4,Fish and other fishing products,42,"Fish live, fresh or chilled for human consumption",429,"Other fish, live, fresh or chilled"
GKD,Atlantic ribbed mussel,5,Molluscs,54,Mussels,1562,Molluscs excl. Cephalopods,4,Fish and other fishing products,44,"Molluscs live, fresh or chilled",443,"Mussels, live, fresh or chilled"
CRK,Atlantic rock crab,4,Crustaceans,42,"Crabs, sea-spiders",1553,Crustaceans,4,Fish and other fishing products,43,"Crustaceans, live, fresh or chilled",431,"Crabs, live, fresh or chilled"
EYO,Atlantic rubyfish,3,Marine fishes,34,Miscellaneous demersal fishes,1514,Demersal Marine Fish,4,Fish and other fishing products,42,"Fish live, fresh or chilled for human consumption",429,"Other fish, live, fresh or chilled"
ANR,Atlantic sabretooth anchovy,2,Diadromous fishes,24,Shads,1501,Freshwater and Diadromous Fish,4,Fish and other fishing products,42,"Fish live, fresh or chilled for human consumption",429,"Other fish, live, fresh or chilled"
SAI,Atlantic sailfish,3,Marine fishes,36,"Tunas, bonitos, billfishes",1527,Pelagic Marine Fish,4,Fish and other fishing products,42,"Fish live, fresh or chilled for human consumption",426,"Other pelagic fish, live, fresh or chilled"
SAL,Atlantic salmon,2,Diadromous fishes,23,"Salmons, trouts, smelts",1501,Freshwater and Diadromous Fish,4,Fish and other fishing products,42,"Fish live, fresh or chilled for human consumption",422,"Salmonidae, live, fresh or chilled"
SAU,Atlantic saury,3,Marine fishes,37,Miscellaneous pelagic fishes,1527,Pelagic Marine Fish,4,Fish and other fishing products,42,"Fish live, fresh or chilled for human consumption",426,"Other pelagic fish, live, fresh or chilled"
BOB,Atlantic seabob,4,Crustaceans,45,"Shrimps, prawns",1553,Crustaceans,4,Fish and other fishing products,43,"Crustaceans, live, fresh or chilled",436,"Other shrimps and prawns, live, fresh or chilled"
SRA,Atlantic searobins,3,Marine fishes,34,Miscellaneous demersal fishes,1514,Demersal Marine Fish,4,Fish and other fishing products,42,"Fish live, fresh or chilled for human consumption",429,"Other fish, live, fresh or chilled"
RHT,Atlantic sharpnose shark,3,Marine fishes,38,"Sharks, rays, chimaeras",1514,Demersal Marine Fish,4,Fish and other fishing products,42,"Fish live, fresh or chilled for human consumption",429,"Other fish, live, fresh or chilled"
SSA,Atlantic silverside,3,Marine fishes,37,Miscellaneous pelagic fishes,1527,Pelagic Marine Fish,4,Fish and other fishing products,42,"Fish live, fresh or chilled for human consumption",426,"Other pelagic fish, live, fresh or chilled"
OXG,Atlantic smallwing flyingfish,3,Marine fishes,37,Miscellaneous pelagic fishes,1527,Pelagic Marine Fish,4,Fish and other fishing products,42,"Fish live, fresh or chilled for human consumption",426,"Other pelagic fish, live, fresh or chilled"
MTC,Atlantic soft pout,3,Marine fishes,34,Miscellaneous demersal fishes,1514,Demersal Marine Fish,4,Fish and other fishing products,42,"Fish live, fresh or chilled for human consumption",429,"Other fish, live, fresh or chilled"
HRF,Atlantic spadefish,3,Marine fishes,33,Miscellaneous coastal fishes,1514,Demersal Marine Fish,4,Fish and other fishing products,42,"Fish live, fresh or chilled for human consumption",429,"Other fish, live, fresh or chilled"
SSM,Atlantic Spanish mackerel,3,Marine fishes,36,"Tunas, bonitos, billfishes",1527,Pelagic Marine Fish,4,Fish and other fishing products,42,"Fish live, fresh or chilled for human consumption",426,"Other pelagic fish, live, fresh or chilled"
DSA,Atlantic spotted dolphin,6,"Whales, seals and other aquatic mammals",62,"Sperm-whales, pilot-whales",1579,Aquatic Mammals,,,,,,
CLB,Atlantic surf clam,5,Molluscs,56,"Clams, cockles, arkshells",1562,Molluscs excl. Cephalopods,4,Fish and other fishing products,44,"Molluscs live, fresh or chilled",445,"Clams, cockles and ark shells, live, fresh or chilled"
TJX,Atlantic thornyhead,3,Marine fishes,34,Miscellaneous demersal fishes,1514,Demersal Marine Fish,4,Fish and other fishing products,42,"Fish live, fresh or chilled for human consumption",429,"Other fish, live, fresh or chilled"
DYM,Atlantic thorny oyster,5,Molluscs,53,Oysters,1562,Molluscs excl. Cephalopods,4,Fish and other fishing products,44,"Molluscs live, fresh or chilled",442,"Oysters, live, fresh or chilled"
THA,Atlantic thread herring,3,Marine fishes,35,"Herrings, sardines, anchovies",1527,Pelagic Marine Fish,4,Fish and other fishing products,42,"Fish live, fresh or chilled for human consumption",426,"Other pelagic fish, live, fresh or chilled"
TOM,Atlantic tomcod,3,Marine fishes,32,"Cods, hakes, haddocks",1514,Demersal Marine Fish,4,Fish and other fishing products,42,"Fish live, fresh or chilled for human consumption",424,"Fish of Gadiformes, live, fresh or chilled"
HEI,Atlantic weasel shark,3,Marine fishes,38,"Sharks, rays, chimaeras",1514,Demersal Marine Fish,4,Fish and other fishing products,42,"Fish live, fresh or chilled for human consumption",429,"Other fish, live, fresh or chilled"
WHM,Atlantic white marlin,3,Marine fishes,36,"Tunas, bonitos, billfishes",1527,Pelagic Marine Fish,4,Fish and other fishing products,42,"Fish live, fresh or chilled for human consumption",426,"Other pelagic fish, live, fresh or chilled"
DWH,Atlantic white-sided dolphin,6,"Whales, seals and other aquatic mammals",62,"Sperm-whales, pilot-whales",1579,Aquatic Mammals,,,,,,
CAA,Atlantic wolffish,3,Marine fishes,34,Miscellaneous demersal fishes,1514,Demersal Marine Fish,4,Fish and other fishing products,42,"Fish live, fresh or chilled for human consumption",429,"Other fish, live, fresh or chilled"
CLR,Atl.jackknife(=Atl.razor clam),5,Molluscs,56,"Clams, cockles, arkshells",1562,Molluscs excl. Cephalopods,4,Fish and other fishing products,44,"Molluscs live, fresh or chilled",445,"Clams, cockles and ark shells, live, fresh or chilled"
LKX,[Atractosteus spp],1,Freshwater fishes,13,Miscellaneous freshwater fishes,1501,Freshwater and Diadromous Fish,4,Fish and other fishing products,42,"Fish live, fresh or chilled for human consumption",421,"Freshwater fish, live, fresh or chilled"
UCM,[Auchenionchus microcirrhis],3,Marine fishes,33,Miscellaneous coastal fishes,1514,Demersal Marine Fish,4,Fish and other fishing products,42,"Fish live, fresh or chilled for human consumption",429,"Other fish, live, fresh or chilled"
AUB,[Auchenoglanis biscutatus],1,Freshwater fishes,13,Miscellaneous freshwater fishes,1501,Freshwater and Diadromous Fish,4,Fish and other fishing products,42,"Fish live, fresh or chilled for human consumption",421,"Freshwater fish, live, fresh or chilled"
RVR,Aurora rockfish,3,Marine fishes,34,Miscellaneous demersal fishes,1514,Demersal Marine Fish,4,Fish and other fishing products,42,"Fish live, fresh or chilled for human consumption",429,"Other fish, live, fresh or chilled"
BAU,Australian bonito,3,Marine fishes,36,"Tunas, bonitos, billfishes",1527,Pelagic Marine Fish,4,Fish and other fishing products,42,"Fish live, fresh or chilled for human consumption",426,"Other pelagic fish, live, fresh or chilled"
AYA,Australian crayfish,4,Crustaceans,41,Freshwater crustaceans,1553,Crustaceans,4,Fish and other fishing products,43,"Crustaceans, live, fresh or chilled",439,"Other crustaceans, live, fresh or chilled"
CRH,Australian crocodile,7,Miscellaneous aquatic animals,73,Crocodiles and alligators,,,,,,,,
MYA,Australian mussel,5,Molluscs,54,Mussels,1562,Molluscs excl. Cephalopods,4,Fish and other fishing products,44,"Molluscs live, fresh or chilled",443,"Mussels, live, fresh or chilled"
ASA,Australian salmon,3,Marine fishes,33,Miscellaneous coastal fishes,1514,Demersal Marine Fish,4,Fish and other fishing products,42,"Fish live, fresh or chilled for human consumption",429,"Other fish, live, fresh or chilled"
IDB,Australian snubfin dolphin,6,"Whales, seals and other aquatic mammals",62,"Sperm-whales, pilot-whales",1579,Aquatic Mammals,,,,,,
LOA,Australian spiny lobster,4,Crustaceans,43,"Lobsters, spiny-rock lobsters",1553,Crustaceans,4,Fish and other fishing products,43,"Crustaceans, live, fresh or chilled",432,"Rock lobster and other sea crawfish, live, fresh or chilled"
KWH,[Austrofusus glans],5,Molluscs,52,"Abalones, winkles, conchs",1562,Molluscs excl. Cephalopods,4,Fish and other fishing products,44,"Molluscs live, fresh or chilled",449,"Other molluscs, live, fresh or chilled"
SBA,Axillary seabream,3,Marine fishes,33,Miscellaneous coastal fishes,1514,Demersal Marine Fish,4,Fish and other fishing products,42,"Fish live, fresh or chilled for human consumption",429,"Other fish, live, fresh or chilled"
BDQ,Axilspot hogfish,3,Marine fishes,33,Miscellaneous coastal fishes,1514,Demersal Marine Fish,4,Fish and other fishing products,42,"Fish live, fresh or chilled for human consumption",429,"Other fish, live, fresh or chilled"
PCA,Ayu sweetfish,2,Diadromous fishes,23,"Salmons, trouts, smelts",1501,Freshwater and Diadromous Fish,4,Fish and other fishing products,42,"Fish live, fresh or chilled for human consumption",429,"Other fish, live, fresh or chilled"
HZL,Azores chromis,3,Marine fishes,33,Miscellaneous coastal fishes,1514,Demersal Marine Fish,4,Fish and other fishing products,42,"Fish live, fresh or chilled for human consumption",429,"Other fish, live, fresh or chilled"
AJC,Babberlocks,9,Aquatic plants,91,Brown seaweeds,1594,Aquatic Plants,4,Fish and other fishing products,49,Other aquatic plants and animals,493,"Seaweeds and other algae, fresh, frozen or dried, whether or not ground"
CSR,Bagrid catfish,1,Freshwater fishes,13,Miscellaneous freshwater fishes,1501,Freshwater and Diadromous Fish,4,Fish and other fishing products,42,"Fish live, fresh or chilled for human consumption",421,"Freshwater fish, live, fresh or chilled"
BVF,Bagrid catsfih NEI,1,Freshwater fishes,13,Miscellaneous freshwater fishes,1501,Freshwater and Diadromous Fish,4,Fish and other fishing products,42,"Fish live, fresh or chilled for human consumption",421,"Freshwater fish, live, fresh or chilled"
PPH,Bahamas sawshark,3,Marine fishes,38,"Sharks, rays, chimaeras",1514,Demersal Marine Fish,4,Fish and other fishing products,42,"Fish live, fresh or chilled for human consumption",429,"Other fish, live, fresh or chilled"
SBK,Baikal seal,6,"Whales, seals and other aquatic mammals",63,"Eared seals, hair seals, walruses",1579,Aquatic Mammals,,,,,,
BEW,Baird's beaked whale,6,"Whales, seals and other aquatic mammals",62,"Sperm-whales, pilot-whales",1579,Aquatic Mammals,,,,,,
ALC,Baird's slickhead,3,Marine fishes,34,Miscellaneous demersal fishes,1514,Demersal Marine Fish,4,Fish and other fishing products,42,"Fish live, fresh or chilled for human consumption",429,"Other fish, live, fresh or chilled"
BHA,Balao halfbeak,3,Marine fishes,37,Miscellaneous pelagic fishes,1527,Pelagic Marine Fish,4,Fish and other fishing products,42,"Fish live, fresh or chilled for human consumption",426,"Other pelagic fish, live, fresh or chilled"
MBG,Bald glassy,3,Marine fishes,33,Miscellaneous coastal fishes,1514,Demersal Marine Fish,4,Fish and other fishing products,42,"Fish live, fresh or chilled for human consumption",429,"Other fish, live, fresh or chilled"
MYS,Baleen whales NEI,6,"Whales, seals and other aquatic mammals",61,"Blue-whales, fin-whales",1579,Aquatic Mammals,,,,,,
SAM,Bali sardinella,3,Marine fishes,35,"Herrings, sardines, anchovies",1527,Pelagic Marine Fish,4,Fish and other fishing products,42,"Fish live, fresh or chilled for human consumption",426,"Other pelagic fish, live, fresh or chilled"
BIX,[Balistes spp],3,Marine fishes,33,Miscellaneous coastal fishes,1514,Demersal Marine Fish,4,Fish and other fishing products,42,"Fish live, fresh or chilled for human consumption",429,"Other fish, live, fresh or chilled"
USB,Ballan wrasse,3,Marine fishes,33,Miscellaneous coastal fishes,1514,Demersal Marine Fish,4,Fish and other fishing products,42,"Fish live, fresh or chilled for human consumption",429,"Other fish, live, fresh or chilled"
BAL,Ballyhoo halfbeak,3,Marine fishes,37,Miscellaneous pelagic fishes,1527,Pelagic Marine Fish,4,Fish and other fishing products,42,"Fish live, fresh or chilled for human consumption",426,"Other pelagic fish, live, fresh or chilled"
PAA,Baltic prawn,4,Crustaceans,45,"Shrimps, prawns",1553,Crustaceans,4,Fish and other fishing products,43,"Crustaceans, live, fresh or chilled",436,"Other shrimps and prawns, live, fresh or chilled"
PBA,Banana prawn,4,Crustaceans,45,"Shrimps, prawns",1553,Crustaceans,4,Fish and other fishing products,43,"Crustaceans, live, fresh or chilled",436,"Other shrimps and prawns, live, fresh or chilled"
TXJ,Banded archerfish,1,Freshwater fishes,13,Miscellaneous freshwater fishes,1501,Freshwater and Diadromous Fish,4,Fish and other fishing products,42,"Fish live, fresh or chilled for human consumption",421,"Freshwater fish, live, fresh or chilled"
AXF,Banded astyanax,1,Freshwater fishes,13,Miscellaneous freshwater fishes,1501,Freshwater and Diadromous Fish,4,Fish and other fishing products,42,"Fish live, fresh or chilled for human consumption",421,"Freshwater fish, live, fresh or chilled"
HTS,Banded butterflyfish,3,Marine fishes,33,Miscellaneous coastal fishes,1514,Demersal Marine Fish,4,Fish and other fishing products,42,"Fish live, fresh or chilled for human consumption",429,"Other fish, live, fresh or chilled"
VNR,Banded carpet shell,5,Molluscs,56,"Clams, cockles, arkshells",1562,Molluscs excl. Cephalopods,4,Fish and other fishing products,44,"Molluscs live, fresh or chilled",445,"Clams, cockles and ark shells, live, fresh or chilled"
EFY,Banded grouper,3,Marine fishes,33,Miscellaneous coastal fishes,1514,Demersal Marine Fish,4,Fish and other fishing products,42,"Fish live, fresh or chilled for human consumption",429,"Other fish, live, fresh or chilled"
RZE,Banded guitarfish,3,Marine fishes,38,"Sharks, rays, chimaeras",1514,Demersal Marine Fish,4,Fish and other fishing products,42,"Fish live, fresh or chilled for human consumption",429,"Other fish, live, fresh or chilled"
HJF,Banded jewelfish,1,Freshwater fishes,12,Tilapias and other cichlids,1501,Freshwater and Diadromous Fish,4,Fish and other fishing products,42,"Fish live, fresh or chilled for human consumption",421,"Freshwater fish, live, fresh or chilled"
FNT,Banded murex,5,Molluscs,52,"Abalones, winkles, conchs",1562,Molluscs excl. Cephalopods,4,Fish and other fishing products,44,"Molluscs live, fresh or chilled",449,"Other molluscs, live, fresh or chilled"
RLZ,Banded rudderfish,3,Marine fishes,37,Miscellaneous pelagic fishes,1527,Pelagic Marine Fish,4,Fish and other fishing products,42,"Fish live, fresh or chilled for human consumption",426,"Other pelagic fish, live, fresh or chilled"
DIJ,Banded seabream,3,Marine fishes,33,Miscellaneous coastal fishes,1514,Demersal Marine Fish,4,Fish and other fishing products,42,"Fish live, fresh or chilled for human consumption",429,"Other fish, live, fresh or chilled"
NLI,Banded spiny lobster,4,Crustaceans,43,"Lobsters, spiny-rock lobsters",1553,Crustaceans,4,Fish and other fishing products,43,"Crustaceans, live, fresh or chilled",432,"Rock lobster and other sea crawfish, live, fresh or chilled"
CQF,Banded whiptail,3,Marine fishes,32,"Cods, hakes, haddocks",1514,Demersal Marine Fish,4,Fish and other fishing products,42,"Fish live, fresh or chilled for human consumption",424,"Fish of Gadiformes, live, fresh or chilled"
CUQ,Banded yellowfish,3,Marine fishes,34,Miscellaneous demersal fishes,1514,Demersal Marine Fish,4,Fish and other fishing products,42,"Fish live, fresh or chilled for human consumption",429,"Other fish, live, fresh or chilled"
QYV,Bank rockfish,3,Marine fishes,34,Miscellaneous demersal fishes,1514,Demersal Marine Fish,4,Fish and other fishing products,42,"Fish live, fresh or chilled for human consumption",429,"Other fish, live, fresh or chilled"
PTB,Barbel,1,Freshwater fishes,11,"Carps, barbels and other cyprinids",1501,Freshwater and Diadromous Fish,4,Fish and other fishing products,42,"Fish live, fresh or chilled for human consumption",421,"Freshwater fish, live, fresh or chilled"
CLL,Barbeled houndshark,3,Marine fishes,38,"Sharks, rays, chimaeras",1514,Demersal Marine Fish,4,Fish and other fishing products,42,"Fish live, fresh or chilled for human consumption",429,"Other fish, live, fresh or chilled"
AQB,Barber surgeonfish,3,Marine fishes,33,Miscellaneous coastal fishes,1514,Demersal Marine Fish,4,Fish and other fishing products,42,"Fish live, fresh or chilled for human consumption",429,"Other fish, live, fresh or chilled"
SIT,[Barbodes palata],1,Freshwater fishes,11,"Carps, barbels and other cyprinids",1501,Freshwater and Diadromous Fish,4,Fish and other fishing products,42,"Fish live, fresh or chilled for human consumption",421,"Freshwater fish, live, fresh or chilled"
BBR,[Barbonymus balleroides],1,Freshwater fishes,11,"Carps, barbels and other cyprinids",1501,Freshwater and Diadromous Fish,4,Fish and other fishing products,42,"Fish live, fresh or chilled for human consumption",421,"Freshwater fish, live, fresh or chilled"
BBZ,[Barbus cyclolepis],1,Freshwater fishes,11,"Carps, barbels and other cyprinids",1501,Freshwater and Diadromous Fish,4,Fish and other fishing products,42,"Fish live, fresh or chilled for human consumption",421,"Freshwater fish, live, fresh or chilled"
QOF,Barcoo grunter,1,Freshwater fishes,13,Miscellaneous freshwater fishes,1501,Freshwater and Diadromous Fish,4,Fish and other fishing products,42,"Fish live, fresh or chilled for human consumption",421,"Freshwater fish, live, fresh or chilled"
CXR,Bar jack,3,Marine fishes,37,Miscellaneous pelagic fishes,1527,Pelagic Marine Fish,4,Fish and other fishing products,42,"Fish live, fresh or chilled for human consumption",426,"Other pelagic fish, live, fresh or chilled"
PCB,Barnacle,4,Crustaceans,47,Miscellaneous marine crustaceans,1553,Crustaceans,4,Fish and other fishing products,43,"Crustaceans, live, fresh or chilled",439,"Other crustaceans, live, fresh or chilled"
RJL,Barndoor skate,3,Marine fishes,38,"Sharks, rays, chimaeras",1514,Demersal Marine Fish,4,Fish and other fishing products,42,"Fish live, fresh or chilled for human consumption",429,"Other fish, live, fresh or chilled"
BAZ,"Barracudas, etc. NEI",3,Marine fishes,37,Miscellaneous pelagic fishes,1527,Pelagic Marine Fish,4,Fish and other fishing products,42,"Fish live, fresh or chilled for human consumption",426,"Other pelagic fish, live, fresh or chilled"
BAR,Barracudas NEI,3,Marine fishes,37,Miscellaneous pelagic fishes,1527,Pelagic Marine Fish,4,Fish and other fishing products,42,"Fish live, fresh or chilled for human consumption",426,"Other pelagic fish, live, fresh or chilled"
PZB,"Barracudinas, etc. NEI",3,Marine fishes,34,Miscellaneous demersal fishes,1514,Demersal Marine Fish,4,Fish and other fishing products,42,"Fish live, fresh or chilled for human consumption",429,"Other fish, live, fresh or chilled"
NOE,Barracudinas NEI,3,Marine fishes,34,Miscellaneous demersal fishes,1514,Demersal Marine Fish,4,Fish and other fishing products,42,"Fish live, fresh or chilled for human consumption",429,"Other fish, live, fresh or chilled"
GIP,Barramundi(=Giant seaperch),2,Diadromous fishes,25,Miscellaneous diadromous fishes,1501,Freshwater and Diadromous Fish,4,Fish and other fishing products,42,"Fish live, fresh or chilled for human consumption",429,"Other fish, live, fresh or chilled"
BRG,Barred grunt,3,Marine fishes,33,Miscellaneous coastal fishes,1514,Demersal Marine Fish,4,Fish and other fishing products,42,"Fish live, fresh or chilled for human consumption",429,"Other fish, live, fresh or chilled"
IVD,Barred hogfish,3,Marine fishes,33,Miscellaneous coastal fishes,1514,Demersal Marine Fish,4,Fish and other fishing products,42,"Fish live, fresh or chilled for human consumption",429,"Other fish, live, fresh or chilled"
UDF,Barred sorubim,1,Freshwater fishes,13,Miscellaneous freshwater fishes,1501,Freshwater and Diadromous Fish,4,Fish and other fishing products,42,"Fish live, fresh or chilled for human consumption",421,"Freshwater fish, live, fresh or chilled"
HYW,Barrelfish,3,Marine fishes,34,Miscellaneous demersal fishes,1514,Demersal Marine Fish,4,Fish and other fishing products,42,"Fish live, fresh or chilled for human consumption",429,"Other fish, live, fresh or chilled"
FLI,Bartail flathead,3,Marine fishes,33,Miscellaneous coastal fishes,1514,Demersal Marine Fish,4,Fish and other fishing products,42,"Fish live, fresh or chilled for human consumption",429,"Other fish, live, fresh or chilled"
OWP,"Basket, brittle, snake stars",7,Miscellaneous aquatic animals,76,Sea-urchins and other echinoderms,1587,Aquatic Animals NEI,4,Fish and other fishing products,45,"Other aquatic invertebrates, live, fresh or chilled",459,"Other aquatic invertebrates, live, fresh or chilled, n.e.c."
KCL,Basket cockle,5,Molluscs,56,"Clams, cockles, arkshells",1562,Molluscs excl. Cephalopods,4,Fish and other fishing products,44,"Molluscs live, fresh or chilled",445,"Clams, cockles and ark shells, live, fresh or chilled"
OEQ,Basket stars,7,Miscellaneous aquatic animals,76,Sea-urchins and other echinoderms,1587,Aquatic Animals NEI,4,Fish and other fishing products,45,"Other aquatic invertebrates, live, fresh or chilled",459,"Other aquatic invertebrates, live, fresh or chilled, n.e.c."
SDC,Basketwork eel,3,Marine fishes,34,Miscellaneous demersal fishes,1514,Demersal Marine Fish,4,Fish and other fishing products,42,"Fish live, fresh or chilled for human consumption",429,"Other fish, live, fresh or chilled"
BSK,Basking shark,3,Marine fishes,38,"Sharks, rays, chimaeras",1514,Demersal Marine Fish,4,Fish and other fishing products,42,"Fish live, fresh or chilled for human consumption",429,"Other fish, live, fresh or chilled"
CBH,[Bassanago hirsutus],3,Marine fishes,34,Miscellaneous demersal fishes,1514,Demersal Marine Fish,4,Fish and other fishing products,42,"Fish live, fresh or chilled for human consumption",429,"Other fish, live, fresh or chilled"
BGR,Bastard grunt,3,Marine fishes,33,Miscellaneous coastal fishes,1514,Demersal Marine Fish,4,Fish and other fishing products,42,"Fish live, fresh or chilled for human consumption",429,"Other fish, live, fresh or chilled"
BAH,Bastard halibut,3,Marine fishes,31,"Flounders, halibuts, soles",1514,Demersal Marine Fish,4,Fish and other fishing products,42,"Fish live, fresh or chilled for human consumption",423,"Flatfish, live, fresh or chilled"
BAX,Bastard halibuts NEI,3,Marine fishes,31,"Flounders, halibuts, soles",1514,Demersal Marine Fish,4,Fish and other fishing products,42,"Fish live, fresh or chilled for human consumption",423,"Flatfish, live, fresh or chilled"
MIA,Bastard sole,3,Marine fishes,31,"Flounders, halibuts, soles",1514,Demersal Marine Fish,4,Fish and other fishing products,42,"Fish live, fresh or chilled for human consumption",423,"Flatfish, live, fresh or chilled"
BAT,Batfishes,3,Marine fishes,33,Miscellaneous coastal fishes,1514,Demersal Marine Fish,4,Fish and other fishing products,42,"Fish live, fresh or chilled for human consumption",429,"Other fish, live, fresh or chilled"
IBZ,[Bathybates minor],1,Freshwater fishes,12,Tilapias and other cichlids,1501,Freshwater and Diadromous Fish,4,Fish and other fishing products,42,"Fish live, fresh or chilled for human consumption",421,"Freshwater fish, live, fresh or chilled"
BHY,Bathyraja rays NEI,3,Marine fishes,38,"Sharks, rays, chimaeras",1514,Demersal Marine Fish,4,Fish and other fishing products,42,"Fish live, fresh or chilled for human consumption",429,"Other fish, live, fresh or chilled"
BAI,Batoid fishes NEI,3,Marine fishes,38,"Sharks, rays, chimaeras",1514,Demersal Marine Fish,4,Fish and other fishing products,42,"Fish live, fresh or chilled for human consumption",429,"Other fish, live, fresh or chilled"
KPC,Batwing coral crab,4,Crustaceans,42,"Crabs, sea-spiders",1553,Crustaceans,4,Fish and other fishing products,43,"Crustaceans, live, fresh or chilled",431,"Crabs, live, fresh or chilled"
BGJ,Bayad,1,Freshwater fishes,13,Miscellaneous freshwater fishes,1501,Freshwater and Diadromous Fish,4,Fish and other fishing products,42,"Fish live, fresh or chilled for human consumption",421,"Freshwater fish, live, fresh or chilled"
REB,Beaked redfish,3,Marine fishes,34,Miscellaneous demersal fishes,1514,Demersal Marine Fish,4,Fish and other fishing products,42,"Fish live, fresh or chilled for human consumption",429,"Other fish, live, fresh or chilled"
GGG,Beaked salmon,3,Marine fishes,33,Miscellaneous coastal fishes,1514,Demersal Marine Fish,4,Fish and other fishing products,42,"Fish live, fresh or chilled for human consumption",429,"Other fish, live, fresh or chilled"
MEP,Beaked whales NEI,6,"Whales, seals and other aquatic mammals",62,"Sperm-whales, pilot-whales",1579,Aquatic Mammals,,,,,,
FRL,Bean solen,5,Molluscs,56,"Clams, cockles, arkshells",1562,Molluscs excl. Cephalopods,4,Fish and other fishing products,44,"Molluscs live, fresh or chilled",445,"Clams, cockles and ark shells, live, fresh or chilled"
ASB,Bean's sawtooth eel,3,Marine fishes,34,Miscellaneous demersal fishes,1514,Demersal Marine Fish,4,Fish and other fishing products,42,"Fish live, fresh or chilled for human consumption",429,"Other fish, live, fresh or chilled"
BRD,Bearded brotula,3,Marine fishes,34,Miscellaneous demersal fishes,1514,Demersal Marine Fish,4,Fish and other fishing products,42,"Fish live, fresh or chilled for human consumption",429,"Other fish, live, fresh or chilled"
DJB,Bearded horse mussel,5,Molluscs,54,Mussels,1562,Molluscs excl. Cephalopods,4,Fish and other fishing products,44,"Molluscs live, fresh or chilled",443,"Mussels, live, fresh or chilled"
SEB,Bearded seal,6,"Whales, seals and other aquatic mammals",63,"Eared seals, hair seals, walruses",1579,Aquatic Mammals,,,,,,
YCA,Beardless barb,1,Freshwater fishes,11,"Carps, barbels and other cyprinids",1501,Freshwater and Diadromous Fish,4,Fish and other fishing products,42,"Fish live, fresh or chilled for human consumption",421,"Freshwater fish, live, fresh or chilled"
HIP,Bear paw clam,5,Molluscs,56,"Clams, cockles, arkshells",1562,Molluscs excl. Cephalopods,4,Fish and other fishing products,44,"Molluscs live, fresh or chilled",445,"Clams, cockles and ark shells, live, fresh or chilled"
LUD,Belica,1,Freshwater fishes,11,"Carps, barbels and other cyprinids",1501,Freshwater and Diadromous Fish,4,Fish and other fishing products,42,"Fish live, fresh or chilled for human consumption",421,"Freshwater fish, live, fresh or chilled"
GBZ,Bellotti's goby,3,Marine fishes,33,Miscellaneous coastal fishes,1514,Demersal Marine Fish,4,Fish and other fishing products,42,"Fish live, fresh or chilled for human consumption",429,"Other fish, live, fresh or chilled"
BEF,[Belonepterygion fasciolatum],3,Marine fishes,33,Miscellaneous coastal fishes,1514,Demersal Marine Fish,4,Fish and other fishing products,42,"Fish live, fresh or chilled for human consumption",429,"Other fish, live, fresh or chilled"
BES,[Belone spp],3,Marine fishes,37,Miscellaneous pelagic fishes,1527,Pelagic Marine Fish,4,Fish and other fishing products,42,"Fish live, fresh or chilled for human consumption",426,"Other pelagic fish, live, fresh or chilled"
ERB,Belted sandfish,3,Marine fishes,33,Miscellaneous coastal fishes,1514,Demersal Marine Fish,4,Fish and other fishing products,42,"Fish live, fresh or chilled for human consumption",429,"Other fish, live, fresh or chilled"
HUH,Beluga,2,Diadromous fishes,21,"Sturgeons, paddlefishes",1501,Freshwater and Diadromous Fish,4,Fish and other fishing products,42,"Fish live, fresh or chilled for human consumption",429,"Other fish, live, fresh or chilled"
HKB,Benguela hake,3,Marine fishes,32,"Cods, hakes, haddocks",1514,Demersal Marine Fish,4,Fish and other fishing products,42,"Fish live, fresh or chilled for human consumption",424,"Fish of Gadiformes, live, fresh or chilled"
HYB,Benoit's lanternfish,3,Marine fishes,34,Miscellaneous demersal fishes,1514,Demersal Marine Fish,4,Fish and other fishing products,42,"Fish live, fresh or chilled for human consumption",429,"Other fish, live, fresh or chilled"
OBR,[Benthocometes robustus],3,Marine fishes,34,Miscellaneous demersal fishes,1514,Demersal Marine Fish,4,Fish and other fishing products,42,"Fish live, fresh or chilled for human consumption",429,"Other fish, live, fresh or chilled"
KYS,Bermuda sea chub,3,Marine fishes,33,Miscellaneous coastal fishes,1514,Demersal Marine Fish,4,Fish and other fishing products,42,"Fish live, fresh or chilled for human consumption",429,"Other fish, live, fresh or chilled"
IYL,Bichique,1,Freshwater fishes,13,Miscellaneous freshwater fishes,1501,Freshwater and Diadromous Fish,4,Fish and other fishing products,42,"Fish live, fresh or chilled for human consumption",421,"Freshwater fish, live, fresh or chilled"
GTB,Bifid clingfish,3,Marine fishes,33,Miscellaneous coastal fishes,1514,Demersal Marine Fish,4,Fish and other fishing products,42,"Fish live, fresh or chilled for human consumption",429,"Other fish, live, fresh or chilled"
YBS,Bigeye barracuda,3,Marine fishes,37,Miscellaneous pelagic fishes,1527,Pelagic Marine Fish,4,Fish and other fishing products,42,"Fish live, fresh or chilled for human consumption",426,"Other pelagic fish, live, fresh or chilled"
MCH,Bigeye grenadier,3,Marine fishes,32,"Cods, hakes, haddocks",1514,Demersal Marine Fish,4,Fish and other fishing products,42,"Fish live, fresh or chilled for human consumption",424,"Fish of Gadiformes, live, fresh or chilled"
GRB,Bigeye grunt,3,Marine fishes,33,Miscellaneous coastal fishes,1514,Demersal Marine Fish,4,Fish and other fishing products,42,"Fish live, fresh or chilled for human consumption",429,"Other fish, live, fresh or chilled"
LSM,Bigeye lates,1,Freshwater fishes,13,Miscellaneous freshwater fishes,1501,Freshwater and Diadromous Fish,4,Fish and other fishing products,42,"Fish live, fresh or chilled for human consumption",421,"Freshwater fish, live, fresh or chilled"
QZU,Bigeye picarel,3,Marine fishes,33,Miscellaneous coastal fishes,1514,Demersal Marine Fish,4,Fish and other fishing products,42,"Fish live, fresh or chilled for human consumption",429,"Other fish, live, fresh or chilled"
BIS,Bigeye scad,3,Marine fishes,37,Miscellaneous pelagic fishes,1527,Pelagic Marine Fish,4,Fish and other fishing products,42,"Fish live, fresh or chilled for human consumption",426,"Other pelagic fish, live, fresh or chilled"
PRI,"Bigeyes,glasseyes,bulleyes NEI",3,Marine fishes,33,Miscellaneous coastal fishes,1514,Demersal Marine Fish,4,Fish and other fishing products,42,"Fish live, fresh or chilled for human consumption",429,"Other fish, live, fresh or chilled"
BIG,Bigeyes NEI,3,Marine fishes,33,Miscellaneous coastal fishes,1514,Demersal Marine Fish,4,Fish and other fishing products,42,"Fish live, fresh or chilled for human consumption",429,"Other fish, live, fresh or chilled"
BTH,Bigeye thresher,3,Marine fishes,38,"Sharks, rays, chimaeras",1514,Demersal Marine Fish,4,Fish and other fishing products,42,"Fish live, fresh or chilled for human consumption",429,"Other fish, live, fresh or chilled"
CXS,Bigeye trevally,3,Marine fishes,37,Miscellaneous pelagic fishes,1527,Pelagic Marine Fish,4,Fish and other fishing products,42,"Fish live, fresh or chilled for human consumption",426,"Other pelagic fish, live, fresh or chilled"
BET,Bigeye tuna,3,Marine fishes,36,"Tunas, bonitos, billfishes",1527,Pelagic Marine Fish,4,Fish and other fishing products,42,"Fish live, fresh or chilled for human consumption",425,"Tunas, skipjack or stripe-bellied bonito, live, fresh or chilled"
UHL,Bigfin reef squid,5,Molluscs,57,"Squids, cuttlefishes, octopuses",1570,Cephalopods,4,Fish and other fishing products,44,"Molluscs live, fresh or chilled",446,"Cuttlefish and squid, live, fresh or chilled"
BIC,Bighead carp,1,Freshwater fishes,11,"Carps, barbels and other cyprinids",1501,Freshwater and Diadromous Fish,4,Fish and other fishing products,42,"Fish live, fresh or chilled for human consumption",421,"Freshwater fish, live, fresh or chilled"
DLY,Bighead sand perch,3,Marine fishes,33,Miscellaneous coastal fishes,1514,Demersal Marine Fish,4,Fish and other fishing products,42,"Fish live, fresh or chilled for human consumption",429,"Other fish, live, fresh or chilled"
ULA,Bighead tilefish,3,Marine fishes,34,Miscellaneous demersal fishes,1514,Demersal Marine Fish,4,Fish and other fishing products,42,"Fish live, fresh or chilled for human consumption",429,"Other fish, live, fresh or chilled"
GBL,Biglip grunt,3,Marine fishes,33,Miscellaneous coastal fishes,1514,Demersal Marine Fish,4,Fish and other fishing products,42,"Fish live, fresh or chilled for human consumption",429,"Other fish, live, fresh or chilled"
IYI,Bigmouth sanddab,3,Marine fishes,31,"Flounders, halibuts, soles",1514,Demersal Marine Fish,4,Fish and other fishing products,42,"Fish live, fresh or chilled for human consumption",423,"Flatfish, live, fresh or chilled"
GBD,Bigmouth sleeper,1,Freshwater fishes,13,Miscellaneous freshwater fishes,1501,Freshwater and Diadromous Fish,4,Fish and other fishing products,42,"Fish live, fresh or chilled for human consumption",421,"Freshwater fish, live, fresh or chilled"
YAW,Bignose fanskate,3,Marine fishes,38,"Sharks, rays, chimaeras",1514,Demersal Marine Fish,4,Fish and other fishing products,42,"Fish live, fresh or chilled for human consumption",429,"Other fish, live, fresh or chilled"
CCA,Bignose shark,3,Marine fishes,38,"Sharks, rays, chimaeras",1514,Demersal Marine Fish,4,Fish and other fishing products,42,"Fish live, fresh or chilled for human consumption",429,"Other fish, live, fresh or chilled"
FPV,Bigscale goatfish,3,Marine fishes,33,Miscellaneous coastal fishes,1514,Demersal Marine Fish,4,Fish and other fishing products,42,"Fish live, fresh or chilled for human consumption",429,"Other fish, live, fresh or chilled"
TAL,Big-scale pomfret,3,Marine fishes,37,Miscellaneous pelagic fishes,1527,Pelagic Marine Fish,4,Fish and other fishing products,42,"Fish live, fresh or chilled for human consumption",426,"Other pelagic fish, live, fresh or chilled"
ATB,Big-scale sand smelt,3,Marine fishes,37,Miscellaneous pelagic fishes,1527,Pelagic Marine Fish,4,Fish and other fishing products,42,"Fish live, fresh or chilled for human consumption",426,"Other pelagic fish, live, fresh or chilled"
JRI,Big skate,3,Marine fishes,38,"Sharks, rays, chimaeras",1514,Demersal Marine Fish,4,Fish and other fishing products,42,"Fish live, fresh or chilled for human consumption",429,"Other fish, live, fresh or chilled"
EMV,Bigspined boarfish,3,Marine fishes,34,Miscellaneous demersal fishes,1514,Demersal Marine Fish,4,Fish and other fishing products,42,"Fish live, fresh or chilled for human consumption",429,"Other fish, live, fresh or chilled"
ISA,Bigtooth corvina,3,Marine fishes,33,Miscellaneous coastal fishes,1514,Demersal Marine Fish,4,Fish and other fishing products,42,"Fish live, fresh or chilled for human consumption",429,"Other fish, live, fresh or chilled"
DCA,Birdbeak dogfish,3,Marine fishes,38,"Sharks, rays, chimaeras",1514,Demersal Marine Fish,4,Fish and other fishing products,42,"Fish live, fresh or chilled for human consumption",429,"Other fish, live, fresh or chilled"
CLA,Black and Caspian Sea sprat,2,Diadromous fishes,24,Shads,1501,Freshwater and Diadromous Fish,4,Fish and other fishing products,42,"Fish live, fresh or chilled for human consumption",429,"Other fish, live, fresh or chilled"
MLN,Black and white snapper,3,Marine fishes,33,Miscellaneous coastal fishes,1514,Demersal Marine Fish,4,Fish and other fishing products,42,"Fish live, fresh or chilled for human consumption",429,"Other fish, live, fresh or chilled"
NQT,Black ark,5,Molluscs,56,"Clams, cockles, arkshells",1562,Molluscs excl. Cephalopods,4,Fish and other fishing products,44,"Molluscs live, fresh or chilled",445,"Clams, cockles and ark shells, live, fresh or chilled"
RNJ,Blackbanded trevally,3,Marine fishes,37,Miscellaneous pelagic fishes,1527,Pelagic Marine Fish,4,Fish and other fishing products,42,"Fish live, fresh or chilled for human consumption",426,"Other pelagic fish, live, fresh or chilled"
HHF,Black-barred halfbeak,3,Marine fishes,37,Miscellaneous pelagic fishes,1527,Pelagic Marine Fish,4,Fish and other fishing products,42,"Fish live, fresh or chilled for human consumption",426,"Other pelagic fish, live, fresh or chilled"
MJA,Blackbar soldierfish,3,Marine fishes,33,Miscellaneous coastal fishes,1514,Demersal Marine Fish,4,Fish and other fishing products,42,"Fish live, fresh or chilled for human consumption",429,"Other fish, live, fresh or chilled"
ANK,Blackbellied angler,3,Marine fishes,34,Miscellaneous demersal fishes,1514,Demersal Marine Fish,4,Fish and other fishing products,42,"Fish live, fresh or chilled for human consumption",429,"Other fish, live, fresh or chilled"
ETF,Blackbelly lanternshark,3,Marine fishes,38,"Sharks, rays, chimaeras",1514,Demersal Marine Fish,4,Fish and other fishing products,42,"Fish live, fresh or chilled for human consumption",429,"Other fish, live, fresh or chilled"
BRF,Blackbelly rosefish,3,Marine fishes,34,Miscellaneous demersal fishes,1514,Demersal Marine Fish,4,Fish and other fishing products,42,"Fish live, fresh or chilled for human consumption",429,"Other fish, live, fresh or chilled"
CHK,Blackbelt cichlid,1,Freshwater fishes,12,Tilapias and other cichlids,1501,Freshwater and Diadromous Fish,4,Fish and other fishing products,42,"Fish live, fresh or chilled for human consumption",421,"Freshwater fish, live, fresh or chilled"
GKO,Black bittersweet,5,Molluscs,56,"Clams, cockles, arkshells",1562,Molluscs excl. Cephalopods,4,Fish and other fishing products,44,"Molluscs live, fresh or chilled",445,"Clams, cockles and ark shells, live, fresh or chilled"
TON,Blackblotch pompano,3,Marine fishes,37,Miscellaneous pelagic fishes,1527,Pelagic Marine Fish,4,Fish and other fishing products,42,"Fish live, fresh or chilled for human consumption",426,"Other pelagic fish, live, fresh or chilled"
OCL,Black brotula,3,Marine fishes,34,Miscellaneous demersal fishes,1514,Demersal Marine Fish,4,Fish and other fishing products,42,"Fish live, fresh or chilled for human consumption",429,"Other fish, live, fresh or chilled"
ITM,Black bullhead,1,Freshwater fishes,13,Miscellaneous freshwater fishes,1501,Freshwater and Diadromous Fish,4,Fish and other fishing products,42,"Fish live, fresh or chilled for human consumption",421,"Freshwater fish, live, fresh or chilled"
MHW,Black caiman,7,Miscellaneous aquatic animals,73,Crocodiles and alligators,,,,,,,,
EPI,Black cardinal fish,3,Marine fishes,34,Miscellaneous demersal fishes,1514,Demersal Marine Fish,4,Fish and other fishing products,42,"Fish live, fresh or chilled for human consumption",429,"Other fish, live, fresh or chilled"
BKC,Black carp,1,Freshwater fishes,11,"Carps, barbels and other cyprinids",1501,Freshwater and Diadromous Fish,4,Fish and other fishing products,42,"Fish live, fresh or chilled for human consumption",421,"Freshwater fish, live, fresh or chilled"
CST,Black catfishes NEI,1,Freshwater fishes,13,Miscellaneous freshwater fishes,1501,Freshwater and Diadromous Fish,4,Fish and other fishing products,42,"Fish live, fresh or chilled for human consumption",421,"Freshwater fish, live, fresh or chilled"
RBC,Blackchin guitarfish,3,Marine fishes,38,"Sharks, rays, chimaeras",1514,Demersal Marine Fish,4,Fish and other fishing products,42,"Fish live, fresh or chilled for human consumption",429,"Other fish, live, fresh or chilled"
SAH,Blackchin tilapia,1,Freshwater fishes,12,Tilapias and other cichlids,1501,Freshwater and Diadromous Fish,4,Fish and other fishing products,42,"Fish live, fresh or chilled for human consumption",421,"Freshwater fish, live, fresh or chilled"
NHJ,Black cod,3,Marine fishes,33,Miscellaneous coastal fishes,1514,Demersal Marine Fish,4,Fish and other fishing products,42,"Fish live, fresh or chilled for human consumption",429,"Other fish, live, fresh or chilled"
AQZ,Black corals and thorny corals,8,Miscellaneous aquatic animal products,82,Corals,,,4,Fish and other fishing products,49,Other aquatic plants and animals,491,"Coral and similar products, shells of molluscs, crustaceans or echinoderms and cuttle-bone; live aquatic plants and animals for ornamental purpose"
CUB,Black cusk-eel,3,Marine fishes,34,Miscellaneous demersal fishes,1514,Demersal Marine Fish,4,Fish and other fishing products,42,"Fish live, fresh or chilled for human consumption",429,"Other fish, live, fresh or chilled"
CFB,Black dogfish,3,Marine fishes,38,"Sharks, rays, chimaeras",1514,Demersal Marine Fish,4,Fish and other fishing products,42,"Fish live, fresh or chilled for human consumption",429,"Other fish, live, fresh or chilled"
HGY,Black driftfish,3,Marine fishes,34,Miscellaneous demersal fishes,1514,Demersal Marine Fish,4,Fish and other fishing products,42,"Fish live, fresh or chilled for human consumption",429,"Other fish, live, fresh or chilled"
BDM,Black drum,3,Marine fishes,33,Miscellaneous coastal fishes,1514,Demersal Marine Fish,4,Fish and other fishing products,42,"Fish live, fresh or chilled for human consumption",429,"Other fish, live, fresh or chilled"
JKI,Blackear wrasse,3,Marine fishes,33,Miscellaneous coastal fishes,1514,Demersal Marine Fish,4,Fish and other fishing products,42,"Fish live, fresh or chilled for human consumption",429,"Other fish, live, fresh or chilled"
TDA,Black-faced blenny,3,Marine fishes,33,Miscellaneous coastal fishes,1514,Demersal Marine Fish,4,Fish and other fishing products,42,"Fish live, fresh or chilled for human consumption",429,"Other fish, live, fresh or chilled"
MVJ,Blackfin goosefish,3,Marine fishes,34,Miscellaneous demersal fishes,1514,Demersal Marine Fish,4,Fish and other fishing products,42,"Fish live, fresh or chilled for human consumption",429,"Other fish, live, fresh or chilled"
SSI,Blackfin icefish,3,Marine fishes,34,Miscellaneous demersal fishes,1514,Demersal Marine Fish,4,Fish and other fishing products,42,"Fish live, fresh or chilled for human consumption",429,"Other fish, live, fresh or chilled"
HXZ,Blackfin jack,3,Marine fishes,37,Miscellaneous pelagic fishes,1527,Pelagic Marine Fish,4,Fish and other fishing products,42,"Fish live, fresh or chilled for human consumption",426,"Other pelagic fish, live, fresh or chilled"
LJU,Blackfin snapper,3,Marine fishes,33,Miscellaneous coastal fishes,1514,Demersal Marine Fish,4,Fish and other fishing products,42,"Fish live, fresh or chilled for human consumption",429,"Other fish, live, fresh or chilled"
EPD,Blackfin snook,3,Marine fishes,33,Miscellaneous coastal fishes,1514,Demersal Marine Fish,4,Fish and other fishing products,42,"Fish live, fresh or chilled for human consumption",429,"Other fish, live, fresh or chilled"
BLF,Blackfin tuna,3,Marine fishes,36,"Tunas, bonitos, billfishes",1527,Pelagic Marine Fish,4,Fish and other fishing products,42,"Fish live, fresh or chilled for human consumption",425,"Tunas, skipjack or stripe-bellied bonito, live, fresh or chilled"
TJZ,Blackflash ribbonfish,3,Marine fishes,37,Miscellaneous pelagic fishes,1527,Pelagic Marine Fish,4,Fish and other fishing products,42,"Fish live, fresh or chilled for human consumption",426,"Other pelagic fish, live, fresh or chilled"
NEN,Black gemfish,3,Marine fishes,34,Miscellaneous demersal fishes,1514,Demersal Marine Fish,4,Fish and other fishing products,42,"Fish live, fresh or chilled for human consumption",429,"Other fish, live, fresh or chilled"
RVM,Blackgill rockfish,3,Marine fishes,34,Miscellaneous demersal fishes,1514,Demersal Marine Fish,4,Fish and other fishing products,42,"Fish live, fresh or chilled for human consumption",429,"Other fish, live, fresh or chilled"
GBN,Black goby,3,Marine fishes,33,Miscellaneous coastal fishes,1514,Demersal Marine Fish,4,Fish and other fishing products,42,"Fish live, fresh or chilled for human consumption",429,"Other fish, live, fresh or chilled"
MAB,Black grouper,3,Marine fishes,33,Miscellaneous coastal fishes,1514,Demersal Marine Fish,4,Fish and other fishing products,42,"Fish live, fresh or chilled for human consumption",429,"Other fish, live, fresh or chilled"
HLO,Black grunt,3,Marine fishes,33,Miscellaneous coastal fishes,1514,Demersal Marine Fish,4,Fish and other fishing products,42,"Fish live, fresh or chilled for human consumption",429,"Other fish, live, fresh or chilled"
MLM,Blackhead seabream,3,Marine fishes,33,Miscellaneous coastal fishes,1514,Demersal Marine Fish,4,Fish and other fishing products,42,"Fish live, fresh or chilled for human consumption",429,"Other fish, live, fresh or chilled"
NXU,Black jack,3,Marine fishes,37,Miscellaneous pelagic fishes,1527,Pelagic Marine Fish,4,Fish and other fishing products,42,"Fish live, fresh or chilled for human consumption",426,"Other pelagic fish, live, fresh or chilled"
RAH,Black legskate,3,Marine fishes,38,"Sharks, rays, chimaeras",1514,Demersal Marine Fish,4,Fish and other fishing products,42,"Fish live, fresh or chilled for human consumption",429,"Other fish, live, fresh or chilled"
ABR,Blacklip abalone,5,Molluscs,52,"Abalones, winkles, conchs",1562,Molluscs excl. Cephalopods,4,Fish and other fishing products,44,"Molluscs live, fresh or chilled",441,"Abalone, live, fresh or chilled"
PNM,Blacklip pearl oyster,8,Miscellaneous aquatic animal products,81,"Pearls, mother-of-pearl, shells",,,4,Fish and other fishing products,49,Other aquatic plants and animals,491,"Coral and similar products, shells of molluscs, crustaceans or echinoderms and cuttle-bone; live aquatic plants and animals for ornamental purpose"
HNU,Black margate,3,Marine fishes,33,Miscellaneous coastal fishes,1514,Demersal Marine Fish,4,Fish and other fishing products,42,"Fish live, fresh or chilled for human consumption",429,"Other fish, live, fresh or chilled"
BLM,Black marlin,3,Marine fishes,36,"Tunas, bonitos, billfishes",1527,Pelagic Marine Fish,4,Fish and other fishing products,42,"Fish live, fresh or chilled for human consumption",426,"Other pelagic fish, live, fresh or chilled"
SHO,Blackmouth catshark,3,Marine fishes,38,"Sharks, rays, chimaeras",1514,Demersal Marine Fish,4,Fish and other fishing products,42,"Fish live, fresh or chilled for human consumption",429,"Other fish, live, fresh or chilled"
CRL,Blackmouth croaker,3,Marine fishes,33,Miscellaneous coastal fishes,1514,Demersal Marine Fish,4,Fish and other fishing products,42,"Fish live, fresh or chilled for human consumption",429,"Other fish, live, fresh or chilled"
SYN,Blackmouth splitfin,3,Marine fishes,34,Miscellaneous demersal fishes,1514,Demersal Marine Fish,4,Fish and other fishing products,42,"Fish live, fresh or chilled for human consumption",429,"Other fish, live, fresh or chilled"
CYM,Black musselcracker,3,Marine fishes,33,Miscellaneous coastal fishes,1514,Demersal Marine Fish,4,Fish and other fishing products,42,"Fish live, fresh or chilled for human consumption",429,"Other fish, live, fresh or chilled"
CCN,Blacknose shark,3,Marine fishes,38,"Sharks, rays, chimaeras",1514,Demersal Marine Fish,4,Fish and other fishing products,42,"Fish live, fresh or chilled for human consumption",429,"Other fish, live, fresh or chilled"
BOE,Black oreo,3,Marine fishes,34,Miscellaneous demersal fishes,1514,Demersal Marine Fish,4,Fish and other fishing products,42,"Fish live, fresh or chilled for human consumption",429,"Other fish, live, fresh or chilled"
POB,Black pomfret,3,Marine fishes,37,Miscellaneous pelagic fishes,1527,Pelagic Marine Fish,4,Fish and other fishing products,42,"Fish live, fresh or chilled for human consumption",426,"Other pelagic fish, live, fresh or chilled"
QPN,Black prochilodus,1,Freshwater fishes,13,Miscellaneous freshwater fishes,1501,Freshwater and Diadromous Fish,4,Fish and other fishing products,42,"Fish live, fresh or chilled for human consumption",421,"Freshwater fish, live, fresh or chilled"
NOC,Black rockcod,3,Marine fishes,33,Miscellaneous coastal fishes,1514,Demersal Marine Fish,4,Fish and other fishing products,42,"Fish live, fresh or chilled for human consumption",429,"Other fish, live, fresh or chilled"
RMG,Black rockfish,3,Marine fishes,34,Miscellaneous demersal fishes,1514,Demersal Marine Fish,4,Fish and other fishing products,42,"Fish live, fresh or chilled for human consumption",429,"Other fish, live, fresh or chilled"
BSF,Black scabbardfish,3,Marine fishes,34,Miscellaneous demersal fishes,1514,Demersal Marine Fish,4,Fish and other fishing products,42,"Fish live, fresh or chilled for human consumption",429,"Other fish, live, fresh or chilled"
BBS,Black scorpionfish,3,Marine fishes,34,Miscellaneous demersal fishes,1514,Demersal Marine Fish,4,Fish and other fishing products,42,"Fish live, fresh or chilled for human consumption",429,"Other fish, live, fresh or chilled"
BSB,Black seabass,3,Marine fishes,33,Miscellaneous coastal fishes,1514,Demersal Marine Fish,4,Fish and other fishing products,42,"Fish live, fresh or chilled for human consumption",429,"Other fish, live, fresh or chilled"
BRB,Black seabream,3,Marine fishes,33,Miscellaneous coastal fishes,1514,Demersal Marine Fish,4,Fish and other fishing products,42,"Fish live, fresh or chilled for human consumption",429,"Other fish, live, fresh or chilled"
UKB,Black sea urchin,7,Miscellaneous aquatic animals,76,Sea-urchins and other echinoderms,1587,Aquatic Animals NEI,4,Fish and other fishing products,45,"Other aquatic invertebrates, live, fresh or chilled",452,"Sea urchins, live, fresh or chilled"
BKJ,Black skipjack,3,Marine fishes,36,"Tunas, bonitos, billfishes",1527,Pelagic Marine Fish,4,Fish and other fishing products,42,"Fish live, fresh or chilled for human consumption",426,"Other pelagic fish, live, fresh or chilled"
ASX,Black snapper,3,Marine fishes,33,Miscellaneous coastal fishes,1514,Demersal Marine Fish,4,Fish and other fishing products,42,"Fish live, fresh or chilled for human consumption",429,"Other fish, live, fresh or chilled"
EPG,Black snook,3,Marine fishes,33,Miscellaneous coastal fishes,1514,Demersal Marine Fish,4,Fish and other fishing products,42,"Fish live, fresh or chilled for human consumption",429,"Other fish, live, fresh or chilled"
HNG,Black sole,3,Marine fishes,31,"Flounders, halibuts, soles",1514,Demersal Marine Fish,4,Fish and other fishing products,42,"Fish live, fresh or chilled for human consumption",423,"Flatfish, live, fresh or chilled"
SBR,Blackspot seabream,3,Marine fishes,33,Miscellaneous coastal fishes,1514,Demersal Marine Fish,4,Fish and other fishing products,42,"Fish live, fresh or chilled for human consumption",429,"Other fish, live, fresh or chilled"
CCI,Blackspot shark,3,Marine fishes,38,"Sharks, rays, chimaeras",1514,Demersal Marine Fish,4,Fish and other fishing products,42,"Fish live, fresh or chilled for human consumption",429,"Other fish, live, fresh or chilled"
LWE,Blackspot snapper,3,Marine fishes,33,Miscellaneous coastal fishes,1514,Demersal Marine Fish,4,Fish and other fishing products,42,"Fish live, fresh or chilled for human consumption",429,"Other fish, live, fresh or chilled"
GQT,Blackspotted rubberlip,3,Marine fishes,33,Miscellaneous coastal fishes,1514,Demersal Marine Fish,4,Fish and other fishing products,42,"Fish live, fresh or chilled for human consumption",429,"Other fish, live, fresh or chilled"
MPT,Blackspotted smooth-hound,3,Marine fishes,38,"Sharks, rays, chimaeras",1514,Demersal Marine Fish,4,Fish and other fishing products,42,"Fish live, fresh or chilled for human consumption",429,"Other fish, live, fresh or chilled"
STC,Black stone crab,4,Crustaceans,42,"Crabs, sea-spiders",1553,Crustaceans,4,Fish and other fishing products,43,"Crustaceans, live, fresh or chilled",431,"Crabs, live, fresh or chilled"
NWS,Black-streaked monocle bream,3,Marine fishes,33,Miscellaneous coastal fishes,1514,Demersal Marine Fish,4,Fish and other fishing products,42,"Fish live, fresh or chilled for human consumption",429,"Other fish, live, fresh or chilled"
SHQ,Black-striped pipefish,3,Marine fishes,33,Miscellaneous coastal fishes,1514,Demersal Marine Fish,4,Fish and other fishing products,42,"Fish live, fresh or chilled for human consumption",429,"Other fish, live, fresh or chilled"
AQQ,Black surgeonfish,3,Marine fishes,33,Miscellaneous coastal fishes,1514,Demersal Marine Fish,4,Fish and other fishing products,42,"Fish live, fresh or chilled for human consumption",429,"Other fish, live, fresh or chilled"
WSA,Blacktail comber,3,Marine fishes,33,Miscellaneous coastal fishes,1514,Demersal Marine Fish,4,Fish and other fishing products,42,"Fish live, fresh or chilled for human consumption",429,"Other fish, live, fresh or chilled"
LJV,Blacktail snapper,3,Marine fishes,33,Miscellaneous coastal fishes,1514,Demersal Marine Fish,4,Fish and other fishing products,42,"Fish live, fresh or chilled for human consumption",429,"Other fish, live, fresh or chilled"
HFN,Black teatfish,7,Miscellaneous aquatic animals,76,Sea-urchins and other echinoderms,1587,Aquatic Animals NEI,4,Fish and other fishing products,45,"Other aquatic invertebrates, live, fresh or chilled",451,"Sea cucumbers, live, fresh or chilled"
OEB,Blackthroat seaperch,3,Marine fishes,34,Miscellaneous demersal fishes,1514,Demersal Marine Fish,4,Fish and other fishing products,42,"Fish live, fresh or chilled for human consumption",429,"Other fish, live, fresh or chilled"
EEA,Blacktip grouper,3,Marine fishes,33,Miscellaneous coastal fishes,1514,Demersal Marine Fish,4,Fish and other fishing products,42,"Fish live, fresh or chilled for human consumption",429,"Other fish, live, fresh or chilled"
BLR,Blacktip reef shark,3,Marine fishes,38,"Sharks, rays, chimaeras",1514,Demersal Marine Fish,4,Fish and other fishing products,42,"Fish live, fresh or chilled for human consumption",429,"Other fish, live, fresh or chilled"
CCL,Blacktip shark,3,Marine fishes,38,"Sharks, rays, chimaeras",1514,Demersal Marine Fish,4,Fish and other fishing products,42,"Fish live, fresh or chilled for human consumption",429,"Other fish, live, fresh or chilled"
MEN,Black triggerfish,3,Marine fishes,33,Miscellaneous coastal fishes,1514,Demersal Marine Fish,4,Fish and other fishing products,42,"Fish live, fresh or chilled for human consumption",429,"Other fish, live, fresh or chilled"
HDR,Black wing flyingfish,3,Marine fishes,37,Miscellaneous pelagic fishes,1527,Pelagic Marine Fish,4,Fish and other fishing products,42,"Fish live, fresh or chilled for human consumption",426,"Other pelagic fish, live, fresh or chilled"
BBW,Blainville's beaked whale,6,"Whales, seals and other aquatic mammals",62,"Sperm-whales, pilot-whales",1579,Aquatic Mammals,,,,,,
ALR,Bleak,1,Freshwater fishes,11,"Carps, barbels and other cyprinids",1501,Freshwater and Diadromous Fish,4,Fish and other fishing products,42,"Fish live, fresh or chilled for human consumption",421,"Freshwater fish, live, fresh or chilled"
CNS,Bloch's gizzard shad,2,Diadromous fishes,24,Shads,1501,Freshwater and Diadromous Fish,4,Fish and other fishing products,42,"Fish live, fresh or chilled for human consumption",429,"Other fish, live, fresh or chilled"
RJH,Blonde ray,3,Marine fishes,38,"Sharks, rays, chimaeras",1514,Demersal Marine Fish,4,Fish and other fishing products,42,"Fish live, fresh or chilled for human consumption",429,"Other fish, live, fresh or chilled"
NDZ,Blood ark,5,Molluscs,56,"Clams, cockles, arkshells",1562,Molluscs excl. Cephalopods,4,Fish and other fishing products,44,"Molluscs live, fresh or chilled",445,"Clams, cockles and ark shells, live, fresh or chilled"
BLC,Blood cockle,5,Molluscs,56,"Clams, cockles, arkshells",1562,Molluscs excl. Cephalopods,4,Fish and other fishing products,44,"Molluscs live, fresh or chilled",445,"Clams, cockles and ark shells, live, fresh or chilled"
GLD,Bloodworm,7,Miscellaneous aquatic animals,77,Miscellaneous aquatic invertebrates,1587,Aquatic Animals NEI,4,Fish and other fishing products,45,"Other aquatic invertebrates, live, fresh or chilled",459,"Other aquatic invertebrates, live, fresh or chilled, n.e.c."
BPI,Blotched picarel,3,Marine fishes,33,Miscellaneous coastal fishes,1514,Demersal Marine Fish,4,Fish and other fishing products,42,"Fish live, fresh or chilled for human consumption",429,"Other fish, live, fresh or chilled"
NGY,Bludger,3,Marine fishes,37,Miscellaneous pelagic fishes,1527,Pelagic Marine Fish,4,Fish and other fishing products,42,"Fish live, fresh or chilled for human consumption",426,"Other pelagic fish, live, fresh or chilled"
ARA,Blue and red shrimp,4,Crustaceans,45,"Shrimps, prawns",1553,Crustaceans,4,Fish and other fishing products,43,"Crustaceans, live, fresh or chilled",436,"Other shrimps and prawns, live, fresh or chilled"
ANT,Blue antimora,3,Marine fishes,32,"Cods, hakes, haddocks",1514,Demersal Marine Fish,4,Fish and other fishing products,42,"Fish live, fresh or chilled for human consumption",424,"Fish of Gadiformes, live, fresh or chilled"
BBH,Blueback shad,2,Diadromous fishes,24,Shads,1501,Freshwater and Diadromous Fish,4,Fish and other fishing products,42,"Fish live, fresh or chilled for human consumption",429,"Other fish, live, fresh or chilled"
USY,Blue-barred parrotfish,3,Marine fishes,33,Miscellaneous coastal fishes,1514,Demersal Marine Fish,4,Fish and other fishing products,42,"Fish live, fresh or chilled for human consumption",429,"Other fish, live, fresh or chilled"
OYO,Blue bobo,3,Marine fishes,33,Miscellaneous coastal fishes,1514,Demersal Marine Fish,4,Fish and other fishing products,42,"Fish live, fresh or chilled for human consumption",429,"Other fish, live, fresh or chilled"
BLB,Blue butterfish,3,Marine fishes,37,Miscellaneous pelagic fishes,1527,Pelagic Marine Fish,4,Fish and other fishing products,42,"Fish live, fresh or chilled for human consumption",426,"Other pelagic fish, live, fresh or chilled"
ITF,Blue catfish,1,Freshwater fishes,13,Miscellaneous freshwater fishes,1501,Freshwater and Diadromous Fish,4,Fish and other fishing products,42,"Fish live, fresh or chilled for human consumption",421,"Freshwater fish, live, fresh or chilled"
CRB,Blue crab,4,Crustaceans,42,"Crabs, sea-spiders",1553,Crustaceans,4,Fish and other fishing products,43,"Crustaceans, live, fresh or chilled",431,"Crabs, live, fresh or chilled"
UBA,Blue fathead,3,Marine fishes,37,Miscellaneous pelagic fishes,1527,Pelagic Marine Fish,4,Fish and other fishing products,42,"Fish live, fresh or chilled for human consumption",426,"Other pelagic fish, live, fresh or chilled"
KUG,Bluefin gurnard,3,Marine fishes,34,Miscellaneous demersal fishes,1514,Demersal Marine Fish,4,Fish and other fishing products,42,"Fish live, fresh or chilled for human consumption",429,"Other fish, live, fresh or chilled"
NXM,Bluefin trevally,3,Marine fishes,37,Miscellaneous pelagic fishes,1527,Pelagic Marine Fish,4,Fish and other fishing products,42,"Fish live, fresh or chilled for human consumption",426,"Other pelagic fish, live, fresh or chilled"
BLU,Bluefish,3,Marine fishes,37,Miscellaneous pelagic fishes,1527,Pelagic Marine Fish,4,Fish and other fishing products,42,"Fish live, fresh or chilled for human consumption",426,"Other pelagic fish, live, fresh or chilled"
LMM,Bluegill,1,Freshwater fishes,13,Miscellaneous freshwater fishes,1501,Freshwater and Diadromous Fish,4,Fish and other fishing products,42,"Fish live, fresh or chilled for human consumption",421,"Freshwater fish, live, fresh or chilled"
GRN,Blue grenadier,3,Marine fishes,32,"Cods, hakes, haddocks",1514,Demersal Marine Fish,4,Fish and other fishing products,42,"Fish live, fresh or chilled for human consumption",424,"Fish of Gadiformes, live, fresh or chilled"
TMF,Bluehead,3,Marine fishes,33,Miscellaneous coastal fishes,1514,Demersal Marine Fish,4,Fish and other fishing products,42,"Fish live, fresh or chilled for human consumption",429,"Other fish, live, fresh or chilled"
HOT,Blue hottentot,3,Marine fishes,33,Miscellaneous coastal fishes,1514,Demersal Marine Fish,4,Fish and other fishing products,42,"Fish live, fresh or chilled for human consumption",429,"Other fish, live, fresh or chilled"
JAA,Blue jack mackerel,3,Marine fishes,37,Miscellaneous pelagic fishes,1527,Pelagic Marine Fish,4,Fish and other fishing products,42,"Fish live, fresh or chilled for human consumption",426,"Other pelagic fish, live, fresh or chilled"
KCI,Blue king crab,4,Crustaceans,44,"King crabs, squat-lobsters",1553,Crustaceans,4,Fish and other fishing products,43,"Crustaceans, live, fresh or chilled",439,"Other crustaceans, live, fresh or chilled"
IOD,Blue-leg swimcrab,4,Crustaceans,42,"Crabs, sea-spiders",1553,Crustaceans,4,Fish and other fishing products,43,"Crustaceans, live, fresh or chilled",431,"Crabs, live, fresh or chilled"
GMW,Blue-lined large-eye bream,3,Marine fishes,33,Miscellaneous coastal fishes,1514,Demersal Marine Fish,4,Fish and other fishing products,42,"Fish live, fresh or chilled for human consumption",429,"Other fish, live, fresh or chilled"
LWN,Blueline snapper,3,Marine fishes,33,Miscellaneous coastal fishes,1514,Demersal Marine Fish,4,Fish and other fishing products,42,"Fish live, fresh or chilled for human consumption",429,"Other fish, live, fresh or chilled"
BLI,Blue ling,3,Marine fishes,32,"Cods, hakes, haddocks",1514,Demersal Marine Fish,4,Fish and other fishing products,42,"Fish live, fresh or chilled for human consumption",424,"Fish of Gadiformes, live, fresh or chilled"
MAA,Blue mackerel,3,Marine fishes,37,Miscellaneous pelagic fishes,1527,Pelagic Marine Fish,4,Fish and other fishing products,42,"Fish live, fresh or chilled for human consumption",426,"Other pelagic fish, live, fresh or chilled"
OIV,Blue maomao,3,Marine fishes,33,Miscellaneous coastal fishes,1514,Demersal Marine Fish,4,Fish and other fishing products,42,"Fish live, fresh or chilled for human consumption",429,"Other fish, live, fresh or chilled"
BUM,Blue marlin,3,Marine fishes,36,"Tunas, bonitos, billfishes",1527,Pelagic Marine Fish,4,Fish and other fishing products,42,"Fish live, fresh or chilled for human consumption",426,"Other pelagic fish, live, fresh or chilled"
BMO,Blue moki,3,Marine fishes,34,Miscellaneous demersal fishes,1514,Demersal Marine Fish,4,Fish and other fishing products,42,"Fish live, fresh or chilled for human consumption",429,"Other fish, live, fresh or chilled"
UOP,Blue mud shrimp,4,Crustaceans,43,"Lobsters, spiny-rock lobsters",1553,Crustaceans,4,Fish and other fishing products,43,"Crustaceans, live, fresh or chilled",439,"Other crustaceans, live, fresh or chilled"
MUS,Blue mussel,5,Molluscs,54,Mussels,1562,Molluscs excl. Cephalopods,4,Fish and other fishing products,44,"Molluscs live, fresh or chilled",443,"Mussels, live, fresh or chilled"
OXW,"Blue-Nile tilapia, hybrid",1,Freshwater fishes,12,Tilapias and other cichlids,1501,Freshwater and Diadromous Fish,4,Fish and other fishing products,42,"Fish live, fresh or chilled for human consumption",421,"Freshwater fish, live, fresh or chilled"
BWA,Bluenose warehou,3,Marine fishes,34,Miscellaneous demersal fishes,1514,Demersal Marine Fish,4,Fish and other fishing products,42,"Fish live, fresh or chilled for human consumption",429,"Other fish, live, fresh or chilled"
USU,Blue parrotfish,3,Marine fishes,33,Miscellaneous coastal fishes,1514,Demersal Marine Fish,4,Fish and other fishing products,42,"Fish live, fresh or chilled for human consumption",429,"Other fish, live, fresh or chilled"
SFY,Blue rockfish,3,Marine fishes,34,Miscellaneous demersal fishes,1514,Demersal Marine Fish,4,Fish and other fishing products,42,"Fish live, fresh or chilled for human consumption",429,"Other fish, live, fresh or chilled"
RUB,Blue runner,3,Marine fishes,37,Miscellaneous pelagic fishes,1527,Pelagic Marine Fish,4,Fish and other fishing products,42,"Fish live, fresh or chilled for human consumption",426,"Other pelagic fish, live, fresh or chilled"
KYC,Blue sea chub,3,Marine fishes,33,Miscellaneous coastal fishes,1514,Demersal Marine Fish,4,Fish and other fishing products,42,"Fish live, fresh or chilled for human consumption",429,"Other fish, live, fresh or chilled"
BSH,Blue shark,3,Marine fishes,38,"Sharks, rays, chimaeras",1514,Demersal Marine Fish,4,Fish and other fishing products,42,"Fish live, fresh or chilled for human consumption",429,"Other fish, live, fresh or chilled"
PNS,Blue shrimp,4,Crustaceans,45,"Shrimps, prawns",1553,Crustaceans,4,Fish and other fishing products,43,"Crustaceans, live, fresh or chilled",436,"Other shrimps and prawns, live, fresh or chilled"
RJB,Blue skate,3,Marine fishes,38,"Sharks, rays, chimaeras",1514,Demersal Marine Fish,4,Fish and other fishing products,42,"Fish live, fresh or chilled for human consumption",429,"Other fish, live, fresh or chilled"
NAS,Bluespine unicornfish,3,Marine fishes,33,Miscellaneous coastal fishes,1514,Demersal Marine Fish,4,Fish and other fishing products,42,"Fish live, fresh or chilled for human consumption",429,"Other fish, live, fresh or chilled"
VMH,Bluespot mullet,3,Marine fishes,33,Miscellaneous coastal fishes,1514,Demersal Marine Fish,4,Fish and other fishing products,42,"Fish live, fresh or chilled for human consumption",429,"Other fish, live, fresh or chilled"
FIO,Bluespotted cornetfish,3,Marine fishes,33,Miscellaneous coastal fishes,1514,Demersal Marine Fish,4,Fish and other fishing products,42,"Fish live, fresh or chilled for human consumption",429,"Other fish, live, fresh or chilled"
EFA,Bluespotted seabass,3,Marine fishes,33,Miscellaneous coastal fishes,1514,Demersal Marine Fish,4,Fish and other fishing products,42,"Fish live, fresh or chilled for human consumption",429,"Other fish, live, fresh or chilled"
BSC,Bluespotted seabream,3,Marine fishes,33,Miscellaneous coastal fishes,1514,Demersal Marine Fish,4,Fish and other fishing products,42,"Fish live, fresh or chilled for human consumption",429,"Other fish, live, fresh or chilled"
CZJ,Blue squat lobster,4,Crustaceans,44,"King crabs, squat-lobsters",1553,Crustaceans,4,Fish and other fishing products,43,"Crustaceans, live, fresh or chilled",439,"Other crustaceans, live, fresh or chilled"
ELH,Bluestreak drum,3,Marine fishes,33,Miscellaneous coastal fishes,1514,Demersal Marine Fish,4,Fish and other fishing products,42,"Fish live, fresh or chilled for human consumption",429,"Other fish, live, fresh or chilled"
ECO,Bluestriped chub,3,Marine fishes,33,Miscellaneous coastal fishes,1514,Demersal Marine Fish,4,Fish and other fishing products,42,"Fish live, fresh or chilled for human consumption",429,"Other fish, live, fresh or chilled"
HHI,Bluestriped grunt,3,Marine fishes,33,Miscellaneous coastal fishes,1514,Demersal Marine Fish,4,Fish and other fishing products,42,"Fish live, fresh or chilled for human consumption",429,"Other fish, live, fresh or chilled"
HES,Bluestripe herring,3,Marine fishes,35,"Herrings, sardines, anchovies",1527,Pelagic Marine Fish,4,Fish and other fishing products,42,"Fish live, fresh or chilled for human consumption",426,"Other pelagic fish, live, fresh or chilled"
SCD,Blue swimming crab,4,Crustaceans,42,"Crabs, sea-spiders",1553,Crustaceans,4,Fish and other fishing products,43,"Crustaceans, live, fresh or chilled",431,"Crabs, live, fresh or chilled"
AQO,Blue tang surgeonfish,3,Marine fishes,33,Miscellaneous coastal fishes,1514,Demersal Marine Fish,4,Fish and other fishing products,42,"Fish live, fresh or chilled for human consumption",429,"Other fish, live, fresh or chilled"
OEA,Blue tilapia,1,Freshwater fishes,12,Tilapias and other cichlids,1501,Freshwater and Diadromous Fish,4,Fish and other fishing products,42,"Fish live, fresh or chilled for human consumption",421,"Freshwater fish, live, fresh or chilled"
CRF,Blue trevally,3,Marine fishes,37,Miscellaneous pelagic fishes,1527,Pelagic Marine Fish,4,Fish and other fishing products,42,"Fish live, fresh or chilled for human consumption",426,"Other pelagic fish, live, fresh or chilled"
BLW,Blue whale,6,"Whales, seals and other aquatic mammals",61,"Blue-whales, fin-whales",1579,Aquatic Mammals,,,,,,
WHB,Blue whiting(=Poutassou),3,Marine fishes,32,"Cods, hakes, haddocks",1514,Demersal Marine Fish,4,Fish and other fishing products,42,"Fish live, fresh or chilled for human consumption",424,"Fish of Gadiformes, live, fresh or chilled"
SBL,Bluntnose sixgill shark,3,Marine fishes,38,"Sharks, rays, chimaeras",1514,Demersal Marine Fish,4,Fish and other fishing products,42,"Fish live, fresh or chilled for human consumption",429,"Other fish, live, fresh or chilled"
LRN,Blunt-toothed African catfish,1,Freshwater fishes,13,Miscellaneous freshwater fishes,1501,Freshwater and Diadromous Fish,4,Fish and other fishing products,42,"Fish live, fresh or chilled for human consumption",421,"Freshwater fish, live, fresh or chilled"
SBB,Boa dragonfish,3,Marine fishes,34,Miscellaneous demersal fishes,1514,Demersal Marine Fish,4,Fish and other fishing products,42,"Fish live, fresh or chilled for human consumption",429,"Other fish, live, fresh or chilled"
BOC,Boarfish,3,Marine fishes,34,Miscellaneous demersal fishes,1514,Demersal Marine Fish,4,Fish and other fishing products,42,"Fish live, fresh or chilled for human consumption",429,"Other fish, live, fresh or chilled"
BOR,Boarfishes NEI,3,Marine fishes,34,Miscellaneous demersal fishes,1514,Demersal Marine Fish,4,Fish and other fishing products,42,"Fish live, fresh or chilled for human consumption",429,"Other fish, live, fresh or chilled"
PSE,Bobo croaker,3,Marine fishes,33,Miscellaneous coastal fishes,1514,Demersal Marine Fish,4,Fish and other fishing products,42,"Fish live, fresh or chilled for human consumption",429,"Other fish, live, fresh or chilled"
MUA,Bobo mullet,3,Marine fishes,33,Miscellaneous coastal fishes,1514,Demersal Marine Fish,4,Fish and other fishing products,42,"Fish live, fresh or chilled for human consumption",429,"Other fish, live, fresh or chilled"
SBC,Bocaccio rockfish,3,Marine fishes,34,Miscellaneous demersal fishes,1514,Demersal Marine Fish,4,Fish and other fishing products,42,"Fish live, fresh or chilled for human consumption",429,"Other fish, live, fresh or chilled"
BAY,Bocon toadfish,3,Marine fishes,33,Miscellaneous coastal fishes,1514,Demersal Marine Fish,4,Fish and other fishing products,42,"Fish live, fresh or chilled for human consumption",429,"Other fish, live, fresh or chilled"
BDY,[Bodianus spp],3,Marine fishes,33,Miscellaneous coastal fishes,1514,Demersal Marine Fish,4,Fish and other fishing products,42,"Fish live, fresh or chilled for human consumption",429,"Other fish, live, fresh or chilled"
DRS,Boe drum,3,Marine fishes,33,Miscellaneous coastal fishes,1514,Demersal Marine Fish,4,Fish and other fishing products,42,"Fish live, fresh or chilled for human consumption",429,"Other fish, live, fresh or chilled"
BOG,Bogue,3,Marine fishes,33,Miscellaneous coastal fishes,1514,Demersal Marine Fish,4,Fish and other fishing products,42,"Fish live, fresh or chilled for human consumption",429,"Other fish, live, fresh or chilled"
BUC,Bombay-duck,3,Marine fishes,33,Miscellaneous coastal fishes,1514,Demersal Marine Fish,4,Fish and other fishing products,42,"Fish live, fresh or chilled for human consumption",429,"Other fish, live, fresh or chilled"
BOF,Bonefish,3,Marine fishes,33,Miscellaneous coastal fishes,1514,Demersal Marine Fish,4,Fish and other fishing products,42,"Fish live, fresh or chilled for human consumption",429,"Other fish, live, fresh or chilled"
BOA,Bonga shad,3,Marine fishes,35,"Herrings, sardines, anchovies",1527,Pelagic Marine Fish,4,Fish and other fishing products,42,"Fish live, fresh or chilled for human consumption",426,"Other pelagic fish, live, fresh or chilled"
BZX,Bonitos NEI,3,Marine fishes,36,"Tunas, bonitos, billfishes",1527,Pelagic Marine Fish,4,Fish and other fishing products,42,"Fish live, fresh or chilled for human consumption",426,"Other pelagic fish, live, fresh or chilled"
SPJ,Bonnethead,3,Marine fishes,38,"Sharks, rays, chimaeras",1514,Demersal Marine Fish,4,Fish and other fishing products,42,"Fish live, fresh or chilled for human consumption",429,"Other fish, live, fresh or chilled"
EMT,"Bonnetmouths, rubyfishes NEI",3,Marine fishes,34,Miscellaneous demersal fishes,1514,Demersal Marine Fish,4,Fish and other fishing products,42,"Fish live, fresh or chilled for human consumption",429,"Other fish, live, fresh or chilled"
BOT,Boto,6,"Whales, seals and other aquatic mammals",62,"Sperm-whales, pilot-whales",1579,Aquatic Mammals,,,,,,
DBO,Bottlenose dolphin,6,"Whales, seals and other aquatic mammals",62,"Sperm-whales, pilot-whales",1579,Aquatic Mammals,,,,,,
MZU,Bottlenose fishes NEI,1,Freshwater fishes,13,Miscellaneous freshwater fishes,1501,Freshwater and Diadromous Fish,4,Fish and other fishing products,42,"Fish live, fresh or chilled for human consumption",421,"Freshwater fish, live, fresh or chilled"
AAC,Bowfin,1,Freshwater fishes,13,Miscellaneous freshwater fishes,1501,Freshwater and Diadromous Fish,4,Fish and other fishing products,42,"Fish live, fresh or chilled for human consumption",421,"Freshwater fish, live, fresh or chilled"
BMY,Bowhead whale,6,"Whales, seals and other aquatic mammals",61,"Blue-whales, fin-whales",1579,Aquatic Mammals,,,,,,
BXF,Boxfishes NEI,3,Marine fishes,33,Miscellaneous coastal fishes,1514,Demersal Marine Fish,4,Fish and other fishing products,42,"Fish live, fresh or chilled for human consumption",429,"Other fish, live, fresh or chilled"
ODL,Boxlip mullet,3,Marine fishes,33,Miscellaneous coastal fishes,1514,Demersal Marine Fish,4,Fish and other fishing products,42,"Fish live, fresh or chilled for human consumption",429,"Other fish, live, fresh or chilled"
BXP,[Brachyplatystoma rousseauxii],1,Freshwater fishes,13,Miscellaneous freshwater fishes,1501,Freshwater and Diadromous Fish,4,Fish and other fishing products,42,"Fish live, fresh or chilled for human consumption",421,"Freshwater fish, live, fresh or chilled"
BER,[Brachypterois serrulata],3,Marine fishes,34,Miscellaneous demersal fishes,1514,Demersal Marine Fish,4,Fish and other fishing products,42,"Fish live, fresh or chilled for human consumption",429,"Other fish, live, fresh or chilled"
BRA,[Brama spp],3,Marine fishes,37,Miscellaneous pelagic fishes,1527,Pelagic Marine Fish,4,Fish and other fishing products,42,"Fish live, fresh or chilled for human consumption",426,"Other pelagic fish, live, fresh or chilled"
SHB,Bramble shark,3,Marine fishes,38,"Sharks, rays, chimaeras",1514,Demersal Marine Fish,4,Fish and other fishing products,42,"Fish live, fresh or chilled for human consumption",429,"Other fish, live, fresh or chilled"
DVO,Brassy grunt,3,Marine fishes,33,Miscellaneous coastal fishes,1514,Demersal Marine Fish,4,Fish and other fishing products,42,"Fish live, fresh or chilled for human consumption",429,"Other fish, live, fresh or chilled"
HKU,Brazilian codling,3,Marine fishes,32,"Cods, hakes, haddocks",1514,Demersal Marine Fish,4,Fish and other fishing products,42,"Fish live, fresh or chilled for human consumption",424,"Fish of Gadiformes, live, fresh or chilled"
FLA,Brazilian flathead,3,Marine fishes,33,Miscellaneous coastal fishes,1514,Demersal Marine Fish,4,Fish and other fishing products,42,"Fish live, fresh or chilled for human consumption",429,"Other fish, live, fresh or chilled"
GPB,Brazilian groupers NEI,3,Marine fishes,33,Miscellaneous coastal fishes,1514,Demersal Marine Fish,4,Fish and other fishing products,42,"Fish live, fresh or chilled for human consumption",429,"Other fish, live, fresh or chilled"
MHS,Brazilian menhaden,3,Marine fishes,35,"Herrings, sardines, anchovies",1527,Pelagic Marine Fish,4,Fish and other fishing products,42,"Fish live, fresh or chilled for human consumption",426,"Other pelagic fish, live, fresh or chilled"
PJR,Brazilian sandperch,3,Marine fishes,33,Miscellaneous coastal fishes,1514,Demersal Marine Fish,4,Fish and other fishing products,42,"Fish live, fresh or chilled for human consumption",429,"Other fish, live, fresh or chilled"
BSR,Brazilian sardinella,3,Marine fishes,35,"Herrings, sardines, anchovies",1527,Pelagic Marine Fish,4,Fish and other fishing products,42,"Fish live, fresh or chilled for human consumption",426,"Other pelagic fish, live, fresh or chilled"
RHL,Brazilian sharpnose shark,3,Marine fishes,38,"Sharks, rays, chimaeras",1514,Demersal Marine Fish,4,Fish and other fishing products,42,"Fish live, fresh or chilled for human consumption",429,"Other fish, live, fresh or chilled"
USZ,Bridled parrotfish,3,Marine fishes,33,Miscellaneous coastal fishes,1514,Demersal Marine Fish,4,Fish and other fishing products,42,"Fish live, fresh or chilled for human consumption",429,"Other fish, live, fresh or chilled"
BLL,Brill,3,Marine fishes,31,"Flounders, halibuts, soles",1514,Demersal Marine Fish,4,Fish and other fishing products,42,"Fish live, fresh or chilled for human consumption",423,"Flatfish, live, fresh or chilled"
AMS,Brine shrimp,4,Crustaceans,47,Miscellaneous marine crustaceans,1553,Crustaceans,4,Fish and other fishing products,43,"Crustaceans, live, fresh or chilled",439,"Other crustaceans, live, fresh or chilled"
AJM,Brine shrimps NEI,4,Crustaceans,47,Miscellaneous marine crustaceans,1553,Crustaceans,4,Fish and other fishing products,43,"Crustaceans, live, fresh or chilled",439,"Other crustaceans, live, fresh or chilled"
BRI,Bristlemouths,3,Marine fishes,34,Miscellaneous demersal fishes,1514,Demersal Marine Fish,4,Fish and other fishing products,42,"Fish live, fresh or chilled for human consumption",429,"Other fish, live, fresh or chilled"
BBM,Broad-barred king mackerel,3,Marine fishes,36,"Tunas, bonitos, billfishes",1527,Pelagic Marine Fish,4,Fish and other fishing products,42,"Fish live, fresh or chilled for human consumption",426,"Other pelagic fish, live, fresh or chilled"
YMX,Broad geloina,5,Molluscs,51,Freshwater molluscs,1562,Molluscs excl. Cephalopods,4,Fish and other fishing products,44,"Molluscs live, fresh or chilled",445,"Clams, cockles and ark shells, live, fresh or chilled"
MWC,Broadgilled hagfish,3,Marine fishes,33,Miscellaneous coastal fishes,1514,Demersal Marine Fish,4,Fish and other fishing products,42,"Fish live, fresh or chilled for human consumption",429,"Other fish, live, fresh or chilled"
IMO,Broad-nosed caiman,7,Miscellaneous aquatic animals,73,Crocodiles and alligators,,,,,,,,
STQ,Broadnosed pipefish,3,Marine fishes,33,Miscellaneous coastal fishes,1514,Demersal Marine Fish,4,Fish and other fishing products,42,"Fish live, fresh or chilled for human consumption",429,"Other fish, live, fresh or chilled"
NTC,Broadnose sevengill shark,3,Marine fishes,38,"Sharks, rays, chimaeras",1514,Demersal Marine Fish,4,Fish and other fishing products,42,"Fish live, fresh or chilled for human consumption",429,"Other fish, live, fresh or chilled"
BZB,Broadnose skate,3,Marine fishes,38,"Sharks, rays, chimaeras",1514,Demersal Marine Fish,4,Fish and other fishing products,42,"Fish live, fresh or chilled for human consumption",429,"Other fish, live, fresh or chilled"
ENP,Broad-striped anchovy,3,Marine fishes,35,"Herrings, sardines, anchovies",1527,Pelagic Marine Fish,4,Fish and other fishing products,42,"Fish live, fresh or chilled for human consumption",426,"Other pelagic fish, live, fresh or chilled"
SQM,Broadtail shortfin squid,5,Molluscs,57,"Squids, cuttlefishes, octopuses",1570,Cephalopods,4,Fish and other fishing products,44,"Molluscs live, fresh or chilled",446,"Cuttlefish and squid, live, fresh or chilled"
ONN,Bronze featherback,1,Freshwater fishes,13,Miscellaneous freshwater fishes,1501,Freshwater and Diadromous Fish,4,Fish and other fishing products,42,"Fish live, fresh or chilled for human consumption",421,"Freshwater fish, live, fresh or chilled"
SVF,Brook trout,2,Diadromous fishes,23,"Salmons, trouts, smelts",1501,Freshwater and Diadromous Fish,4,Fish and other fishing products,42,"Fish live, fresh or chilled for human consumption",422,"Salmonidae, live, fresh or chilled"
GBS,Broomtail grouper,3,Marine fishes,33,Miscellaneous coastal fishes,1514,Demersal Marine Fish,4,Fish and other fishing products,42,"Fish live, fresh or chilled for human consumption",429,"Other fish, live, fresh or chilled"
OBK,[Brotula clarkae],3,Marine fishes,34,Miscellaneous demersal fishes,1514,Demersal Marine Fish,4,Fish and other fishing products,42,"Fish live, fresh or chilled for human consumption",429,"Other fish, live, fresh or chilled"
ITE,Brown bullhead,1,Freshwater fishes,13,Miscellaneous freshwater fishes,1501,Freshwater and Diadromous Fish,4,Fish and other fishing products,42,"Fish live, fresh or chilled for human consumption",421,"Freshwater fish, live, fresh or chilled"
CSN,Brown catshark,3,Marine fishes,38,"Sharks, rays, chimaeras",1514,Demersal Marine Fish,4,Fish and other fishing products,42,"Fish live, fresh or chilled for human consumption",429,"Other fish, live, fresh or chilled"
SRJ,Brown comber,3,Marine fishes,33,Miscellaneous coastal fishes,1514,Demersal Marine Fish,4,Fish and other fishing products,42,"Fish live, fresh or chilled for human consumption",429,"Other fish, live, fresh or chilled"
KCY,Brown king crab,4,Crustaceans,44,"King crabs, squat-lobsters",1553,Crustaceans,4,Fish and other fishing products,43,"Crustaceans, live, fresh or chilled",439,"Other crustaceans, live, fresh or chilled"
EWF,Brown-marbled grouper,3,Marine fishes,33,Miscellaneous coastal fishes,1514,Demersal Marine Fish,4,Fish and other fishing products,42,"Fish live, fresh or chilled for human consumption",429,"Other fish, live, fresh or chilled"
CBM,Brown meagre,3,Marine fishes,33,Miscellaneous coastal fishes,1514,Demersal Marine Fish,4,Fish and other fishing products,42,"Fish live, fresh or chilled for human consumption",429,"Other fish, live, fresh or chilled"
AGK,Brown moray,3,Marine fishes,33,Miscellaneous coastal fishes,1514,Demersal Marine Fish,4,Fish and other fishing products,42,"Fish live, fresh or chilled for human consumption",429,"Other fish, live, fresh or chilled"
JPO,Brown mottled sea cucumber,7,Miscellaneous aquatic animals,76,Sea-urchins and other echinoderms,1587,Aquatic Animals NEI,4,Fish and other fishing products,45,"Other aquatic invertebrates, live, fresh or chilled",451,"Sea cucumbers, live, fresh or chilled"
JAI,Brown ray,3,Marine fishes,38,"Sharks, rays, chimaeras",1514,Demersal Marine Fish,4,Fish and other fishing products,42,"Fish live, fresh or chilled for human consumption",429,"Other fish, live, fresh or chilled"
RIQ,Brown rockfish,3,Marine fishes,34,Miscellaneous demersal fishes,1514,Demersal Marine Fish,4,Fish and other fishing products,42,"Fish live, fresh or chilled for human consumption",429,"Other fish, live, fresh or chilled"
SDW,Brown sea catfish,3,Marine fishes,33,Miscellaneous coastal fishes,1514,Demersal Marine Fish,4,Fish and other fishing products,42,"Fish live, fresh or chilled for human consumption",429,"Other fish, live, fresh or chilled"
SWB,Brown seaweeds,9,Aquatic plants,91,Brown seaweeds,1594,Aquatic Plants,4,Fish and other fishing products,49,Other aquatic plants and animals,493,"Seaweeds and other algae, fresh, frozen or dried, whether or not ground"
CTK,Brown smooth-hound,3,Marine fishes,38,"Sharks, rays, chimaeras",1514,Demersal Marine Fish,4,Fish and other fishing products,42,"Fish live, fresh or chilled for human consumption",429,"Other fish, live, fresh or chilled"
EFH,Brownspotted grouper,3,Marine fishes,33,Miscellaneous coastal fishes,1514,Demersal Marine Fish,4,Fish and other fishing products,42,"Fish live, fresh or chilled for human consumption",429,"Other fish, live, fresh or chilled"
IUT,Brown-spotted spinefoot,3,Marine fishes,33,Miscellaneous coastal fishes,1514,Demersal Marine Fish,4,Fish and other fishing products,42,"Fish live, fresh or chilled for human consumption",429,"Other fish, live, fresh or chilled"
LUJ,Brownstripe red snapper,3,Marine fishes,33,Miscellaneous coastal fishes,1514,Demersal Marine Fish,4,Fish and other fishing products,42,"Fish live, fresh or chilled for human consumption",429,"Other fish, live, fresh or chilled"
PRB,Brown tiger prawn,4,Crustaceans,45,"Shrimps, prawns",1553,Crustaceans,4,Fish and other fishing products,43,"Crustaceans, live, fresh or chilled",436,"Other shrimps and prawns, live, fresh or chilled"
WRM,Brown wrasse,3,Marine fishes,33,Miscellaneous coastal fishes,1514,Demersal Marine Fish,4,Fish and other fishing products,42,"Fish live, fresh or chilled for human consumption",429,"Other fish, live, fresh or chilled"
LIB,Brushtooth lizardfish,3,Marine fishes,33,Miscellaneous coastal fishes,1514,Demersal Marine Fish,4,Fish and other fishing products,42,"Fish live, fresh or chilled for human consumption",429,"Other fish, live, fresh or chilled"
BCE,[Brycinus leuciscus],1,Freshwater fishes,13,Miscellaneous freshwater fishes,1501,Freshwater and Diadromous Fish,4,Fish and other fishing products,42,"Fish live, fresh or chilled for human consumption",421,"Freshwater fish, live, fresh or chilled"
BZH,[Brycon amazonicus],1,Freshwater fishes,13,Miscellaneous freshwater fishes,1501,Freshwater and Diadromous Fish,4,Fish and other fishing products,42,"Fish live, fresh or chilled for human consumption",421,"Freshwater fish, live, fresh or chilled"
BNC,[Brycon cephalus],1,Freshwater fishes,13,Miscellaneous freshwater fishes,1501,Freshwater and Diadromous Fish,4,Fish and other fishing products,42,"Fish live, fresh or chilled for human consumption",421,"Freshwater fish, live, fresh or chilled"
BVD,[Brycon dentex],1,Freshwater fishes,13,Miscellaneous freshwater fishes,1501,Freshwater and Diadromous Fish,4,Fish and other fishing products,42,"Fish live, fresh or chilled for human consumption",421,"Freshwater fish, live, fresh or chilled"
BXN,[Brycon hilarii],1,Freshwater fishes,13,Miscellaneous freshwater fishes,1501,Freshwater and Diadromous Fish,4,Fish and other fishing products,42,"Fish live, fresh or chilled for human consumption",421,"Freshwater fish, live, fresh or chilled"
BNM,[Brycon melanopterus],1,Freshwater fishes,13,Miscellaneous freshwater fishes,1501,Freshwater and Diadromous Fish,4,Fish and other fishing products,42,"Fish live, fresh or chilled for human consumption",421,"Freshwater fish, live, fresh or chilled"
BNO,[Brycon orbignyanus],1,Freshwater fishes,13,Miscellaneous freshwater fishes,1501,Freshwater and Diadromous Fish,4,Fish and other fishing products,42,"Fish live, fresh or chilled for human consumption",421,"Freshwater fish, live, fresh or chilled"
BXH,[Brycon spp],1,Freshwater fishes,13,Miscellaneous freshwater fishes,1501,Freshwater and Diadromous Fish,4,Fish and other fishing products,42,"Fish live, fresh or chilled for human consumption",421,"Freshwater fish, live, fresh or chilled"
BRW,Bryde's whale,6,"Whales, seals and other aquatic mammals",61,"Blue-whales, fin-whales",1579,Aquatic Mammals,,,,,,
BZN,Bryozoans,7,Miscellaneous aquatic animals,77,Miscellaneous aquatic invertebrates,1587,Aquatic Animals NEI,4,Fish and other fishing products,45,"Other aquatic invertebrates, live, fresh or chilled",459,"Other aquatic invertebrates, live, fresh or chilled, n.e.c."
BFU,Bubble gum coral,8,Miscellaneous aquatic animal products,82,Corals,,,4,Fish and other fishing products,49,Other aquatic plants and animals,491,"Coral and similar products, shells of molluscs, crustaceans or echinoderms and cuttle-bone; live aquatic plants and animals for ornamental purpose"
AUO,Bubu,1,Freshwater fishes,13,Miscellaneous freshwater fishes,1501,Freshwater and Diadromous Fish,4,Fish and other fishing products,42,"Fish live, fresh or chilled for human consumption",421,"Freshwater fish, live, fresh or chilled"
STL,Buccaneer anchovy,3,Marine fishes,35,"Herrings, sardines, anchovies",1527,Pelagic Marine Fish,4,Fish and other fishing products,42,"Fish live, fresh or chilled for human consumption",426,"Other pelagic fish, live, fresh or chilled"
GHB,Bucchich's goby,3,Marine fishes,33,Miscellaneous coastal fishes,1514,Demersal Marine Fish,4,Fish and other fishing products,42,"Fish live, fresh or chilled for human consumption",429,"Other fish, live, fresh or chilled"
BUF,Buffalofishes NEI,1,Freshwater fishes,11,"Carps, barbels and other cyprinids",1501,Freshwater and Diadromous Fish,4,Fish and other fishing products,42,"Fish live, fresh or chilled for human consumption",421,"Freshwater fish, live, fresh or chilled"
BLT,Bullet tuna,3,Marine fishes,36,"Tunas, bonitos, billfishes",1527,Pelagic Marine Fish,4,Fish and other fishing products,42,"Fish live, fresh or chilled for human consumption",426,"Other pelagic fish, live, fresh or chilled"
DVA,Bull kelp,9,Aquatic plants,91,Brown seaweeds,1594,Aquatic Plants,4,Fish and other fishing products,49,Other aquatic plants and animals,493,"Seaweeds and other algae, fresh, frozen or dried, whether or not ground"
MPO,Bull ray,3,Marine fishes,38,"Sharks, rays, chimaeras",1514,Demersal Marine Fish,4,Fish and other fishing products,42,"Fish live, fresh or chilled for human consumption",429,"Other fish, live, fresh or chilled"
FDA,Bullseye puffer,3,Marine fishes,33,Miscellaneous coastal fishes,1514,Demersal Marine Fish,4,Fish and other fishing products,42,"Fish live, fresh or chilled for human consumption",429,"Other fish, live, fresh or chilled"
CCE,Bull shark,3,Marine fishes,38,"Sharks, rays, chimaeras",1514,Demersal Marine Fish,4,Fish and other fishing products,42,"Fish live, fresh or chilled for human consumption",429,"Other fish, live, fresh or chilled"
FBU,Burbot,1,Freshwater fishes,13,Miscellaneous freshwater fishes,1501,Freshwater and Diadromous Fish,4,Fish and other fishing products,42,"Fish live, fresh or chilled for human consumption",421,"Freshwater fish, live, fresh or chilled"
BRP,Burmeister's porpoise,6,"Whales, seals and other aquatic mammals",62,"Sperm-whales, pilot-whales",1579,Aquatic Mammals,,,,,,
HNI,Burrito grunt,3,Marine fishes,33,Miscellaneous coastal fishes,1514,Demersal Marine Fish,4,Fish and other fishing products,42,"Fish live, fresh or chilled for human consumption",429,"Other fish, live, fresh or chilled"
GDV,Bushy hard coral,8,Miscellaneous aquatic animal products,82,Corals,,,4,Fish and other fishing products,49,Other aquatic plants and animals,491,"Coral and similar products, shells of molluscs, crustaceans or echinoderms and cuttle-bone; live aquatic plants and animals for ornamental purpose"
OKB,Butter catfish,1,Freshwater fishes,13,Miscellaneous freshwater fishes,1501,Freshwater and Diadromous Fish,4,Fish and other fishing products,42,"Fish live, fresh or chilled for human consumption",421,"Freshwater fish, live, fresh or chilled"
BCL,Butter clam,5,Molluscs,56,"Clams, cockles, arkshells",1562,Molluscs excl. Cephalopods,4,Fish and other fishing products,44,"Molluscs live, fresh or chilled",445,"Clams, cockles and ark shells, live, fresh or chilled"
BUX,"Butterfishes, pomfrets NEI",3,Marine fishes,37,Miscellaneous pelagic fishes,1527,Pelagic Marine Fish,4,Fish and other fishing products,42,"Fish live, fresh or chilled for human consumption",426,"Other pelagic fish, live, fresh or chilled"
OXP,"Butterfish, greenbone",3,Marine fishes,33,Miscellaneous coastal fishes,1514,Demersal Marine Fish,4,Fish and other fishing products,42,"Fish live, fresh or chilled for human consumption",429,"Other fish, live, fresh or chilled"
NUO,Butterfly blenny,3,Marine fishes,33,Miscellaneous coastal fishes,1514,Demersal Marine Fish,4,Fish and other fishing products,42,"Fish live, fresh or chilled for human consumption",429,"Other fish, live, fresh or chilled"
LDN,Butterfly gurnard,3,Marine fishes,34,Miscellaneous demersal fishes,1514,Demersal Marine Fish,4,Fish and other fishing products,42,"Fish live, fresh or chilled for human consumption",429,"Other fish, live, fresh or chilled"
BUK,Butterfly kingfish,3,Marine fishes,36,"Tunas, bonitos, billfishes",1527,Pelagic Marine Fish,4,Fish and other fishing products,42,"Fish live, fresh or chilled for human consumption",426,"Other pelagic fish, live, fresh or chilled"
IPL,Butterfly perch,3,Marine fishes,33,Miscellaneous coastal fishes,1514,Demersal Marine Fish,4,Fish and other fishing products,42,"Fish live, fresh or chilled for human consumption",429,"Other fish, live, fresh or chilled"
HUN,Butter hamlet,3,Marine fishes,33,Miscellaneous coastal fishes,1514,Demersal Marine Fish,4,Fish and other fishing products,42,"Fish live, fresh or chilled for human consumption",429,"Other fish, live, fresh or chilled"
ISI,Butter sole,3,Marine fishes,31,"Flounders, halibuts, soles",1514,Demersal Marine Fish,4,Fish and other fishing products,42,"Fish live, fresh or chilled for human consumption",423,"Flatfish, live, fresh or chilled"
BII,[Bythites islandicus],3,Marine fishes,34,Miscellaneous demersal fishes,1514,Demersal Marine Fish,4,Fish and other fishing products,42,"Fish live, fresh or chilled for human consumption",429,"Other fish, live, fresh or chilled"
SMQ,Cabezon,3,Marine fishes,33,Miscellaneous coastal fishes,1514,Demersal Marine Fish,4,Fish and other fishing products,42,"Fish live, fresh or chilled for human consumption",429,"Other fish, live, fresh or chilled"
GRP,Cabinza grunt,3,Marine fishes,33,Miscellaneous coastal fishes,1514,Demersal Marine Fish,4,Fish and other fishing products,42,"Fish live, fresh or chilled for human consumption",429,"Other fish, live, fresh or chilled"
CSM,Cachama,1,Freshwater fishes,13,Miscellaneous freshwater fishes,1501,Freshwater and Diadromous Fish,4,Fish and other fishing products,42,"Fish live, fresh or chilled for human consumption",421,"Freshwater fish, live, fresh or chilled"
YNH,Cachema weakfish,3,Marine fishes,33,Miscellaneous coastal fishes,1514,Demersal Marine Fish,4,Fish and other fishing products,42,"Fish live, fresh or chilled for human consumption",429,"Other fish, live, fresh or chilled"
WZA,Cadenat's sole,3,Marine fishes,31,"Flounders, halibuts, soles",1514,Demersal Marine Fish,4,Fish and other fishing products,42,"Fish live, fresh or chilled for human consumption",423,"Flatfish, live, fresh or chilled"
JCM,[Calanus finmarchicus],4,Crustaceans,47,Miscellaneous marine crustaceans,1553,Crustaceans,4,Fish and other fishing products,43,"Crustaceans, live, fresh or chilled",439,"Other crustaceans, live, fresh or chilled"
SCC,Calico scallop,5,Molluscs,55,"Scallops, pectens",1562,Molluscs excl. Cephalopods,4,Fish and other fishing products,44,"Molluscs live, fresh or chilled",444,"Scallops, live, fresh or chilled"
YSF,California flounder,3,Marine fishes,31,"Flounders, halibuts, soles",1514,Demersal Marine Fish,4,Fish and other fishing products,42,"Fish live, fresh or chilled for human consumption",423,"Flatfish, live, fresh or chilled"
NPA,Californian anchovy,3,Marine fishes,35,"Herrings, sardines, anchovies",1527,Pelagic Marine Fish,4,Fish and other fishing products,42,"Fish live, fresh or chilled for human consumption",426,"Other pelagic fish, live, fresh or chilled"
MUJ,Californian mussel,5,Molluscs,54,Mussels,1562,Molluscs excl. Cephalopods,4,Fish and other fishing products,44,"Molluscs live, fresh or chilled",443,"Mussels, live, fresh or chilled"
JFR,California ray,3,Marine fishes,38,"Sharks, rays, chimaeras",1514,Demersal Marine Fish,4,Fish and other fishing products,42,"Fish live, fresh or chilled for human consumption",429,"Other fish, live, fresh or chilled"
SGZ,California scorpionfish,3,Marine fishes,34,Miscellaneous demersal fishes,1514,Demersal Marine Fish,4,Fish and other fishing products,42,"Fish live, fresh or chilled for human consumption",429,"Other fish, live, fresh or chilled"
YFH,California sheephead,3,Marine fishes,33,Miscellaneous coastal fishes,1514,Demersal Marine Fish,4,Fish and other fishing products,42,"Fish live, fresh or chilled for human consumption",429,"Other fish, live, fresh or chilled"
CAL,Callinectes swimcrabs NEI,4,Crustaceans,42,"Crabs, sea-spiders",1553,Crustaceans,4,Fish and other fishing products,43,"Crustaceans, live, fresh or chilled",431,"Crabs, live, fresh or chilled"
QMC,Caml grenadier,3,Marine fishes,32,"Cods, hakes, haddocks",1514,Demersal Marine Fish,4,Fish and other fishing products,42,"Fish live, fresh or chilled for human consumption",424,"Fish of Gadiformes, live, fresh or chilled"
EEK,Camouflage grouper,3,Marine fishes,33,Miscellaneous coastal fishes,1514,Demersal Marine Fish,4,Fish and other fishing products,42,"Fish live, fresh or chilled for human consumption",429,"Other fish, live, fresh or chilled"
AUU,Canary damsel,3,Marine fishes,33,Miscellaneous coastal fishes,1514,Demersal Marine Fish,4,Fish and other fishing products,42,"Fish live, fresh or chilled for human consumption",429,"Other fish, live, fresh or chilled"
DEN,Canary dentex,3,Marine fishes,33,Miscellaneous coastal fishes,1514,Demersal Marine Fish,4,Fish and other fishing products,42,"Fish live, fresh or chilled for human consumption",429,"Other fish, live, fresh or chilled"
UCA,Canary drum(=Baardman),3,Marine fishes,33,Miscellaneous coastal fishes,1514,Demersal Marine Fish,4,Fish and other fishing products,42,"Fish live, fresh or chilled for human consumption",429,"Other fish, live, fresh or chilled"
SPG,Canary rockfish,3,Marine fishes,34,Miscellaneous demersal fishes,1514,Demersal Marine Fish,4,Fish and other fishing products,42,"Fish live, fresh or chilled for human consumption",429,"Other fish, live, fresh or chilled"
HJH,Candelamoa parrotfish,3,Marine fishes,33,Miscellaneous coastal fishes,1514,Demersal Marine Fish,4,Fish and other fishing products,42,"Fish live, fresh or chilled for human consumption",429,"Other fish, live, fresh or chilled"
MFX,Cannonball jellyfish,7,Miscellaneous aquatic animals,77,Miscellaneous aquatic invertebrates,1587,Aquatic Animals NEI,4,Fish and other fishing products,45,"Other aquatic invertebrates, live, fresh or chilled",453,"Jellyfish, live, fresh or chilled"
PMI,Capaz,1,Freshwater fishes,13,Miscellaneous freshwater fishes,1501,Freshwater and Diadromous Fish,4,Fish and other fishing products,42,"Fish live, fresh or chilled for human consumption",421,"Freshwater fish, live, fresh or chilled"
EMM,Cape bonnetmouth,3,Marine fishes,34,Miscellaneous demersal fishes,1514,Demersal Marine Fish,4,Fish and other fishing products,42,"Fish live, fresh or chilled for human consumption",429,"Other fish, live, fresh or chilled"
ZCP,Cape dory,3,Marine fishes,34,Miscellaneous demersal fishes,1514,Demersal Marine Fish,4,Fish and other fishing products,42,"Fish live, fresh or chilled for human consumption",429,"Other fish, live, fresh or chilled"
CHM,Cape elephantfish,3,Marine fishes,38,"Sharks, rays, chimaeras",1514,Demersal Marine Fish,4,Fish and other fishing products,42,"Fish live, fresh or chilled for human consumption",429,"Other fish, live, fresh or chilled"
UBP,Cape fathead,3,Marine fishes,37,Miscellaneous pelagic fishes,1527,Pelagic Marine Fish,4,Fish and other fishing products,42,"Fish live, fresh or chilled for human consumption",426,"Other pelagic fish, live, fresh or chilled"
GUC,Cape gurnard,3,Marine fishes,34,Miscellaneous demersal fishes,1514,Demersal Marine Fish,4,Fish and other fishing products,42,"Fish live, fresh or chilled for human consumption",429,"Other fish, live, fresh or chilled"
HKC,Cape hakes,3,Marine fishes,32,"Cods, hakes, haddocks",1514,Demersal Marine Fish,4,Fish and other fishing products,42,"Fish live, fresh or chilled for human consumption",424,"Fish of Gadiformes, live, fresh or chilled"
CHO,Cape Hope squid,5,Molluscs,57,"Squids, cuttlefishes, octopuses",1570,Cephalopods,4,Fish and other fishing products,44,"Molluscs live, fresh or chilled",446,"Cuttlefish and squid, live, fresh or chilled"
HMC,Cape horse mackerel,3,Marine fishes,37,Miscellaneous pelagic fishes,1527,Pelagic Marine Fish,4,Fish and other fishing products,42,"Fish live, fresh or chilled for human consumption",426,"Other pelagic fish, live, fresh or chilled"
CAP,Capelin,3,Marine fishes,37,Miscellaneous pelagic fishes,1527,Pelagic Marine Fish,4,Fish and other fishing products,42,"Fish live, fresh or chilled for human consumption",426,"Other pelagic fish, live, fresh or chilled"
LBC,Cape rock lobster,4,Crustaceans,43,"Lobsters, spiny-rock lobsters",1553,Crustaceans,4,Fish and other fishing products,43,"Crustaceans, live, fresh or chilled",432,"Rock lobster and other sea crawfish, live, fresh or chilled"
ZCA,Capro dory,3,Marine fishes,34,Miscellaneous demersal fishes,1514,Demersal Marine Fish,4,Fish and other fishing products,42,"Fish live, fresh or chilled for human consumption",429,"Other fish, live, fresh or chilled"
UEC,[Capsosiphon fulvescens],9,Aquatic plants,93,Green seaweeds,1594,Aquatic Plants,4,Fish and other fishing products,49,Other aquatic plants and animals,493,"Seaweeds and other algae, fresh, frozen or dried, whether or not ground"
AQK,[Caquetaia kraussii],1,Freshwater fishes,12,Tilapias and other cichlids,1501,Freshwater and Diadromous Fish,4,Fish and other fishing products,42,"Fish live, fresh or chilled for human consumption",421,"Freshwater fish, live, fresh or chilled"
TBY,Carabali shrimp,4,Crustaceans,45,"Shrimps, prawns",1553,Crustaceans,4,Fish and other fishing products,43,"Crustaceans, live, fresh or chilled",436,"Other shrimps and prawns, live, fresh or chilled"
TGS,Caramote prawn,4,Crustaceans,45,"Shrimps, prawns",1553,Crustaceans,4,Fish and other fishing products,43,"Crustaceans, live, fresh or chilled",436,"Other shrimps and prawns, live, fresh or chilled"
CGX,Carangids NEI,3,Marine fishes,37,Miscellaneous pelagic fishes,1527,Pelagic Marine Fish,4,Fish and other fishing products,42,"Fish live, fresh or chilled for human consumption",426,"Other pelagic fish, live, fresh or chilled"
WDX,[Carassius spp],1,Freshwater fishes,11,"Carps, barbels and other cyprinids",1501,Freshwater and Diadromous Fish,4,Fish and other fishing products,42,"Fish live, fresh or chilled for human consumption",421,"Freshwater fish, live, fresh or chilled"
CWZ,Carcharhinus sharks NEI,3,Marine fishes,38,"Sharks, rays, chimaeras",1514,Demersal Marine Fish,4,Fish and other fishing products,42,"Fish live, fresh or chilled for human consumption",429,"Other fish, live, fresh or chilled"
OGT,Cardinal fish,3,Marine fishes,33,Miscellaneous coastal fishes,1514,Demersal Marine Fish,4,Fish and other fishing products,42,"Fish live, fresh or chilled for human consumption",429,"Other fish, live, fresh or chilled"
APO,"Cardinalfishes, etc. NEI",3,Marine fishes,33,Miscellaneous coastal fishes,1514,Demersal Marine Fish,4,Fish and other fishing products,42,"Fish live, fresh or chilled for human consumption",429,"Other fish, live, fresh or chilled"
CDL,Cardinal fishes NEI,3,Marine fishes,34,Miscellaneous demersal fishes,1514,Demersal Marine Fish,4,Fish and other fishing products,42,"Fish live, fresh or chilled for human consumption",429,"Other fish, live, fresh or chilled"
OTQ,Caribbean reef octopus,5,Molluscs,57,"Squids, cuttlefishes, octopuses",1570,Cephalopods,4,Fish and other fishing products,44,"Molluscs live, fresh or chilled",447,"Octopus, live, fresh or chilled"
CCV,Caribbean reef shark,3,Marine fishes,38,"Sharks, rays, chimaeras",1514,Demersal Marine Fish,4,Fish and other fishing products,42,"Fish live, fresh or chilled for human consumption",429,"Other fish, live, fresh or chilled"
RHR,Caribbean sharpnose shark,3,Marine fishes,38,"Sharks, rays, chimaeras",1514,Demersal Marine Fish,4,Fish and other fishing products,42,"Fish live, fresh or chilled for human consumption",429,"Other fish, live, fresh or chilled"
SLC,Caribbean spiny lobster,4,Crustaceans,43,"Lobsters, spiny-rock lobsters",1553,Crustaceans,4,Fish and other fishing products,43,"Crustaceans, live, fresh or chilled",432,"Rock lobster and other sea crawfish, live, fresh or chilled"
ZFX,"Caridean shrimps, True shrimps",4,Crustaceans,45,"Shrimps, prawns",1553,Crustaceans,4,Fish and other fishing products,43,"Crustaceans, live, fresh or chilled",436,"Other shrimps and prawns, live, fresh or chilled"
SLF,Carpenter seabream,3,Marine fishes,33,Miscellaneous coastal fishes,1514,Demersal Marine Fish,4,Fish and other fishing products,42,"Fish live, fresh or chilled for human consumption",429,"Other fish, live, fresh or chilled"
TPS,Carpet shells NEI,5,Molluscs,56,"Clams, cockles, arkshells",1562,Molluscs excl. Cephalopods,4,Fish and other fishing products,44,"Molluscs live, fresh or chilled",445,"Clams, cockles and ark shells, live, fresh or chilled"
IMS,Carragheen (Irish) moss,9,Aquatic plants,92,Red seaweeds,1594,Aquatic Plants,4,Fish and other fishing products,49,Other aquatic plants and animals,493,"Seaweeds and other algae, fresh, frozen or dried, whether or not ground"
PQG,Carrot squat lobster,4,Crustaceans,44,"King crabs, squat-lobsters",1553,Crustaceans,4,Fish and other fishing products,43,"Crustaceans, live, fresh or chilled",439,"Other crustaceans, live, fresh or chilled"
GVP,Carruco sargo,3,Marine fishes,33,Miscellaneous coastal fishes,1514,Demersal Marine Fish,4,Fish and other fishing products,42,"Fish live, fresh or chilled for human consumption",429,"Other fish, live, fresh or chilled"
CAR,Cartilaginous fishes NEI,3,Marine fishes,38,"Sharks, rays, chimaeras",1514,Demersal Marine Fish,4,Fish and other fishing products,42,"Fish live, fresh or chilled for human consumption",429,"Other fish, live, fresh or chilled"
RWC,Caspian roach,1,Freshwater fishes,11,"Carps, barbels and other cyprinids",1501,Freshwater and Diadromous Fish,4,Fish and other fishing products,42,"Fish live, fresh or chilled for human consumption",421,"Freshwater fish, live, fresh or chilled"
SAC,Caspian seal,6,"Whales, seals and other aquatic mammals",63,"Eared seals, hair seals, walruses",1579,Aquatic Mammals,,,,,,
CUI,Caspian shad,2,Diadromous fishes,24,Shads,1501,Freshwater and Diadromous Fish,4,Fish and other fishing products,42,"Fish live, fresh or chilled for human consumption",429,"Other fish, live, fresh or chilled"
ASP,Caspian shads,2,Diadromous fishes,24,Shads,1501,Freshwater and Diadromous Fish,4,Fish and other fishing products,42,"Fish live, fresh or chilled for human consumption",429,"Other fish, live, fresh or chilled"
PSS,Cassava croaker,3,Marine fishes,33,Miscellaneous coastal fishes,1514,Demersal Marine Fish,4,Fish and other fishing products,42,"Fish live, fresh or chilled for human consumption",429,"Other fish, live, fresh or chilled"
CTA,Castaneta,3,Marine fishes,34,Miscellaneous demersal fishes,1514,Demersal Marine Fish,4,Fish and other fishing products,42,"Fish live, fresh or chilled for human consumption",429,"Other fish, live, fresh or chilled"
CAF,Catfishes NEI,1,Freshwater fishes,13,Miscellaneous freshwater fishes,1501,Freshwater and Diadromous Fish,4,Fish and other fishing products,42,"Fish live, fresh or chilled for human consumption",421,"Freshwater fish, live, fresh or chilled"
CTT,Catla,1,Freshwater fishes,11,"Carps, barbels and other cyprinids",1501,Freshwater and Diadromous Fish,4,Fish and other fishing products,42,"Fish live, fresh or chilled for human consumption",421,"Freshwater fish, live, fresh or chilled"
JCD,[Catostylus spp],7,Miscellaneous aquatic animals,77,Miscellaneous aquatic invertebrates,1587,Aquatic Animals NEI,4,Fish and other fishing products,45,"Other aquatic invertebrates, live, fresh or chilled",453,"Jellyfish, live, fresh or chilled"
SYX,"Catsharks, etc. NEI",3,Marine fishes,38,"Sharks, rays, chimaeras",1514,Demersal Marine Fish,4,Fish and other fishing products,42,"Fish live, fresh or chilled for human consumption",429,"Other fish, live, fresh or chilled"
SCL,"Catsharks, nursehounds NEI",3,Marine fishes,38,"Sharks, rays, chimaeras",1514,Demersal Marine Fish,4,Fish and other fishing products,42,"Fish live, fresh or chilled for human consumption",429,"Other fish, live, fresh or chilled"
CAU,Caulerpa seaweeds,9,Aquatic plants,93,Green seaweeds,1594,Aquatic Plants,4,Fish and other fishing products,49,Other aquatic plants and animals,493,"Seaweeds and other algae, fresh, frozen or dried, whether or not ground"
CEP,Cephalopods NEI,5,Molluscs,57,"Squids, cuttlefishes, octopuses",1570,Cephalopods,4,Fish and other fishing products,44,"Molluscs live, fresh or chilled",446,"Cuttlefish and squid, live, fresh or chilled"
CER,Cero,3,Marine fishes,36,"Tunas, bonitos, billfishes",1527,Pelagic Marine Fish,4,Fish and other fishing products,42,"Fish live, fresh or chilled for human consumption",426,"Other pelagic fish, live, fresh or chilled"
GER,Chaceon geryons NEI,4,Crustaceans,42,"Crabs, sea-spiders",1553,Crustaceans,4,Fish and other fishing products,43,"Crustaceans, live, fresh or chilled",431,"Crabs, live, fresh or chilled"
CHG,Chacunda gizzard shad,2,Diadromous fishes,24,Shads,1501,Freshwater and Diadromous Fish,4,Fish and other fishing products,42,"Fish live, fresh or chilled for human consumption",429,"Other fish, live, fresh or chilled"
KFA,Chamber venus,5,Molluscs,56,"Clams, cockles, arkshells",1562,Molluscs excl. Cephalopods,4,Fish and other fishing products,44,"Molluscs live, fresh or chilled",445,"Clams, cockles and ark shells, live, fresh or chilled"
YFN,Changallo shrimp,4,Crustaceans,41,Freshwater crustaceans,1553,Crustaceans,4,Fish and other fishing products,43,"Crustaceans, live, fresh or chilled",436,"Other shrimps and prawns, live, fresh or chilled"
NSQ,Changeable nassa,5,Molluscs,52,"Abalones, winkles, conchs",1562,Molluscs excl. Cephalopods,4,Fish and other fishing products,44,"Molluscs live, fresh or chilled",449,"Other molluscs, live, fresh or chilled"
BVG,Channel bull blenny,3,Marine fishes,33,Miscellaneous coastal fishes,1514,Demersal Marine Fish,4,Fish and other fishing products,42,"Fish live, fresh or chilled for human consumption",429,"Other fish, live, fresh or chilled"
ITP,Channel catfish,1,Freshwater fishes,13,Miscellaneous freshwater fishes,1501,Freshwater and Diadromous Fish,4,Fish and other fishing products,42,"Fish live, fresh or chilled for human consumption",421,"Freshwater fish, live, fresh or chilled"
WKQ,Channeled whelk,5,Molluscs,52,"Abalones, winkles, conchs",1562,Molluscs excl. Cephalopods,4,Fish and other fishing products,44,"Molluscs live, fresh or chilled",449,"Other molluscs, live, fresh or chilled"
CHA,Characins NEI,1,Freshwater fishes,13,Miscellaneous freshwater fishes,1501,Freshwater and Diadromous Fish,4,Fish and other fishing products,42,"Fish live, fresh or chilled for human consumption",421,"Freshwater fish, live, fresh or chilled"
CHR,Chars NEI,2,Diadromous fishes,23,"Salmons, trouts, smelts",1501,Freshwater and Diadromous Fish,4,Fish and other fishing products,42,"Fish live, fresh or chilled for human consumption",422,"Salmonidae, live, fresh or chilled"
YBX,Charybdis crabs NEI,4,Crustaceans,42,"Crabs, sea-spiders",1553,Crustaceans,4,Fish and other fishing products,43,"Crustaceans, live, fresh or chilled",431,"Crabs, live, fresh or chilled"
HHE,Chere-chere grunt,3,Marine fishes,33,Miscellaneous coastal fishes,1514,Demersal Marine Fish,4,Fish and other fishing products,42,"Fish live, fresh or chilled for human consumption",429,"Other fish, live, fresh or chilled"
CBQ,Chestnut goby,3,Marine fishes,33,Miscellaneous coastal fishes,1514,Demersal Marine Fish,4,Fish and other fishing products,42,"Fish live, fresh or chilled for human consumption",429,"Other fish, live, fresh or chilled"
UOT,Chestnut turban,5,Molluscs,52,"Abalones, winkles, conchs",1562,Molluscs excl. Cephalopods,4,Fish and other fishing products,44,"Molluscs live, fresh or chilled",449,"Other molluscs, live, fresh or chilled"
CQO,Chilean grenadier,3,Marine fishes,32,"Cods, hakes, haddocks",1514,Demersal Marine Fish,4,Fish and other fishing products,42,"Fish live, fresh or chilled for human consumption",424,"Fish of Gadiformes, live, fresh or chilled"
CJM,Chilean jack mackerel,3,Marine fishes,37,Miscellaneous pelagic fishes,1527,Pelagic Marine Fish,4,Fish and other fishing products,42,"Fish live, fresh or chilled for human consumption",426,"Other pelagic fish, live, fresh or chilled"
PJH,Chilean jagged lobster,4,Crustaceans,43,"Lobsters, spiny-rock lobsters",1553,Crustaceans,4,Fish and other fishing products,43,"Crustaceans, live, fresh or chilled",432,"Rock lobster and other sea crawfish, live, fresh or chilled"
LJX,Chilean kelp,9,Aquatic plants,91,Brown seaweeds,1594,Aquatic Plants,4,Fish and other fishing products,49,Other aquatic plants and animals,493,"Seaweeds and other algae, fresh, frozen or dried, whether or not ground"
HJD,Chilean knife shrimp,4,Crustaceans,45,"Shrimps, prawns",1553,Crustaceans,4,Fish and other fishing products,43,"Crustaceans, live, fresh or chilled",436,"Other shrimps and prawns, live, fresh or chilled"
MYC,Chilean mussel,5,Molluscs,54,Mussels,1562,Molluscs excl. Cephalopods,4,Fish and other fishing products,44,"Molluscs live, fresh or chilled",443,"Mussels, live, fresh or chilled"
CHS,Chilean nylon shrimp,4,Crustaceans,45,"Shrimps, prawns",1553,Crustaceans,4,Fish and other fishing products,43,"Crustaceans, live, fresh or chilled",435,"Cold-water shrimps and prawns (Pandalus spp., Crangon crangon), live, fresh or chilled"
OCH,Chilean oyster,5,Molluscs,53,Oysters,1562,Molluscs excl. Cephalopods,4,Fish and other fishing products,44,"Molluscs live, fresh or chilled",442,"Oysters, live, fresh or chilled"
JPC,Chilean sandperch,3,Marine fishes,33,Miscellaneous coastal fishes,1514,Demersal Marine Fish,4,Fish and other fishing products,42,"Fish live, fresh or chilled for human consumption",429,"Other fish, live, fresh or chilled"
UCH,Chilean sea urchin,7,Miscellaneous aquatic animals,76,Sea-urchins and other echinoderms,1587,Aquatic Animals NEI,4,Fish and other fishing products,45,"Other aquatic invertebrates, live, fresh or chilled",452,"Sea urchins, live, fresh or chilled"
TUW,Chilean semele,5,Molluscs,56,"Clams, cockles, arkshells",1562,Molluscs excl. Cephalopods,4,Fish and other fishing products,44,"Molluscs live, fresh or chilled",445,"Clams, cockles and ark shells, live, fresh or chilled"
ODR,Chilean silverside,3,Marine fishes,37,Miscellaneous pelagic fishes,1527,Pelagic Marine Fish,4,Fish and other fishing products,42,"Fish live, fresh or chilled for human consumption",426,"Other pelagic fish, live, fresh or chilled"
BEI,Chilhuil sea catfish,3,Marine fishes,33,Miscellaneous coastal fishes,1514,Demersal Marine Fish,4,Fish and other fishing products,42,"Fish live, fresh or chilled for human consumption",429,"Other fish, live, fresh or chilled"
SGO,Chilipepper rockfish,3,Marine fishes,34,Miscellaneous demersal fishes,1514,Demersal Marine Fish,4,Fish and other fishing products,42,"Fish live, fresh or chilled for human consumption",429,"Other fish, live, fresh or chilled"
SDT,Chili sea catfish,3,Marine fishes,33,Miscellaneous coastal fishes,1514,Demersal Marine Fish,4,Fish and other fishing products,42,"Fish live, fresh or chilled for human consumption",429,"Other fish, live, fresh or chilled"
HOL,"Chimaeras, etc. NEI",3,Marine fishes,38,"Sharks, rays, chimaeras",1514,Demersal Marine Fish,4,Fish and other fishing products,42,"Fish live, fresh or chilled for human consumption",429,"Other fish, live, fresh or chilled"
CWM,[Chimaera spp],3,Marine fishes,38,"Sharks, rays, chimaeras",1514,Demersal Marine Fish,4,Fish and other fishing products,42,"Fish live, fresh or chilled for human consumption",429,"Other fish, live, fresh or chilled"
RVN,China rockfish,3,Marine fishes,34,Miscellaneous demersal fishes,1514,Demersal Marine Fish,4,Fish and other fishing products,42,"Fish live, fresh or chilled for human consumption",429,"Other fish, live, fresh or chilled"
KPJ,Chinese cup-and-saucer,5,Molluscs,52,"Abalones, winkles, conchs",1562,Molluscs excl. Cephalopods,4,Fish and other fishing products,44,"Molluscs live, fresh or chilled",449,"Other molluscs, live, fresh or chilled"
DAS,Chinese gizzard shad,2,Diadromous fishes,24,Shads,1501,Freshwater and Diadromous Fish,4,Fish and other fishing products,42,"Fish live, fresh or chilled for human consumption",429,"Other fish, live, fresh or chilled"
LLZ,Chinese longsnout catfish,1,Freshwater fishes,13,Miscellaneous freshwater fishes,1501,Freshwater and Diadromous Fish,4,Fish and other fishing products,42,"Fish live, fresh or chilled for human consumption",421,"Freshwater fish, live, fresh or chilled"
ERS,Chinese mitten crab,4,Crustaceans,41,Freshwater crustaceans,1553,Crustaceans,4,Fish and other fishing products,43,"Crustaceans, live, fresh or chilled",439,"Other crustaceans, live, fresh or chilled"
GFZ,Chinese mystery snail,5,Molluscs,51,Freshwater molluscs,1562,Molluscs excl. Cephalopods,4,Fish and other fishing products,44,"Molluscs live, fresh or chilled",449,"Other molluscs, live, fresh or chilled"
WSD,Chinese pond mussel,5,Molluscs,51,Freshwater molluscs,1562,Molluscs excl. Cephalopods,4,Fish and other fishing products,44,"Molluscs live, fresh or chilled",449,"Other molluscs, live, fresh or chilled"
CPO,Chinese silver pomfret,3,Marine fishes,37,Miscellaneous pelagic fishes,1527,Pelagic Marine Fish,4,Fish and other fishing products,42,"Fish live, fresh or chilled for human consumption",426,"Other pelagic fish, live, fresh or chilled"
TTS,Chinese softshell turtle,7,Miscellaneous aquatic animals,72,Turtles,1587,Aquatic Animals NEI,,,,,,
CHI,Chinook(=Spring=King) salmon,2,Diadromous fishes,23,"Salmons, trouts, smelts",1501,Freshwater and Diadromous Fish,4,Fish and other fishing products,42,"Fish live, fresh or chilled for human consumption",422,"Salmonidae, live, fresh or chilled"
CHW,[Chionobathyscus dewitti],3,Marine fishes,34,Miscellaneous demersal fishes,1514,Demersal Marine Fish,4,Fish and other fishing products,42,"Fish live, fresh or chilled for human consumption",429,"Other fish, live, fresh or chilled"
TIC,[Chionodraco hamatus],3,Marine fishes,34,Miscellaneous demersal fishes,1514,Demersal Marine Fish,4,Fish and other fishing products,42,"Fish live, fresh or chilled for human consumption",429,"Other fish, live, fresh or chilled"
KRW,[Chirostoma spp],1,Freshwater fishes,13,Miscellaneous freshwater fishes,1501,Freshwater and Diadromous Fish,4,Fish and other fishing products,42,"Fish live, fresh or chilled for human consumption",421,"Freshwater fish, live, fresh or chilled"
CVK,Chocolate hind,3,Marine fishes,33,Miscellaneous coastal fishes,1514,Demersal Marine Fish,4,Fish and other fishing products,42,"Fish live, fresh or chilled for human consumption",429,"Other fish, live, fresh or chilled"
SEO,Choicy ruff,3,Marine fishes,34,Miscellaneous demersal fishes,1514,Demersal Marine Fish,4,Fish and other fishing products,42,"Fish live, fresh or chilled for human consumption",429,"Other fish, live, fresh or chilled"
GUD,Chola guitarfish,3,Marine fishes,38,"Sharks, rays, chimaeras",1514,Demersal Marine Fish,4,Fish and other fishing products,42,"Fish live, fresh or chilled for human consumption",429,"Other fish, live, fresh or chilled"
MSC,Cholga mussel,5,Molluscs,54,Mussels,1562,Molluscs excl. Cephalopods,4,Fish and other fishing products,44,"Molluscs live, fresh or chilled",443,"Mussels, live, fresh or chilled"
KDM,[Chondracanthus chamissoi],9,Aquatic plants,92,Red seaweeds,1594,Aquatic Plants,4,Fish and other fishing products,49,Other aquatic plants and animals,493,"Seaweeds and other algae, fresh, frozen or dried, whether or not ground"
CHC,Choro mussel,5,Molluscs,54,Mussels,1562,Molluscs excl. Cephalopods,4,Fish and other fishing products,44,"Molluscs live, fresh or chilled",443,"Mussels, live, fresh or chilled"
CWF,[Chrysaora plocamia],7,Miscellaneous aquatic animals,77,Miscellaneous aquatic invertebrates,1587,Aquatic Animals NEI,4,Fish and other fishing products,45,"Other aquatic invertebrates, live, fresh or chilled",453,"Jellyfish, live, fresh or chilled"
IQL,[Chrysichthys platycephalus],1,Freshwater fishes,13,Miscellaneous freshwater fishes,1501,Freshwater and Diadromous Fish,4,Fish and other fishing products,42,"Fish live, fresh or chilled for human consumption",421,"Freshwater fish, live, fresh or chilled"
IQM,[Chrysichthys sianenna],1,Freshwater fishes,13,Miscellaneous freshwater fishes,1501,Freshwater and Diadromous Fish,4,Fish and other fishing products,42,"Fish live, fresh or chilled for human consumption",421,"Freshwater fish, live, fresh or chilled"
IQN,[Chrysichthys stappersii],1,Freshwater fishes,13,Miscellaneous freshwater fishes,1501,Freshwater and Diadromous Fish,4,Fish and other fishing products,42,"Fish live, fresh or chilled for human consumption",421,"Freshwater fish, live, fresh or chilled"
LUH,Chub,1,Freshwater fishes,11,"Carps, barbels and other cyprinids",1501,Freshwater and Diadromous Fish,4,Fish and other fishing products,42,"Fish live, fresh or chilled for human consumption",421,"Freshwater fish, live, fresh or chilled"
LEW,Chubs NEI,1,Freshwater fishes,11,"Carps, barbels and other cyprinids",1501,Freshwater and Diadromous Fish,4,Fish and other fishing products,42,"Fish live, fresh or chilled for human consumption",421,"Freshwater fish, live, fresh or chilled"
CHU,Chum(=Keta=Dog) salmon,2,Diadromous fishes,23,"Salmons, trouts, smelts",1501,Freshwater and Diadromous Fish,4,Fish and other fishing products,42,"Fish live, fresh or chilled for human consumption",422,"Salmonidae, live, fresh or chilled"
DEK,[Cichla monoculus],1,Freshwater fishes,12,Tilapias and other cichlids,1501,Freshwater and Diadromous Fish,4,Fish and other fishing products,42,"Fish live, fresh or chilled for human consumption",421,"Freshwater fish, live, fresh or chilled"
CHX,Cichlasoma NEI,1,Freshwater fishes,12,Tilapias and other cichlids,1501,Freshwater and Diadromous Fish,4,Fish and other fishing products,42,"Fish live, fresh or chilled for human consumption",421,"Freshwater fish, live, fresh or chilled"
IGX,[Cichla spp],1,Freshwater fishes,12,Tilapias and other cichlids,1501,Freshwater and Diadromous Fish,4,Fish and other fishing products,42,"Fish live, fresh or chilled for human consumption",421,"Freshwater fish, live, fresh or chilled"
CIX,Cichlids NEI,1,Freshwater fishes,12,Tilapias and other cichlids,1501,Freshwater and Diadromous Fish,4,Fish and other fishing products,42,"Fish live, fresh or chilled for human consumption",421,"Freshwater fish, live, fresh or chilled"
CIT,Citharids NEI,3,Marine fishes,31,"Flounders, halibuts, soles",1514,Demersal Marine Fish,4,Fish and other fishing products,42,"Fish live, fresh or chilled for human consumption",423,"Flatfish, live, fresh or chilled"
CIV,Citharinus NEI,1,Freshwater fishes,13,Miscellaneous freshwater fishes,1501,Freshwater and Diadromous Fish,4,Fish and other fishing products,42,"Fish live, fresh or chilled for human consumption",421,"Freshwater fish, live, fresh or chilled"
DOK,[Cladosiphon okamuranus],9,Aquatic plants,91,Brown seaweeds,1594,Aquatic Plants,4,Fish and other fishing products,49,Other aquatic plants and animals,493,"Seaweeds and other algae, fresh, frozen or dried, whether or not ground"
CLX,"Clams, etc. NEI",5,Molluscs,56,"Clams, cockles, arkshells",1562,Molluscs excl. Cephalopods,4,Fish and other fishing products,44,"Molluscs live, fresh or chilled",445,"Clams, cockles and ark shells, live, fresh or chilled"
PRS,Clearhead icefish,2,Diadromous fishes,23,"Salmons, trouts, smelts",1501,Freshwater and Diadromous Fish,4,Fish and other fishing products,42,"Fish live, fresh or chilled for human consumption",429,"Other fish, live, fresh or chilled"
JFE,Clearnose skate,3,Marine fishes,38,"Sharks, rays, chimaeras",1514,Demersal Marine Fish,4,Fish and other fishing products,42,"Fish live, fresh or chilled for human consumption",429,"Other fish, live, fresh or chilled"
FPC,Climbing perch,1,Freshwater fishes,13,Miscellaneous freshwater fishes,1501,Freshwater and Diadromous Fish,4,Fish and other fishing products,42,"Fish live, fresh or chilled for human consumption",421,"Freshwater fish, live, fresh or chilled"
JMX,Clingfishes NEI,3,Marine fishes,33,Miscellaneous coastal fishes,1514,Demersal Marine Fish,4,Fish and other fishing products,42,"Fish live, fresh or chilled for human consumption",429,"Other fish, live, fresh or chilled"
KPM,Clown crab,4,Crustaceans,42,"Crabs, sea-spiders",1553,Crustaceans,4,Fish and other fishing products,43,"Crustaceans, live, fresh or chilled",431,"Crabs, live, fresh or chilled"
NCC,Clown knifefish,1,Freshwater fishes,13,Miscellaneous freshwater fishes,1501,Freshwater and Diadromous Fish,4,Fish and other fishing products,42,"Fish live, fresh or chilled for human consumption",421,"Freshwater fish, live, fresh or chilled"
BMW,Clown loach,1,Freshwater fishes,11,"Carps, barbels and other cyprinids",1501,Freshwater and Diadromous Fish,4,Fish and other fishing products,42,"Fish live, fresh or chilled for human consumption",421,"Freshwater fish, live, fresh or chilled"
UDV,Club scallop,5,Molluscs,55,"Scallops, pectens",1562,Molluscs excl. Cephalopods,4,Fish and other fishing products,44,"Molluscs live, fresh or chilled",444,"Scallops, live, fresh or chilled"
CLU,Clupeoids NEI,3,Marine fishes,35,"Herrings, sardines, anchovies",1527,Pelagic Marine Fish,4,Fish and other fishing products,42,"Fish live, fresh or chilled for human consumption",426,"Other pelagic fish, live, fresh or chilled"
DCL,Clymene dolphin,6,"Whales, seals and other aquatic mammals",62,"Sperm-whales, pilot-whales",1579,Aquatic Mammals,,,,,,
CNI,Cnidarians NEI,8,Miscellaneous aquatic animal products,82,Corals,,,4,Fish and other fishing products,49,Other aquatic plants and animals,491,"Coral and similar products, shells of molluscs, crustaceans or echinoderms and cuttle-bone; live aquatic plants and animals for ornamental purpose"
KQR,Coarse seagrape,9,Aquatic plants,93,Green seaweeds,1594,Aquatic Plants,4,Fish and other fishing products,49,Other aquatic plants and animals,493,"Seaweeds and other algae, fresh, frozen or dried, whether or not ground"
TPQ,Coarse shrimp,4,Crustaceans,45,"Shrimps, prawns",1553,Crustaceans,4,Fish and other fishing products,43,"Crustaceans, live, fresh or chilled",436,"Other shrimps and prawns, live, fresh or chilled"
NGC,Coastal trevally,3,Marine fishes,37,Miscellaneous pelagic fishes,1527,Pelagic Marine Fish,4,Fish and other fishing products,42,"Fish live, fresh or chilled for human consumption",426,"Other pelagic fish, live, fresh or chilled"
CNM,Cobbler,3,Marine fishes,33,Miscellaneous coastal fishes,1514,Demersal Marine Fish,4,Fish and other fishing products,42,"Fish live, fresh or chilled for human consumption",429,"Other fish, live, fresh or chilled"
CBA,Cobia,3,Marine fishes,37,Miscellaneous pelagic fishes,1527,Pelagic Marine Fish,4,Fish and other fishing products,42,"Fish live, fresh or chilled for human consumption",426,"Other pelagic fish, live, fresh or chilled"
COZ,Cockles NEI,5,Molluscs,56,"Clams, cockles, arkshells",1562,Molluscs excl. Cephalopods,4,Fish and other fishing products,44,"Molluscs live, fresh or chilled",445,"Clams, cockles and ark shells, live, fresh or chilled"
KIA,[Codium adhaerens],9,Aquatic plants,93,Green seaweeds,1594,Aquatic Plants,4,Fish and other fishing products,49,Other aquatic plants and animals,493,"Seaweeds and other algae, fresh, frozen or dried, whether or not ground"
COH,Coho(=Silver) salmon,2,Diadromous fishes,23,"Salmons, trouts, smelts",1501,Freshwater and Diadromous Fish,4,Fish and other fishing products,42,"Fish live, fresh or chilled for human consumption",422,"Salmonidae, live, fresh or chilled"
LJC,Colorado snapper,3,Marine fishes,33,Miscellaneous coastal fishes,1514,Demersal Marine Fish,4,Fish and other fishing products,42,"Fish live, fresh or chilled for human consumption",429,"Other fish, live, fresh or chilled"
CBR,Comber,3,Marine fishes,33,Miscellaneous coastal fishes,1514,Demersal Marine Fish,4,Fish and other fishing products,42,"Fish live, fresh or chilled for human consumption",429,"Other fish, live, fresh or chilled"
BAS,Combers NEI,3,Marine fishes,33,Miscellaneous coastal fishes,1514,Demersal Marine Fish,4,Fish and other fishing products,42,"Fish live, fresh or chilled for human consumption",429,"Other fish, live, fresh or chilled"
BLE,Combtooth blennies,3,Marine fishes,33,Miscellaneous coastal fishes,1514,Demersal Marine Fish,4,Fish and other fishing products,42,"Fish live, fresh or chilled for human consumption",429,"Other fish, live, fresh or chilled"
EEP,Comet grouper,3,Marine fishes,33,Miscellaneous coastal fishes,1514,Demersal Marine Fish,4,Fish and other fishing products,42,"Fish live, fresh or chilled for human consumption",429,"Other fish, live, fresh or chilled"
RQN,Commercial top,5,Molluscs,52,"Abalones, winkles, conchs",1562,Molluscs excl. Cephalopods,4,Fish and other fishing products,44,"Molluscs live, fresh or chilled",449,"Other molluscs, live, fresh or chilled"
CMD,Commerson's dolphin,6,"Whales, seals and other aquatic mammals",62,"Sperm-whales, pilot-whales",1579,Aquatic Mammals,,,,,,
NZA,Common Atlantic grenadier,3,Marine fishes,32,"Cods, hakes, haddocks",1514,Demersal Marine Fish,4,Fish and other fishing products,42,"Fish live, fresh or chilled for human consumption",424,"Fish of Gadiformes, live, fresh or chilled"
LVK,Common bluestripe snapper,3,Marine fishes,33,Miscellaneous coastal fishes,1514,Demersal Marine Fish,4,Fish and other fishing products,42,"Fish live, fresh or chilled for human consumption",429,"Other fish, live, fresh or chilled"
ITW,Common bobtail squid,5,Molluscs,57,"Squids, cuttlefishes, octopuses",1570,Cephalopods,4,Fish and other fishing products,44,"Molluscs live, fresh or chilled",446,"Cuttlefish and squid, live, fresh or chilled"
RKN,Common caridina,4,Crustaceans,41,Freshwater crustaceans,1553,Crustaceans,4,Fish and other fishing products,43,"Crustaceans, live, fresh or chilled",436,"Other shrimps and prawns, live, fresh or chilled"
FCP,Common carp,1,Freshwater fishes,11,"Carps, barbels and other cyprinids",1501,Freshwater and Diadromous Fish,4,Fish and other fishing products,42,"Fish live, fresh or chilled for human consumption",421,"Freshwater fish, live, fresh or chilled"
KHV,Common cerithe,5,Molluscs,52,"Abalones, winkles, conchs",1562,Molluscs excl. Cephalopods,4,Fish and other fishing products,44,"Molluscs live, fresh or chilled",449,"Other molluscs, live, fresh or chilled"
CTC,Common cuttlefish,5,Molluscs,57,"Squids, cuttlefishes, octopuses",1570,Cephalopods,4,Fish and other fishing products,44,"Molluscs live, fresh or chilled",446,"Cuttlefish and squid, live, fresh or chilled"
DAB,Common dab,3,Marine fishes,31,"Flounders, halibuts, soles",1514,Demersal Marine Fish,4,Fish and other fishing products,42,"Fish live, fresh or chilled for human consumption",423,"Flatfish, live, fresh or chilled"
FIE,Common dace,1,Freshwater fishes,11,"Carps, barbels and other cyprinids",1501,Freshwater and Diadromous Fish,4,Fish and other fishing products,42,"Fish live, fresh or chilled for human consumption",421,"Freshwater fish, live, fresh or chilled"
DEC,Common dentex,3,Marine fishes,33,Miscellaneous coastal fishes,1514,Demersal Marine Fish,4,Fish and other fishing products,42,"Fish live, fresh or chilled for human consumption",429,"Other fish, live, fresh or chilled"
DCO,Common dolphin,6,"Whales, seals and other aquatic mammals",62,"Sperm-whales, pilot-whales",1579,Aquatic Mammals,,,,,,
DOL,Common dolphinfish,3,Marine fishes,37,Miscellaneous pelagic fishes,1527,Pelagic Marine Fish,4,Fish and other fishing products,42,"Fish live, fresh or chilled for human consumption",426,"Other pelagic fish, live, fresh or chilled"
MYL,Common eagle ray,3,Marine fishes,38,"Sharks, rays, chimaeras",1514,Demersal Marine Fish,4,Fish and other fishing products,42,"Fish live, fresh or chilled for human consumption",429,"Other fish, live, fresh or chilled"
COC,Common edible cockle,5,Molluscs,56,"Clams, cockles, arkshells",1562,Molluscs excl. Cephalopods,4,Fish and other fishing products,44,"Molluscs live, fresh or chilled",445,"Clams, cockles and ark shells, live, fresh or chilled"
GKL,Common European bittersweet,5,Molluscs,56,"Clams, cockles, arkshells",1562,Molluscs excl. Cephalopods,4,Fish and other fishing products,44,"Molluscs live, fresh or chilled",445,"Clams, cockles and ark shells, live, fresh or chilled"
RBX,Common guitarfish,3,Marine fishes,38,"Sharks, rays, chimaeras",1514,Demersal Marine Fish,4,Fish and other fishing products,42,"Fish live, fresh or chilled for human consumption",429,"Other fish, live, fresh or chilled"
AJQ,Common jellyfish,7,Miscellaneous aquatic animals,77,Miscellaneous aquatic invertebrates,1587,Aquatic Animals NEI,4,Fish and other fishing products,45,"Other aquatic invertebrates, live, fresh or chilled",453,"Jellyfish, live, fresh or chilled"
RIB,Common mora,3,Marine fishes,32,"Cods, hakes, haddocks",1514,Demersal Marine Fish,4,Fish and other fishing products,42,"Fish live, fresh or chilled for human consumption",424,"Fish of Gadiformes, live, fresh or chilled"
HON,Common nase,1,Freshwater fishes,11,"Carps, barbels and other cyprinids",1501,Freshwater and Diadromous Fish,4,Fish and other fishing products,42,"Fish live, fresh or chilled for human consumption",421,"Freshwater fish, live, fresh or chilled"
OCC,Common octopus,5,Molluscs,57,"Squids, cuttlefishes, octopuses",1570,Cephalopods,4,Fish and other fishing products,44,"Molluscs live, fresh or chilled",447,"Octopus, live, fresh or chilled"
PAC,Common pandora,3,Marine fishes,33,Miscellaneous coastal fishes,1514,Demersal Marine Fish,4,Fish and other fishing products,42,"Fish live, fresh or chilled for human consumption",429,"Other fish, live, fresh or chilled"
UVD,Common parrotfish,3,Marine fishes,33,Miscellaneous coastal fishes,1514,Demersal Marine Fish,4,Fish and other fishing products,42,"Fish live, fresh or chilled for human consumption",429,"Other fish, live, fresh or chilled"
OHQ,Common pelican-foot,5,Molluscs,52,"Abalones, winkles, conchs",1562,Molluscs excl. Cephalopods,4,Fish and other fishing products,44,"Molluscs live, fresh or chilled",449,"Other molluscs, live, fresh or chilled"
PEE,Common periwinkle,5,Molluscs,52,"Abalones, winkles, conchs",1562,Molluscs excl. Cephalopods,4,Fish and other fishing products,44,"Molluscs live, fresh or chilled",449,"Other molluscs, live, fresh or chilled"
DXV,Common peruvian donax,5,Molluscs,56,"Clams, cockles, arkshells",1562,Molluscs excl. Cephalopods,4,Fish and other fishing products,44,"Molluscs live, fresh or chilled",445,"Clams, cockles and ark shells, live, fresh or chilled"
CPR,Common prawn,4,Crustaceans,45,"Shrimps, prawns",1553,Crustaceans,4,Fish and other fishing products,43,"Crustaceans, live, fresh or chilled",436,"Other shrimps and prawns, live, fresh or chilled"
RPR,Common sawfish,3,Marine fishes,38,"Sharks, rays, chimaeras",1514,Demersal Marine Fish,4,Fish and other fishing products,42,"Fish live, fresh or chilled for human consumption",429,"Other fish, live, fresh or chilled"
CSH,Common shrimp,4,Crustaceans,45,"Shrimps, prawns",1553,Crustaceans,4,Fish and other fishing products,43,"Crustaceans, live, fresh or chilled",435,"Cold-water shrimps and prawns (Pandalus spp., Crangon crangon), live, fresh or chilled"
GEJ,Common silver-biddy,3,Marine fishes,33,Miscellaneous coastal fishes,1514,Demersal Marine Fish,4,Fish and other fishing products,42,"Fish live, fresh or chilled for human consumption",429,"Other fish, live, fresh or chilled"
AYK,Common slider,7,Miscellaneous aquatic animals,72,Turtles,1587,Aquatic Animals NEI,,,,,,
SNO,Common snook,3,Marine fishes,33,Miscellaneous coastal fishes,1514,Demersal Marine Fish,4,Fish and other fishing products,42,"Fish live, fresh or chilled for human consumption",429,"Other fish, live, fresh or chilled"
SOL,Common sole,3,Marine fishes,31,"Flounders, halibuts, soles",1514,Demersal Marine Fish,4,Fish and other fishing products,42,"Fish live, fresh or chilled for human consumption",423,"Flatfish, live, fresh or chilled"
JDV,Common spider crab,4,Crustaceans,42,"Crabs, sea-spiders",1553,Crustaceans,4,Fish and other fishing products,43,"Crustaceans, live, fresh or chilled",431,"Crabs, live, fresh or chilled"
SLO,Common spiny lobster,4,Crustaceans,43,"Lobsters, spiny-rock lobsters",1553,Crustaceans,4,Fish and other fishing products,43,"Crustaceans, live, fresh or chilled",432,"Rock lobster and other sea crawfish, live, fresh or chilled"
SQC,Common squids NEI,5,Molluscs,57,"Squids, cuttlefishes, octopuses",1570,Cephalopods,4,Fish and other fishing products,44,"Molluscs live, fresh or chilled",446,"Cuttlefish and squid, live, fresh or chilled"
JDP,Common stingray,3,Marine fishes,38,"Sharks, rays, chimaeras",1514,Demersal Marine Fish,4,Fish and other fishing products,42,"Fish live, fresh or chilled for human consumption",429,"Other fish, live, fresh or chilled"
TTV,Common torpedo,3,Marine fishes,38,"Sharks, rays, chimaeras",1514,Demersal Marine Fish,4,Fish and other fishing products,42,"Fish live, fresh or chilled for human consumption",429,"Other fish, live, fresh or chilled"
CTB,Common two-banded seabream,3,Marine fishes,33,Miscellaneous coastal fishes,1514,Demersal Marine Fish,4,Fish and other fishing products,42,"Fish live, fresh or chilled for human consumption",429,"Other fish, live, fresh or chilled"
SEM,Common warehou,3,Marine fishes,34,Miscellaneous demersal fishes,1514,Demersal Marine Fish,4,Fish and other fishing products,42,"Fish live, fresh or chilled for human consumption",429,"Other fish, live, fresh or chilled"
JTX,Conch shells NEI,5,Molluscs,52,"Abalones, winkles, conchs",1562,Molluscs excl. Cephalopods,4,Fish and other fishing products,44,"Molluscs live, fresh or chilled",449,"Other molluscs, live, fresh or chilled"
CFJ,Coney,3,Marine fishes,33,Miscellaneous coastal fishes,1514,Demersal Marine Fish,4,Fish and other fishing products,42,"Fish live, fresh or chilled for human consumption",429,"Other fish, live, fresh or chilled"
COX,"Conger eels, etc. NEI",3,Marine fishes,34,Miscellaneous demersal fishes,1514,Demersal Marine Fish,4,Fish and other fishing products,42,"Fish live, fresh or chilled for human consumption",429,"Other fish, live, fresh or chilled"
CGZ,Conger eels NEI,3,Marine fishes,34,Miscellaneous demersal fishes,1514,Demersal Marine Fish,4,Fish and other fishing products,42,"Fish live, fresh or chilled for human consumption",429,"Other fish, live, fresh or chilled"
DNC,Congo dentex,3,Marine fishes,33,Miscellaneous coastal fishes,1514,Demersal Marine Fish,4,Fish and other fishing products,42,"Fish live, fresh or chilled for human consumption",429,"Other fish, live, fresh or chilled"
SVT,Constricted tagelus,5,Molluscs,56,"Clams, cockles, arkshells",1562,Molluscs excl. Cephalopods,4,Fish and other fishing products,44,"Molluscs live, fresh or chilled",445,"Clams, cockles and ark shells, live, fresh or chilled"
EIF,Convict grouper,3,Marine fishes,33,Miscellaneous coastal fishes,1514,Demersal Marine Fish,4,Fish and other fishing products,42,"Fish live, fresh or chilled for human consumption",429,"Other fish, live, fresh or chilled"
PYX,Coonstripe shrimp,4,Crustaceans,45,"Shrimps, prawns",1553,Crustaceans,4,Fish and other fishing products,43,"Crustaceans, live, fresh or chilled",435,"Cold-water shrimps and prawns (Pandalus spp., Crangon crangon), live, fresh or chilled"
ARH,Copper mahseer,1,Freshwater fishes,11,"Carps, barbels and other cyprinids",1501,Freshwater and Diadromous Fish,4,Fish and other fishing products,42,"Fish live, fresh or chilled for human consumption",421,"Freshwater fish, live, fresh or chilled"
SFJ,Copper rockfish,3,Marine fishes,34,Miscellaneous demersal fishes,1514,Demersal Marine Fish,4,Fish and other fishing products,42,"Fish live, fresh or chilled for human consumption",429,"Other fish, live, fresh or chilled"
BRO,Copper shark,3,Marine fishes,38,"Sharks, rays, chimaeras",1514,Demersal Marine Fish,4,Fish and other fishing products,42,"Fish live, fresh or chilled for human consumption",429,"Other fish, live, fresh or chilled"
CFI,Coral hind,3,Marine fishes,33,Miscellaneous coastal fishes,1514,Demersal Marine Fish,4,Fish and other fishing products,42,"Fish live, fresh or chilled for human consumption",429,"Other fish, live, fresh or chilled"
NPN,Coral shrimp,4,Crustaceans,45,"Shrimps, prawns",1553,Crustaceans,4,Fish and other fishing products,43,"Crustaceans, live, fresh or chilled",436,"Other shrimps and prawns, live, fresh or chilled"
YFM,Corkwing wrasse,3,Marine fishes,33,Miscellaneous coastal fishes,1514,Demersal Marine Fish,4,Fish and other fishing products,42,"Fish live, fresh or chilled for human consumption",429,"Other fish, live, fresh or chilled"
FUT,Cornetfish,3,Marine fishes,33,Miscellaneous coastal fishes,1514,Demersal Marine Fish,4,Fish and other fishing products,42,"Fish live, fresh or chilled for human consumption",429,"Other fish, live, fresh or chilled"
DML,Cornish jack,1,Freshwater fishes,13,Miscellaneous freshwater fishes,1501,Freshwater and Diadromous Fish,4,Fish and other fishing products,42,"Fish live, fresh or chilled for human consumption",421,"Freshwater fish, live, fresh or chilled"
OTR,Corocoro grunt,3,Marine fishes,33,Miscellaneous coastal fishes,1514,Demersal Marine Fish,4,Fish and other fishing products,42,"Fish live, fresh or chilled for human consumption",429,"Other fish, live, fresh or chilled"
VUC,Corrugated venus,5,Molluscs,56,"Clams, cockles, arkshells",1562,Molluscs excl. Cephalopods,4,Fish and other fishing products,44,"Molluscs live, fresh or chilled",445,"Clams, cockles and ark shells, live, fresh or chilled"
OYR,Cortez oyster,5,Molluscs,53,Oysters,1562,Molluscs excl. Cephalopods,4,Fish and other fishing products,44,"Molluscs live, fresh or chilled",442,"Oysters, live, fresh or chilled"
IAG,Corvina drum,3,Marine fishes,33,Miscellaneous coastal fishes,1514,Demersal Marine Fish,4,Fish and other fishing products,42,"Fish live, fresh or chilled for human consumption",429,"Other fish, live, fresh or chilled"
HLH,Cottonwick grunt,3,Marine fishes,33,Miscellaneous coastal fishes,1514,Demersal Marine Fish,4,Fish and other fishing products,42,"Fish live, fresh or chilled for human consumption",429,"Other fish, live, fresh or chilled"
OUU,[Cotylopus acutipinnis],3,Marine fishes,33,Miscellaneous coastal fishes,1514,Demersal Marine Fish,4,Fish and other fishing products,42,"Fish live, fresh or chilled for human consumption",429,"Other fish, live, fresh or chilled"
QYT,Cowcod,3,Marine fishes,34,Miscellaneous demersal fishes,1514,Demersal Marine Fish,4,Fish and other fishing products,42,"Fish live, fresh or chilled for human consumption",429,"Other fish, live, fresh or chilled"
MRB,Cownose ray,3,Marine fishes,38,"Sharks, rays, chimaeras",1514,Demersal Marine Fish,4,Fish and other fishing products,42,"Fish live, fresh or chilled for human consumption",429,"Other fish, live, fresh or chilled"
CNZ,Crangon shrimps NEI,4,Crustaceans,45,"Shrimps, prawns",1553,Crustaceans,4,Fish and other fishing products,43,"Crustaceans, live, fresh or chilled",435,"Cold-water shrimps and prawns (Pandalus spp., Crangon crangon), live, fresh or chilled"
LOQ,"Craylets, squat lobsters NEI",4,Crustaceans,44,"King crabs, squat-lobsters",1553,Crustaceans,4,Fish and other fishing products,43,"Crustaceans, live, fresh or chilled",439,"Other crustaceans, live, fresh or chilled"
CCZ,Creek whaler,3,Marine fishes,38,"Sharks, rays, chimaeras",1514,Demersal Marine Fish,4,Fish and other fishing products,42,"Fish live, fresh or chilled for human consumption",429,"Other fish, live, fresh or chilled"
TIF,Creole-fish,3,Marine fishes,33,Miscellaneous coastal fishes,1514,Demersal Marine Fish,4,Fish and other fishing products,42,"Fish live, fresh or chilled for human consumption",429,"Other fish, live, fresh or chilled"
USP,Creole wrasse,3,Marine fishes,33,Miscellaneous coastal fishes,1514,Demersal Marine Fish,4,Fish and other fishing products,42,"Fish live, fresh or chilled for human consumption",429,"Other fish, live, fresh or chilled"
NLD,Crested bellowfish,3,Marine fishes,34,Miscellaneous demersal fishes,1514,Demersal Marine Fish,4,Fish and other fishing products,42,"Fish live, fresh or chilled for human consumption",429,"Other fish, live, fresh or chilled"
GAU,Crest-tail catsharks NEI,3,Marine fishes,38,"Sharks, rays, chimaeras",1514,Demersal Marine Fish,4,Fish and other fishing products,42,"Fish live, fresh or chilled for human consumption",429,"Other fish, live, fresh or chilled"
CVJ,Crevalle jack,3,Marine fishes,37,Miscellaneous pelagic fishes,1527,Pelagic Marine Fish,4,Fish and other fishing products,42,"Fish live, fresh or chilled for human consumption",426,"Other pelagic fish, live, fresh or chilled"
PFM,Crimson jobfish,3,Marine fishes,33,Miscellaneous coastal fishes,1514,Demersal Marine Fish,4,Fish and other fishing products,42,"Fish live, fresh or chilled for human consumption",429,"Other fish, live, fresh or chilled"
FAC,Crimson pasiphaeid,4,Crustaceans,45,"Shrimps, prawns",1553,Crustaceans,4,Fish and other fishing products,43,"Crustaceans, live, fresh or chilled",436,"Other shrimps and prawns, live, fresh or chilled"
ENJ,Crimson seabream,3,Marine fishes,33,Miscellaneous coastal fishes,1514,Demersal Marine Fish,4,Fish and other fishing products,42,"Fish live, fresh or chilled for human consumption",429,"Other fish, live, fresh or chilled"
LJT,Crimson snapper,3,Marine fishes,33,Miscellaneous coastal fishes,1514,Demersal Marine Fish,4,Fish and other fishing products,42,"Fish live, fresh or chilled for human consumption",429,"Other fish, live, fresh or chilled"
CDX,"Croakers, drums NEI",3,Marine fishes,33,Miscellaneous coastal fishes,1514,Demersal Marine Fish,4,Fish and other fishing products,42,"Fish live, fresh or chilled for human consumption",429,"Other fish, live, fresh or chilled"
CRX,Croakers NEI,3,Marine fishes,33,Miscellaneous coastal fishes,1514,Demersal Marine Fish,4,Fish and other fishing products,42,"Fish live, fresh or chilled for human consumption",429,"Other fish, live, fresh or chilled"
ICX,Crocodile icefishes NEI,3,Marine fishes,34,Miscellaneous demersal fishes,1514,Demersal Marine Fish,4,Fish and other fishing products,42,"Fish live, fresh or chilled for human consumption",429,"Other fish, live, fresh or chilled"
PSK,Crocodile shark,3,Marine fishes,38,"Sharks, rays, chimaeras",1514,Demersal Marine Fish,4,Fish and other fishing products,42,"Fish live, fresh or chilled for human consumption",429,"Other fish, live, fresh or chilled"
DKC,Crocus giant clam,5,Molluscs,56,"Clams, cockles, arkshells",1562,Molluscs excl. Cephalopods,4,Fish and other fishing products,44,"Molluscs live, fresh or chilled",445,"Clams, cockles and ark shells, live, fresh or chilled"
HWD,Crown squirrelfish,3,Marine fishes,33,Miscellaneous coastal fishes,1514,Demersal Marine Fish,4,Fish and other fishing products,42,"Fish live, fresh or chilled for human consumption",429,"Other fish, live, fresh or chilled"
FCC,Crucian carp,1,Freshwater fishes,11,"Carps, barbels and other cyprinids",1501,Freshwater and Diadromous Fish,4,Fish and other fishing products,42,"Fish live, fresh or chilled for human consumption",421,"Freshwater fish, live, fresh or chilled"
AXP,Crucifix sea catfish,3,Marine fishes,33,Miscellaneous coastal fishes,1514,Demersal Marine Fish,4,Fish and other fishing products,42,"Fish live, fresh or chilled for human consumption",429,"Other fish, live, fresh or chilled"
YTN,Crystal goby,3,Marine fishes,33,Miscellaneous coastal fishes,1514,Demersal Marine Fish,4,Fish and other fishing products,42,"Fish live, fresh or chilled for human consumption",429,"Other fish, live, fresh or chilled"
CSP,Crystal shrimp,4,Crustaceans,45,"Shrimps, prawns",1553,Crustaceans,4,Fish and other fishing products,43,"Crustaceans, live, fresh or chilled",436,"Other shrimps and prawns, live, fresh or chilled"
CMB,Cuban crocodile,7,Miscellaneous aquatic animals,73,Crocodiles and alligators,,,,,,,,
LJY,Cubera snapper,3,Marine fishes,33,Miscellaneous coastal fishes,1514,Demersal Marine Fish,4,Fish and other fishing products,42,"Fish live, fresh or chilled for human consumption",429,"Other fish, live, fresh or chilled"
RJN,Cuckoo ray,3,Marine fishes,38,"Sharks, rays, chimaeras",1514,Demersal Marine Fish,4,Fish and other fishing products,42,"Fish live, fresh or chilled for human consumption",429,"Other fish, live, fresh or chilled"
USI,Cuckoo wrasse,3,Marine fishes,33,Miscellaneous coastal fishes,1514,Demersal Marine Fish,4,Fish and other fishing products,42,"Fish live, fresh or chilled for human consumption",429,"Other fish, live, fresh or chilled"
KHG,[Cucumaria frondosa],7,Miscellaneous aquatic animals,76,Sea-urchins and other echinoderms,1587,Aquatic Animals NEI,4,Fish and other fishing products,45,"Other aquatic invertebrates, live, fresh or chilled",451,"Sea cucumbers, live, fresh or chilled"
HMZ,Cunene horse mackerel,3,Marine fishes,37,Miscellaneous pelagic fishes,1527,Pelagic Marine Fish,4,Fish and other fishing products,42,"Fish live, fresh or chilled for human consumption",426,"Other pelagic fish, live, fresh or chilled"
CUN,Cunner,3,Marine fishes,33,Miscellaneous coastal fishes,1514,Demersal Marine Fish,4,Fish and other fishing products,42,"Fish live, fresh or chilled for human consumption",429,"Other fish, live, fresh or chilled"
OYC,Cupped oysters NEI,5,Molluscs,53,Oysters,1562,Molluscs excl. Cephalopods,4,Fish and other fishing products,44,"Molluscs live, fresh or chilled",442,"Oysters, live, fresh or chilled"
CUU,[Curimata cyprinoides],1,Freshwater fishes,13,Miscellaneous freshwater fishes,1501,Freshwater and Diadromous Fish,4,Fish and other fishing products,42,"Fish live, fresh or chilled for human consumption",421,"Freshwater fish, live, fresh or chilled"
EHI,Curled picarel,3,Marine fishes,33,Miscellaneous coastal fishes,1514,Demersal Marine Fish,4,Fish and other fishing products,42,"Fish live, fresh or chilled for human consumption",429,"Other fish, live, fresh or chilled"
NYD,Curlfin sole,3,Marine fishes,31,"Flounders, halibuts, soles",1514,Demersal Marine Fish,4,Fish and other fishing products,42,"Fish live, fresh or chilled for human consumption",423,"Flatfish, live, fresh or chilled"
OPH,"Cusk-eels, brotulas NEI",3,Marine fishes,34,Miscellaneous demersal fishes,1514,Demersal Marine Fish,4,Fish and other fishing products,42,"Fish live, fresh or chilled for human consumption",429,"Other fish, live, fresh or chilled"
CEX,Cusk-eels NEI,3,Marine fishes,34,Miscellaneous demersal fishes,1514,Demersal Marine Fish,4,Fish and other fishing products,42,"Fish live, fresh or chilled for human consumption",429,"Other fish, live, fresh or chilled"
CTL,"Cuttlefish, bobtail squids NEI",5,Molluscs,57,"Squids, cuttlefishes, octopuses",1570,Cephalopods,4,Fish and other fishing products,44,"Molluscs live, fresh or chilled",446,"Cuttlefish and squid, live, fresh or chilled"
IAX,Cuttlefishes NEI,5,Molluscs,57,"Squids, cuttlefishes, octopuses",1570,Cephalopods,4,Fish and other fishing products,44,"Molluscs live, fresh or chilled",446,"Cuttlefish and squid, live, fresh or chilled"
BCW,Cuvier's beaked whale,6,"Whales, seals and other aquatic mammals",62,"Sperm-whales, pilot-whales",1579,Aquatic Mammals,,,,,,
UCB,Cuvier's Dwarf caiman,7,Miscellaneous aquatic animals,73,Crocodiles and alligators,,,,,,,,
YCQ,[Cyclocheilichthys armatus],1,Freshwater fishes,11,"Carps, barbels and other cyprinids",1501,Freshwater and Diadromous Fish,4,Fish and other fishing products,42,"Fish live, fresh or chilled for human consumption",421,"Freshwater fish, live, fresh or chilled"
WIO,Cyclope sole,3,Marine fishes,31,"Flounders, halibuts, soles",1514,Demersal Marine Fish,4,Fish and other fishing products,42,"Fish live, fresh or chilled for human consumption",423,"Flatfish, live, fresh or chilled"
FCY,Cyprinids NEI,1,Freshwater fishes,11,"Carps, barbels and other cyprinids",1501,Freshwater and Diadromous Fish,4,Fish and other fishing products,42,"Fish live, fresh or chilled for human consumption",421,"Freshwater fish, live, fresh or chilled"
FIA,[Cyprinus intha],1,Freshwater fishes,11,"Carps, barbels and other cyprinids",1501,Freshwater and Diadromous Fish,4,Fish and other fishing products,42,"Fish live, fresh or chilled for human consumption",421,"Freshwater fish, live, fresh or chilled"
YPX,[Cypselurus spp],3,Marine fishes,37,Miscellaneous pelagic fishes,1527,Pelagic Marine Fish,4,Fish and other fishing products,42,"Fish live, fresh or chilled for human consumption",426,"Other pelagic fish, live, fresh or chilled"
DAG,Dagaas (=Kapenta),1,Freshwater fishes,13,Miscellaneous freshwater fishes,1501,Freshwater and Diadromous Fish,4,Fish and other fishing products,42,"Fish live, fresh or chilled for human consumption",421,"Freshwater fish, live, fresh or chilled"
RSX,Daggerhead breams NEI,3,Marine fishes,33,Miscellaneous coastal fishes,1514,Demersal Marine Fish,4,Fish and other fishing products,42,"Fish live, fresh or chilled for human consumption",429,"Other fish, live, fresh or chilled"
ANP,Daggertooth,3,Marine fishes,33,Miscellaneous coastal fishes,1514,Demersal Marine Fish,4,Fish and other fishing products,42,"Fish live, fresh or chilled for human consumption",429,"Other fish, live, fresh or chilled"
DPC,Daggertooth pike conger,3,Marine fishes,34,Miscellaneous demersal fishes,1514,Demersal Marine Fish,4,Fish and other fishing products,42,"Fish live, fresh or chilled for human consumption",429,"Other fish, live, fresh or chilled"
BZY,Daisy midshipman,3,Marine fishes,33,Miscellaneous coastal fishes,1514,Demersal Marine Fish,4,Fish and other fishing products,42,"Fish live, fresh or chilled for human consumption",429,"Other fish, live, fresh or chilled"
UUS,Daisy parrotfish,3,Marine fishes,33,Miscellaneous coastal fishes,1514,Demersal Marine Fish,4,Fish and other fishing products,42,"Fish live, fresh or chilled for human consumption",429,"Other fish, live, fresh or chilled"
RDS,Daisy stingray,3,Marine fishes,38,"Sharks, rays, chimaeras",1514,Demersal Marine Fish,4,Fish and other fishing products,42,"Fish live, fresh or chilled for human consumption",429,"Other fish, live, fresh or chilled"
PDA,Dall's porpoise,6,"Whales, seals and other aquatic mammals",62,"Sperm-whales, pilot-whales",1579,Aquatic Mammals,,,,,,
KSI,Damsel bass,3,Marine fishes,33,Miscellaneous coastal fishes,1514,Demersal Marine Fish,4,Fish and other fishing products,42,"Fish live, fresh or chilled for human consumption",429,"Other fish, live, fresh or chilled"
CMK,Damselfish,3,Marine fishes,33,Miscellaneous coastal fishes,1514,Demersal Marine Fish,4,Fish and other fishing products,42,"Fish live, fresh or chilled for human consumption",429,"Other fish, live, fresh or chilled"
DSF,Damselfishes,3,Marine fishes,33,Miscellaneous coastal fishes,1514,Demersal Marine Fish,4,Fish and other fishing products,42,"Fish live, fresh or chilled for human consumption",429,"Other fish, live, fresh or chilled"
CRZ,Dana swimcrab,4,Crustaceans,42,"Crabs, sea-spiders",1553,Crustaceans,4,Fish and other fishing products,43,"Crustaceans, live, fresh or chilled",431,"Crabs, live, fresh or chilled"
NUC,Danube bleak,1,Freshwater fishes,11,"Carps, barbels and other cyprinids",1501,Freshwater and Diadromous Fish,4,Fish and other fishing products,42,"Fish live, fresh or chilled for human consumption",421,"Freshwater fish, live, fresh or chilled"
CRD,Danube crayfish,4,Crustaceans,41,Freshwater crustaceans,1553,Crustaceans,4,Fish and other fishing products,43,"Crustaceans, live, fresh or chilled",439,"Other crustaceans, live, fresh or chilled"
APG,Danube sturgeon(=Osetr),2,Diadromous fishes,21,"Sturgeons, paddlefishes",1501,Freshwater and Diadromous Fish,4,Fish and other fishing products,42,"Fish live, fresh or chilled for human consumption",429,"Other fish, live, fresh or chilled"
BYE,Dark-belly skate,3,Marine fishes,38,"Sharks, rays, chimaeras",1514,Demersal Marine Fish,4,Fish and other fishing products,42,"Fish live, fresh or chilled for human consumption",429,"Other fish, live, fresh or chilled"
RFC,Darkblotched rockfish,3,Marine fishes,34,Miscellaneous demersal fishes,1514,Demersal Marine Fish,4,Fish and other fishing products,42,"Fish live, fresh or chilled for human consumption",429,"Other fish, live, fresh or chilled"
CYV,Dark ghost shark,3,Marine fishes,38,"Sharks, rays, chimaeras",1514,Demersal Marine Fish,4,Fish and other fishing products,42,"Fish live, fresh or chilled for human consumption",429,"Other fish, live, fresh or chilled"
EBP,Dark green nori,9,Aquatic plants,93,Green seaweeds,1594,Aquatic Plants,4,Fish and other fishing products,49,Other aquatic plants and animals,493,"Seaweeds and other algae, fresh, frozen or dried, whether or not ground"
GXW,Darwin's slimehead,3,Marine fishes,34,Miscellaneous demersal fishes,1514,Demersal Marine Fish,4,Fish and other fishing products,42,"Fish live, fresh or chilled for human consumption",429,"Other fish, live, fresh or chilled"
TPA,Dealfish,3,Marine fishes,37,Miscellaneous pelagic fishes,1527,Pelagic Marine Fish,4,Fish and other fishing products,42,"Fish live, fresh or chilled for human consumption",426,"Other pelagic fish, live, fresh or chilled"
TRP,Dealfishes,3,Marine fishes,37,Miscellaneous pelagic fishes,1527,Pelagic Marine Fish,4,Fish and other fishing products,42,"Fish live, fresh or chilled for human consumption",426,"Other pelagic fish, live, fresh or chilled"
ZAC,Deepbody boarfish,3,Marine fishes,34,Miscellaneous demersal fishes,1514,Demersal Marine Fish,4,Fish and other fishing products,42,"Fish live, fresh or chilled for human consumption",429,"Other fish, live, fresh or chilled"
KEF,Deep-sea red crab,4,Crustaceans,42,"Crabs, sea-spiders",1553,Crustaceans,4,Fish and other fishing products,43,"Crustaceans, live, fresh or chilled",431,"Crabs, live, fresh or chilled"
DES,Deep-sea smelt,3,Marine fishes,34,Miscellaneous demersal fishes,1514,Demersal Marine Fish,4,Fish and other fishing products,42,"Fish live, fresh or chilled for human consumption",429,"Other fish, live, fresh or chilled"
HKO,Deep-water Cape hake,3,Marine fishes,32,"Cods, hakes, haddocks",1514,Demersal Marine Fish,4,Fish and other fishing products,42,"Fish live, fresh or chilled for human consumption",424,"Fish of Gadiformes, live, fresh or chilled"
ETC,Deepwater longtail red snapper,3,Marine fishes,33,Miscellaneous coastal fishes,1514,Demersal Marine Fish,4,Fish and other fishing products,42,"Fish live, fresh or chilled for human consumption",429,"Other fish, live, fresh or chilled"
ETA,Deep-water red snapper,3,Marine fishes,33,Miscellaneous coastal fishes,1514,Demersal Marine Fish,4,Fish and other fishing products,42,"Fish live, fresh or chilled for human consumption",429,"Other fish, live, fresh or chilled"
DPS,Deep-water rose shrimp,4,Crustaceans,45,"Shrimps, prawns",1553,Crustaceans,4,Fish and other fishing products,43,"Crustaceans, live, fresh or chilled",436,"Other shrimps and prawns, live, fresh or chilled"
DWS,Deep-water sharks NEI,3,Marine fishes,38,"Sharks, rays, chimaeras",1514,Demersal Marine Fish,4,Fish and other fishing products,42,"Fish live, fresh or chilled for human consumption",429,"Other fish, live, fresh or chilled"
YMW,Deep water sole,3,Marine fishes,31,"Flounders, halibuts, soles",1514,Demersal Marine Fish,4,Fish and other fishing products,42,"Fish live, fresh or chilled for human consumption",423,"Flatfish, live, fresh or chilled"
KZJ,Delagoa threadfin bream,3,Marine fishes,33,Miscellaneous coastal fishes,1514,Demersal Marine Fish,4,Fish and other fishing products,42,"Fish live, fresh or chilled for human consumption",429,"Other fish, live, fresh or chilled"
ZYE,Delicate scallop,5,Molluscs,55,"Scallops, pectens",1562,Molluscs excl. Cephalopods,4,Fish and other fishing products,44,"Molluscs live, fresh or chilled",444,"Scallops, live, fresh or chilled"
PIQ,Delta prawn,4,Crustaceans,45,"Shrimps, prawns",1553,Crustaceans,4,Fish and other fishing products,43,"Crustaceans, live, fresh or chilled",436,"Other shrimps and prawns, live, fresh or chilled"
DPX,Demersal percomorphs NEI,3,Marine fishes,34,Miscellaneous demersal fishes,1514,Demersal Marine Fish,4,Fish and other fishing products,42,"Fish live, fresh or chilled for human consumption",429,"Other fish, live, fresh or chilled"
DEX,Dentex NEI,3,Marine fishes,33,Miscellaneous coastal fishes,1514,Demersal Marine Fish,4,Fish and other fishing products,42,"Fish live, fresh or chilled for human consumption",429,"Other fish, live, fresh or chilled"
ERA,Desert dace,1,Freshwater fishes,11,"Carps, barbels and other cyprinids",1501,Freshwater and Diadromous Fish,4,Fish and other fishing products,42,"Fish live, fresh or chilled for human consumption",421,"Freshwater fish, live, fresh or chilled"
MVO,Devil anglerfish,3,Marine fishes,34,Miscellaneous demersal fishes,1514,Demersal Marine Fish,4,Fish and other fishing products,42,"Fish live, fresh or chilled for human consumption",429,"Other fish, live, fresh or chilled"
UHQ,Devil firefish,3,Marine fishes,34,Miscellaneous demersal fishes,1514,Demersal Marine Fish,4,Fish and other fishing products,42,"Fish live, fresh or chilled for human consumption",429,"Other fish, live, fresh or chilled"
RMM,Devil fish,3,Marine fishes,38,"Sharks, rays, chimaeras",1514,Demersal Marine Fish,4,Fish and other fishing products,42,"Fish live, fresh or chilled for human consumption",429,"Other fish, live, fresh or chilled"
DCX,Diadromous clupeoids NEI,2,Diadromous fishes,24,Shads,1501,Freshwater and Diadromous Fish,4,Fish and other fishing products,42,"Fish live, fresh or chilled for human consumption",429,"Other fish, live, fresh or chilled"
DIA,Diadromous fishes NEI,2,Diadromous fishes,25,Miscellaneous diadromous fishes,1501,Freshwater and Diadromous Fish,4,Fish and other fishing products,42,"Fish live, fresh or chilled for human consumption",429,"Other fish, live, fresh or chilled"
YUR,Diamondback squid,5,Molluscs,57,"Squids, cuttlefishes, octopuses",1570,Cephalopods,4,Fish and other fishing products,44,"Molluscs live, fresh or chilled",446,"Cuttlefish and squid, live, fresh or chilled"
AYW,Diamondback terrapin,7,Miscellaneous aquatic animals,72,Turtles,1587,Aquatic Animals NEI,,,,,,
KHD,Diamond stingray,3,Marine fishes,38,"Sharks, rays, chimaeras",1514,Demersal Marine Fish,4,Fish and other fishing products,42,"Fish live, fresh or chilled for human consumption",429,"Other fish, live, fresh or chilled"
DPE,[Diaphus effulgens],3,Marine fishes,34,Miscellaneous demersal fishes,1514,Demersal Marine Fish,4,Fish and other fishing products,42,"Fish live, fresh or chilled for human consumption",429,"Other fish, live, fresh or chilled"
DBA,[Dibranchus atlanticus],3,Marine fishes,34,Miscellaneous demersal fishes,1514,Demersal Marine Fish,4,Fish and other fishing products,42,"Fish live, fresh or chilled for human consumption",429,"Other fish, live, fresh or chilled"
DIN,[Diopatra neapolitana],7,Miscellaneous aquatic animals,77,Miscellaneous aquatic invertebrates,1587,Aquatic Animals NEI,4,Fish and other fishing products,45,"Other aquatic invertebrates, live, fresh or chilled",459,"Other aquatic invertebrates, live, fresh or chilled, n.e.c."
OIF,Diphos sanguin,5,Molluscs,56,"Clams, cockles, arkshells",1562,Molluscs excl. Cephalopods,4,Fish and other fishing products,44,"Molluscs live, fresh or chilled",445,"Clams, cockles and ark shells, live, fresh or chilled"
JRC,[Dipturus macrocauda],3,Marine fishes,38,"Sharks, rays, chimaeras",1514,Demersal Marine Fish,4,Fish and other fishing products,42,"Fish live, fresh or chilled for human consumption",429,"Other fish, live, fresh or chilled"
DYS,[Ditropichthys storeri],3,Marine fishes,34,Miscellaneous demersal fishes,1514,Demersal Marine Fish,4,Fish and other fishing products,42,"Fish live, fresh or chilled for human consumption",429,"Other fish, live, fresh or chilled"
AQH,Doctorfish,3,Marine fishes,33,Miscellaneous coastal fishes,1514,Demersal Marine Fish,4,Fish and other fishing products,42,"Fish live, fresh or chilled for human consumption",429,"Other fish, live, fresh or chilled"
NFG,Dogface witch-eel,3,Marine fishes,34,Miscellaneous demersal fishes,1514,Demersal Marine Fish,4,Fish and other fishing products,42,"Fish live, fresh or chilled for human consumption",429,"Other fish, live, fresh or chilled"
DGH,Dogfishes and hounds NEI,3,Marine fishes,38,"Sharks, rays, chimaeras",1514,Demersal Marine Fish,4,Fish and other fishing products,42,"Fish live, fresh or chilled for human consumption",429,"Other fish, live, fresh or chilled"
DGZ,Dogfishes NEI,3,Marine fishes,38,"Sharks, rays, chimaeras",1514,Demersal Marine Fish,4,Fish and other fishing products,42,"Fish live, fresh or chilled for human consumption",429,"Other fish, live, fresh or chilled"
SHX,"Dogfish sharks, etc. NEI",3,Marine fishes,38,"Sharks, rays, chimaeras",1514,Demersal Marine Fish,4,Fish and other fishing products,42,"Fish live, fresh or chilled for human consumption",429,"Other fish, live, fresh or chilled"
DGX,Dogfish sharks NEI,3,Marine fishes,38,"Sharks, rays, chimaeras",1514,Demersal Marine Fish,4,Fish and other fishing products,42,"Fish live, fresh or chilled for human consumption",429,"Other fish, live, fresh or chilled"
LJJ,Dog snapper,3,Marine fishes,33,Miscellaneous coastal fishes,1514,Demersal Marine Fish,4,Fish and other fishing products,42,"Fish live, fresh or chilled for human consumption",429,"Other fish, live, fresh or chilled"
MNI,Dogtooth grenadier,3,Marine fishes,32,"Cods, hakes, haddocks",1514,Demersal Marine Fish,4,Fish and other fishing products,42,"Fish live, fresh or chilled for human consumption",424,"Fish of Gadiformes, live, fresh or chilled"
EFJ,Dogtooth grouper,3,Marine fishes,33,Miscellaneous coastal fishes,1514,Demersal Marine Fish,4,Fish and other fishing products,42,"Fish live, fresh or chilled for human consumption",429,"Other fish, live, fresh or chilled"
DOT,Dogtooth tuna,3,Marine fishes,36,"Tunas, bonitos, billfishes",1527,Pelagic Marine Fish,4,Fish and other fishing products,42,"Fish live, fresh or chilled for human consumption",426,"Other pelagic fish, live, fresh or chilled"
DOX,Dolphinfishes NEI,3,Marine fishes,37,Miscellaneous pelagic fishes,1527,Pelagic Marine Fish,4,Fish and other fishing products,42,"Fish live, fresh or chilled for human consumption",426,"Other pelagic fish, live, fresh or chilled"
DLP,Dolphins NEI,6,"Whales, seals and other aquatic mammals",62,"Sperm-whales, pilot-whales",1579,Aquatic Mammals,,,,,,
TGZ,Dombey's tagelus,5,Molluscs,56,"Clams, cockles, arkshells",1562,Molluscs excl. Cephalopods,4,Fish and other fishing products,44,"Molluscs live, fresh or chilled",445,"Clams, cockles and ark shells, live, fresh or chilled"
DON,Donax clams,5,Molluscs,56,"Clams, cockles, arkshells",1562,Molluscs excl. Cephalopods,4,Fish and other fishing products,44,"Molluscs live, fresh or chilled",445,"Clams, cockles and ark shells, live, fresh or chilled"
NHK,Donkey croaker,3,Marine fishes,33,Miscellaneous coastal fishes,1514,Demersal Marine Fish,4,Fish and other fishing products,42,"Fish live, fresh or chilled for human consumption",429,"Other fish, live, fresh or chilled"
DOB,Dorab wolf-herring,3,Marine fishes,35,"Herrings, sardines, anchovies",1527,Pelagic Marine Fish,4,Fish and other fishing products,42,"Fish live, fresh or chilled for human consumption",426,"Other pelagic fish, live, fresh or chilled"
BCM,Dorada,1,Freshwater fishes,13,Miscellaneous freshwater fishes,1501,Freshwater and Diadromous Fish,4,Fish and other fishing products,42,"Fish live, fresh or chilled for human consumption",421,"Freshwater fish, live, fresh or chilled"
SXU,Dorado,1,Freshwater fishes,13,Miscellaneous freshwater fishes,1501,Freshwater and Diadromous Fish,4,Fish and other fishing products,42,"Fish live, fresh or chilled for human consumption",421,"Freshwater fish, live, fresh or chilled"
DPZ,[Doraops zuloagai],1,Freshwater fishes,13,Miscellaneous freshwater fishes,1501,Freshwater and Diadromous Fish,4,Fish and other fishing products,42,"Fish live, fresh or chilled for human consumption",421,"Freshwater fish, live, fresh or chilled"
ZEX,Dories NEI,3,Marine fishes,34,Miscellaneous demersal fishes,1514,Demersal Marine Fish,4,Fish and other fishing products,42,"Fish live, fresh or chilled for human consumption",429,"Other fish, live, fresh or chilled"
LJF,Dory snapper,3,Marine fishes,33,Miscellaneous coastal fishes,1514,Demersal Marine Fish,4,Fish and other fishing products,42,"Fish live, fresh or chilled for human consumption",429,"Other fish, live, fresh or chilled"
DSZ,Dosinias NEI,5,Molluscs,56,"Clams, cockles, arkshells",1562,Molluscs excl. Cephalopods,4,Fish and other fishing products,44,"Molluscs live, fresh or chilled",445,"Clams, cockles and ark shells, live, fresh or chilled"
DOD,Dotted gizzard shad,2,Diadromous fishes,24,Shads,1501,Freshwater and Diadromous Fish,4,Fish and other fishing products,42,"Fish live, fresh or chilled for human consumption",429,"Other fish, live, fresh or chilled"
EWE,Dotted grouper,3,Marine fishes,33,Miscellaneous coastal fishes,1514,Demersal Marine Fish,4,Fish and other fishing products,42,"Fish live, fresh or chilled for human consumption",429,"Other fish, live, fresh or chilled"
OBY,Doublespotted queenfish,3,Marine fishes,37,Miscellaneous pelagic fishes,1527,Pelagic Marine Fish,4,Fish and other fishing products,42,"Fish live, fresh or chilled for human consumption",426,"Other pelagic fish, live, fresh or chilled"
MIP,Dover sole,3,Marine fishes,31,"Flounders, halibuts, soles",1514,Demersal Marine Fish,4,Fish and other fishing products,42,"Fish live, fresh or chilled for human consumption",423,"Flatfish, live, fresh or chilled"
LYY,Dragonet,3,Marine fishes,33,Miscellaneous coastal fishes,1514,Demersal Marine Fish,4,Fish and other fishing products,42,"Fish live, fresh or chilled for human consumption",429,"Other fish, live, fresh or chilled"
CPS,Draughtsboard shark,3,Marine fishes,38,"Sharks, rays, chimaeras",1514,Demersal Marine Fish,4,Fish and other fishing products,42,"Fish live, fresh or chilled for human consumption",429,"Other fish, live, fresh or chilled"
CBG,Driftfish,3,Marine fishes,37,Miscellaneous pelagic fishes,1527,Pelagic Marine Fish,4,Fish and other fishing products,42,"Fish live, fresh or chilled for human consumption",426,"Other pelagic fish, live, fresh or chilled"
UBS,Drums NEI,3,Marine fishes,33,Miscellaneous coastal fishes,1514,Demersal Marine Fish,4,Fish and other fishing products,42,"Fish live, fresh or chilled for human consumption",429,"Other fish, live, fresh or chilled"
MNL,Duckbill barracudina,3,Marine fishes,34,Miscellaneous demersal fishes,1514,Demersal Marine Fish,4,Fish and other fishing products,42,"Fish live, fresh or chilled for human consumption",429,"Other fish, live, fresh or chilled"
SBM,Duckbill catfish,1,Freshwater fishes,13,Miscellaneous freshwater fishes,1501,Freshwater and Diadromous Fish,4,Fish and other fishing products,42,"Fish live, fresh or chilled for human consumption",421,"Freshwater fish, live, fresh or chilled"
JIX,Duckbills NEI,3,Marine fishes,33,Miscellaneous coastal fishes,1514,Demersal Marine Fish,4,Fish and other fishing products,42,"Fish live, fresh or chilled for human consumption",429,"Other fish, live, fresh or chilled"
RHP,Dulse,9,Aquatic plants,92,Red seaweeds,1594,Aquatic Plants,4,Fish and other fishing products,49,Other aquatic plants and animals,493,"Seaweeds and other algae, fresh, frozen or dried, whether or not ground"
UNI,[Dunaliella salina],9,Aquatic plants,93,Green seaweeds,1594,Aquatic Plants,4,Fish and other fishing products,49,Other aquatic plants and animals,493,"Seaweeds and other algae, fresh, frozen or dried, whether or not ground"
EEG,Dungat grouper,3,Marine fishes,33,Miscellaneous coastal fishes,1514,Demersal Marine Fish,4,Fish and other fishing products,42,"Fish live, fresh or chilled for human consumption",429,"Other fish, live, fresh or chilled"
DUN,Dungeness crab,4,Crustaceans,42,"Crabs, sea-spiders",1553,Crustaceans,4,Fish and other fishing products,43,"Crustaceans, live, fresh or chilled",431,"Crabs, live, fresh or chilled"
HAN,Dusky catshark,3,Marine fishes,38,"Sharks, rays, chimaeras",1514,Demersal Marine Fish,4,Fish and other fishing products,42,"Fish live, fresh or chilled for human consumption",429,"Other fish, live, fresh or chilled"
DDU,Dusky dolphin,6,"Whales, seals and other aquatic mammals",62,"Sperm-whales, pilot-whales",1579,Aquatic Mammals,,,,,,
GPD,Dusky grouper,3,Marine fishes,33,Miscellaneous coastal fishes,1514,Demersal Marine Fish,4,Fish and other fishing products,42,"Fish live, fresh or chilled for human consumption",429,"Other fish, live, fresh or chilled"
DUS,Dusky shark,3,Marine fishes,38,"Sharks, rays, chimaeras",1514,Demersal Marine Fish,4,Fish and other fishing products,42,"Fish live, fresh or chilled for human consumption",429,"Other fish, live, fresh or chilled"
CTI,Dusky smooth-hound,3,Marine fishes,38,"Sharks, rays, chimaeras",1514,Demersal Marine Fish,4,Fish and other fishing products,42,"Fish live, fresh or chilled for human consumption",429,"Other fish, live, fresh or chilled"
IGU,Dusky spinefoot,3,Marine fishes,33,Miscellaneous coastal fishes,1514,Demersal Marine Fish,4,Fish and other fishing products,42,"Fish live, fresh or chilled for human consumption",429,"Other fish, live, fresh or chilled"
EFK,Duskytail grouper,3,Marine fishes,33,Miscellaneous coastal fishes,1514,Demersal Marine Fish,4,Fish and other fishing products,42,"Fish live, fresh or chilled for human consumption",429,"Other fish, live, fresh or chilled"
CTR,Dwarf bobtail squid,5,Molluscs,57,"Squids, cuttlefishes, octopuses",1570,Cephalopods,4,Fish and other fishing products,44,"Molluscs live, fresh or chilled",446,"Cuttlefish and squid, live, fresh or chilled"
DWW,Dwarf sperm whale,6,"Whales, seals and other aquatic mammals",62,"Sperm-whales, pilot-whales",1579,Aquatic Mammals,,,,,,
EAG,Eagle rays NEI,3,Marine fishes,38,"Sharks, rays, chimaeras",1514,Demersal Marine Fish,4,Fish and other fishing products,42,"Fish live, fresh or chilled for human consumption",429,"Other fish, live, fresh or chilled"
ZHB,East Asian bullfrog,7,Miscellaneous aquatic animals,71,Frogs and other amphibians,1587,Aquatic Animals NEI,,,,,,
YVT,East Atlantic peacock wrasse,3,Marine fishes,33,Miscellaneous coastal fishes,1514,Demersal Marine Fish,4,Fish and other fishing products,42,"Fish live, fresh or chilled for human consumption",429,"Other fish, live, fresh or chilled"
DMN,Eastern bottlenose mormyrid,1,Freshwater fishes,13,Miscellaneous freshwater fishes,1501,Freshwater and Diadromous Fish,4,Fish and other fishing products,42,"Fish live, fresh or chilled for human consumption",421,"Freshwater fish, live, fresh or chilled"
PNP,Eastern king prawn,4,Crustaceans,45,"Shrimps, prawns",1553,Crustaceans,4,Fish and other fishing products,43,"Crustaceans, live, fresh or chilled",436,"Other shrimps and prawns, live, fresh or chilled"
BEP,Eastern Pacific bonito,3,Marine fishes,36,"Tunas, bonitos, billfishes",1527,Pelagic Marine Fish,4,Fish and other fishing products,42,"Fish live, fresh or chilled for human consumption",426,"Other pelagic fish, live, fresh or chilled"
MPM,Eastern school shrimp,4,Crustaceans,45,"Shrimps, prawns",1553,Crustaceans,4,Fish and other fishing products,43,"Crustaceans, live, fresh or chilled",436,"Other shrimps and prawns, live, fresh or chilled"
BEA,Eaton's skate,3,Marine fishes,38,"Sharks, rays, chimaeras",1514,Demersal Marine Fish,4,Fish and other fishing products,42,"Fish live, fresh or chilled for human consumption",429,"Other fish, live, fresh or chilled"
ECH,Echinoderms,7,Miscellaneous aquatic animals,76,Sea-urchins and other echinoderms,1587,Aquatic Animals NEI,4,Fish and other fishing products,45,"Other aquatic invertebrates, live, fresh or chilled",459,"Other aquatic invertebrates, live, fresh or chilled, n.e.c."
EVF,[Echiophis creutzbergi],3,Marine fishes,33,Miscellaneous coastal fishes,1514,Demersal Marine Fish,4,Fish and other fishing products,42,"Fish live, fresh or chilled for human consumption",429,"Other fish, live, fresh or chilled"
CRE,Edible crab,4,Crustaceans,42,"Crabs, sea-spiders",1553,Crustaceans,4,Fish and other fishing products,43,"Crustaceans, live, fresh or chilled",431,"Crabs, live, fresh or chilled"
ZOM,Eel-grass,9,Aquatic plants,94,Miscellaneous aquatic plants,1594,Aquatic Plants,4,Fish and other fishing products,49,Other aquatic plants and animals,493,"Seaweeds and other algae, fresh, frozen or dried, whether or not ground"
ELP,Eelpout,3,Marine fishes,33,Miscellaneous coastal fishes,1514,Demersal Marine Fish,4,Fish and other fishing products,42,"Fish live, fresh or chilled for human consumption",429,"Other fish, live, fresh or chilled"
ELZ,Eelpouts,3,Marine fishes,34,Miscellaneous demersal fishes,1514,Demersal Marine Fish,4,Fish and other fishing products,42,"Fish live, fresh or chilled for human consumption",429,"Other fish, live, fresh or chilled"
XAX,"Eels, morays, congers NEI",3,Marine fishes,34,Miscellaneous demersal fishes,1514,Demersal Marine Fish,4,Fish and other fishing products,42,"Fish live, fresh or chilled for human consumption",429,"Other fish, live, fresh or chilled"
CAE,Eeltail catfishes,3,Marine fishes,33,Miscellaneous coastal fishes,1514,Demersal Marine Fish,4,Fish and other fishing products,42,"Fish live, fresh or chilled for human consumption",429,"Other fish, live, fresh or chilled"
EGY,Egyptian sole,3,Marine fishes,31,"Flounders, halibuts, soles",1514,Demersal Marine Fish,4,Fish and other fishing products,42,"Fish live, fresh or chilled for human consumption",423,"Flatfish, live, fresh or chilled"
EAE,Eigenmann's anchovy,3,Marine fishes,35,"Herrings, sardines, anchovies",1527,Pelagic Marine Fish,4,Fish and other fishing products,42,"Fish live, fresh or chilled for human consumption",426,"Other pelagic fish, live, fresh or chilled"
MPC,Electric catfish,1,Freshwater fishes,13,Miscellaneous freshwater fishes,1501,Freshwater and Diadromous Fish,4,Fish and other fishing products,42,"Fish live, fresh or chilled for human consumption",421,"Freshwater fish, live, fresh or chilled"
TTO,Electric ray,3,Marine fishes,38,"Sharks, rays, chimaeras",1514,Demersal Marine Fish,4,Fish and other fishing products,42,"Fish live, fresh or chilled for human consumption",429,"Other fish, live, fresh or chilled"
TOD,Electric rays NEI,3,Marine fishes,38,"Sharks, rays, chimaeras",1514,Demersal Marine Fish,4,Fish and other fishing products,42,"Fish live, fresh or chilled for human consumption",429,"Other fish, live, fresh or chilled"
EJE,Elegant cuttlefish,5,Molluscs,57,"Squids, cuttlefishes, octopuses",1570,Cephalopods,4,Fish and other fishing products,44,"Molluscs live, fresh or chilled",446,"Cuttlefish and squid, live, fresh or chilled"
CAH,"Elephantfishes, etc. NEI",3,Marine fishes,38,"Sharks, rays, chimaeras",1514,Demersal Marine Fish,4,Fish and other fishing products,42,"Fish live, fresh or chilled for human consumption",429,"Other fish, live, fresh or chilled"
OEY,Elephantsnout fishes NEI,1,Freshwater fishes,13,Miscellaneous freshwater fishes,1501,Freshwater and Diadromous Fish,4,Fish and other fishing products,42,"Fish live, fresh or chilled for human consumption",421,"Freshwater fish, live, fresh or chilled"
EMA,Elkhorn sea moss,9,Aquatic plants,92,Red seaweeds,1594,Aquatic Plants,4,Fish and other fishing products,49,Other aquatic plants and animals,493,"Seaweeds and other algae, fresh, frozen or dried, whether or not ground"
BDL,Elongate frostfish,3,Marine fishes,34,Miscellaneous demersal fishes,1514,Demersal Marine Fish,4,Fish and other fishing products,42,"Fish live, fresh or chilled for human consumption",429,"Other fish, live, fresh or chilled"
DKX,Elongate giant clam,5,Molluscs,56,"Clams, cockles, arkshells",1562,Molluscs excl. Cephalopods,4,Fish and other fishing products,44,"Molluscs live, fresh or chilled",445,"Clams, cockles and ark shells, live, fresh or chilled"
EIL,Elongate ilisha,2,Diadromous fishes,24,Shads,1501,Freshwater and Diadromous Fish,4,Fish and other fishing products,42,"Fish live, fresh or chilled for human consumption",429,"Other fish, live, fresh or chilled"
HCF,Elongate tigerfish,1,Freshwater fishes,13,Miscellaneous freshwater fishes,1501,Freshwater and Diadromous Fish,4,Fish and other fishing products,42,"Fish live, fresh or chilled for human consumption",421,"Freshwater fish, live, fresh or chilled"
YFU,Elongate tonguesole,3,Marine fishes,31,"Flounders, halibuts, soles",1514,Demersal Marine Fish,4,Fish and other fishing products,42,"Fish live, fresh or chilled for human consumption",423,"Flatfish, live, fresh or chilled"
JCN,Emerald wrasse,3,Marine fishes,33,Miscellaneous coastal fishes,1514,Demersal Marine Fish,4,Fish and other fishing products,42,"Fish live, fresh or chilled for human consumption",429,"Other fish, live, fresh or chilled"
LUB,Emperor red snapper,3,Marine fishes,33,Miscellaneous coastal fishes,1514,Demersal Marine Fish,4,Fish and other fishing products,42,"Fish live, fresh or chilled for human consumption",429,"Other fish, live, fresh or chilled"
EMP,Emperors(=Scavengers) NEI,3,Marine fishes,33,Miscellaneous coastal fishes,1514,Demersal Marine Fish,4,Fish and other fishing products,42,"Fish live, fresh or chilled for human consumption",429,"Other fish, live, fresh or chilled"
ENS,Endeavour shrimp,4,Crustaceans,45,"Shrimps, prawns",1553,Crustaceans,4,Fish and other fishing products,43,"Crustaceans, live, fresh or chilled",436,"Other shrimps and prawns, live, fresh or chilled"
RFE,English sole,3,Marine fishes,31,"Flounders, halibuts, soles",1514,Demersal Marine Fish,4,Fish and other fishing products,42,"Fish live, fresh or chilled for human consumption",423,"Flatfish, live, fresh or chilled"
EQX,Ensis razor clams NEI,5,Molluscs,56,"Clams, cockles, arkshells",1562,Molluscs excl. Cephalopods,4,Fish and other fishing products,44,"Molluscs live, fresh or chilled",445,"Clams, cockles and ark shells, live, fresh or chilled"
FFH,E.Pacific black goastshark,3,Marine fishes,38,"Sharks, rays, chimaeras",1514,Demersal Marine Fish,4,Fish and other fishing products,42,"Fish live, fresh or chilled for human consumption",429,"Other fish, live, fresh or chilled"
PQQ,Equal-sized surf clam,5,Molluscs,56,"Clams, cockles, arkshells",1562,Molluscs excl. Cephalopods,4,Fish and other fishing products,44,"Molluscs live, fresh or chilled",445,"Clams, cockles and ark shells, live, fresh or chilled"
KHI,Erect sea moss,9,Aquatic plants,92,Red seaweeds,1594,Aquatic Plants,4,Fish and other fishing products,49,Other aquatic plants and animals,493,"Seaweeds and other algae, fresh, frozen or dried, whether or not ground"
LEC,Escolar,3,Marine fishes,34,Miscellaneous demersal fishes,1514,Demersal Marine Fish,4,Fish and other fishing products,42,"Fish live, fresh or chilled for human consumption",429,"Other fish, live, fresh or chilled"
CDP,Estuarine crocodile,7,Miscellaneous aquatic animals,73,Crocodiles and alligators,,,,,,,,
EMX,Eucheuma seaweeds NEI,9,Aquatic plants,92,Red seaweeds,1594,Aquatic Plants,4,Fish and other fishing products,49,Other aquatic plants and animals,493,"Seaweeds and other algae, fresh, frozen or dried, whether or not ground"
UKI,[Eucheumatopsis isiformis],9,Aquatic plants,92,Red seaweeds,1594,Aquatic Plants,4,Fish and other fishing products,49,Other aquatic plants and animals,493,"Seaweeds and other algae, fresh, frozen or dried, whether or not ground"
EUL,Eulachon,2,Diadromous fishes,23,"Salmons, trouts, smelts",1501,Freshwater and Diadromous Fish,4,Fish and other fishing products,42,"Fish live, fresh or chilled for human consumption",429,"Other fish, live, fresh or chilled"
PXP,Eurasian minnow,1,Freshwater fishes,11,"Carps, barbels and other cyprinids",1501,Freshwater and Diadromous Fish,4,Fish and other fishing products,42,"Fish live, fresh or chilled for human consumption",421,"Freshwater fish, live, fresh or chilled"
AYS,Euro-American crayfishes NEI,4,Crustaceans,41,Freshwater crustaceans,1553,Crustaceans,4,Fish and other fishing products,43,"Crustaceans, live, fresh or chilled",439,"Other crustaceans, live, fresh or chilled"
ANE,European anchovy,3,Marine fishes,35,"Herrings, sardines, anchovies",1527,Pelagic Marine Fish,4,Fish and other fishing products,42,"Fish live, fresh or chilled for human consumption",426,"Other pelagic fish, live, fresh or chilled"
YRS,European barracuda,3,Marine fishes,37,Miscellaneous pelagic fishes,1527,Pelagic Marine Fish,4,Fish and other fishing products,42,"Fish live, fresh or chilled for human consumption",426,"Other pelagic fish, live, fresh or chilled"
OUL,European common squid,5,Molluscs,57,"Squids, cuttlefishes, octopuses",1570,Cephalopods,4,Fish and other fishing products,44,"Molluscs live, fresh or chilled",446,"Cuttlefish and squid, live, fresh or chilled"
COE,European conger,3,Marine fishes,34,Miscellaneous demersal fishes,1514,Demersal Marine Fish,4,Fish and other fishing products,42,"Fish live, fresh or chilled for human consumption",429,"Other fish, live, fresh or chilled"
EWA,European crayfishes NEI,4,Crustaceans,41,Freshwater crustaceans,1553,Crustaceans,4,Fish and other fishing products,43,"Crustaceans, live, fresh or chilled",439,"Other crustaceans, live, fresh or chilled"
URS,European edible sea urchin,7,Miscellaneous aquatic animals,76,Sea-urchins and other echinoderms,1587,Aquatic Animals NEI,4,Fish and other fishing products,45,"Other aquatic invertebrates, live, fresh or chilled",452,"Sea urchins, live, fresh or chilled"
ELE,European eel,2,Diadromous fishes,22,River eels,1501,Freshwater and Diadromous Fish,4,Fish and other fishing products,42,"Fish live, fresh or chilled for human consumption",429,"Other fish, live, fresh or chilled"
OYF,European flat oyster,5,Molluscs,53,Oysters,1562,Molluscs excl. Cephalopods,4,Fish and other fishing products,44,"Molluscs live, fresh or chilled",442,"Oysters, live, fresh or chilled"
FLE,European flounder,3,Marine fishes,31,"Flounders, halibuts, soles",1514,Demersal Marine Fish,4,Fish and other fishing products,42,"Fish live, fresh or chilled for human consumption",423,"Flatfish, live, fresh or chilled"
SQE,European flying squid,5,Molluscs,57,"Squids, cuttlefishes, octopuses",1570,Cephalopods,4,Fish and other fishing products,44,"Molluscs live, fresh or chilled",446,"Cuttlefish and squid, live, fresh or chilled"
FGI,European green frog,7,Miscellaneous aquatic animals,71,Frogs and other amphibians,1587,Aquatic Animals NEI,,,,,,
HKE,European hake,3,Marine fishes,32,"Cods, hakes, haddocks",1514,Demersal Marine Fish,4,Fish and other fishing products,42,"Fish live, fresh or chilled for human consumption",424,"Fish of Gadiformes, live, fresh or chilled"
LBE,European lobster,4,Crustaceans,43,"Lobsters, spiny-rock lobsters",1553,Crustaceans,4,Fish and other fishing products,43,"Crustaceans, live, fresh or chilled",433,"Lobsters (Homarus spp.), live, fresh or chilled"
FPE,European perch,1,Freshwater fishes,13,Miscellaneous freshwater fishes,1501,Freshwater and Diadromous Fish,4,Fish and other fishing products,42,"Fish live, fresh or chilled for human consumption",421,"Freshwater fish, live, fresh or chilled"
PIL,European pilchard(=Sardine),3,Marine fishes,35,"Herrings, sardines, anchovies",1527,Pelagic Marine Fish,4,Fish and other fishing products,42,"Fish live, fresh or chilled for human consumption",426,"Other pelagic fish, live, fresh or chilled"
PLE,European plaice,3,Marine fishes,31,"Flounders, halibuts, soles",1514,Demersal Marine Fish,4,Fish and other fishing products,42,"Fish live, fresh or chilled for human consumption",423,"Flatfish, live, fresh or chilled"
RAE,European razor clam,5,Molluscs,56,"Clams, cockles, arkshells",1562,Molluscs excl. Cephalopods,4,Fish and other fishing products,44,"Molluscs live, fresh or chilled",445,"Clams, cockles and ark shells, live, fresh or chilled"
BSS,European seabass,3,Marine fishes,33,Miscellaneous coastal fishes,1514,Demersal Marine Fish,4,Fish and other fishing products,42,"Fish live, fresh or chilled for human consumption",429,"Other fish, live, fresh or chilled"
SME,European smelt,2,Diadromous fishes,23,"Salmons, trouts, smelts",1501,Freshwater and Diadromous Fish,4,Fish and other fishing products,42,"Fish live, fresh or chilled for human consumption",429,"Other fish, live, fresh or chilled"
SPR,European sprat,3,Marine fishes,35,"Herrings, sardines, anchovies",1527,Pelagic Marine Fish,4,Fish and other fishing products,42,"Fish live, fresh or chilled for human consumption",426,"Other pelagic fish, live, fresh or chilled"
SQR,European squid,5,Molluscs,57,"Squids, cuttlefishes, octopuses",1570,Cephalopods,4,Fish and other fishing products,44,"Molluscs live, fresh or chilled",446,"Cuttlefish and squid, live, fresh or chilled"
PLN,European whitefish,2,Diadromous fishes,23,"Salmons, trouts, smelts",1501,Freshwater and Diadromous Fish,4,Fish and other fishing products,42,"Fish live, fresh or chilled for human consumption",429,"Other fish, live, fresh or chilled"
EUQ,[Eustomias obscurus],3,Marine fishes,34,Miscellaneous demersal fishes,1514,Demersal Marine Fish,4,Fish and other fishing products,42,"Fish live, fresh or chilled for human consumption",429,"Other fish, live, fresh or chilled"
EHZ,[Euthynnus spp],3,Marine fishes,36,"Tunas, bonitos, billfishes",1527,Pelagic Marine Fish,4,Fish and other fishing products,42,"Fish live, fresh or chilled for human consumption",426,"Other pelagic fish, live, fresh or chilled"
JRY,Eyespot skate,3,Marine fishes,38,"Sharks, rays, chimaeras",1514,Demersal Marine Fish,4,Fish and other fishing products,42,"Fish live, fresh or chilled for human consumption",429,"Other fish, live, fresh or chilled"
FAS,Falkland sprat,3,Marine fishes,35,"Herrings, sardines, anchovies",1527,Pelagic Marine Fish,4,Fish and other fishing products,42,"Fish live, fresh or chilled for human consumption",426,"Other pelagic fish, live, fresh or chilled"
SNE,False abalone,5,Molluscs,52,"Abalones, winkles, conchs",1562,Molluscs excl. Cephalopods,4,Fish and other fishing products,44,"Molluscs live, fresh or chilled",449,"Other molluscs, live, fresh or chilled"
FAW,False killer whale,6,"Whales, seals and other aquatic mammals",62,"Sperm-whales, pilot-whales",1579,Aquatic Mammals,,,,,,
HMY,False scad,3,Marine fishes,37,Miscellaneous pelagic fishes,1527,Pelagic Marine Fish,4,Fish and other fishing products,42,"Fish live, fresh or chilled for human consumption",426,"Other pelagic fish, live, fresh or chilled"
TRF,False trevally,3,Marine fishes,37,Miscellaneous pelagic fishes,1527,Pelagic Marine Fish,4,Fish and other fishing products,42,"Fish live, fresh or chilled for human consumption",426,"Other pelagic fish, live, fresh or chilled"
AWM,Fangtooth moray,3,Marine fishes,33,Miscellaneous coastal fishes,1514,Demersal Marine Fish,4,Fish and other fishing products,42,"Fish live, fresh or chilled for human consumption",429,"Other fish, live, fresh or chilled"
XYL,Fantail flounder,3,Marine fishes,31,"Flounders, halibuts, soles",1514,Demersal Marine Fish,4,Fish and other fishing products,42,"Fish live, fresh or chilled for human consumption",423,"Flatfish, live, fresh or chilled"
DMM,Fat sleeper,1,Freshwater fishes,13,Miscellaneous freshwater fishes,1501,Freshwater and Diadromous Fish,4,Fish and other fishing products,42,"Fish live, fresh or chilled for human consumption",421,"Freshwater fish, live, fresh or chilled"
CWD,Feather stars and sea lilies,7,Miscellaneous aquatic animals,76,Sea-urchins and other echinoderms,1587,Aquatic Animals NEI,4,Fish and other fishing products,45,"Other aquatic invertebrates, live, fresh or chilled",459,"Other aquatic invertebrates, live, fresh or chilled, n.e.c."
EDE,Ferrer's goby,3,Marine fishes,33,Miscellaneous coastal fishes,1514,Demersal Marine Fish,4,Fish and other fishing products,42,"Fish live, fresh or chilled for human consumption",429,"Other fish, live, fresh or chilled"
FFX,"Filefishes, leatherjackets NEI",3,Marine fishes,33,Miscellaneous coastal fishes,1514,Demersal Marine Fish,4,Fish and other fishing products,42,"Fish live, fresh or chilled for human consumption",429,"Other fish, live, fresh or chilled"
FLF,Filefishes NEI,3,Marine fishes,33,Miscellaneous coastal fishes,1514,Demersal Marine Fish,4,Fish and other fishing products,42,"Fish live, fresh or chilled for human consumption",429,"Other fish, live, fresh or chilled"
JNR,Fine coral moss,9,Aquatic plants,92,Red seaweeds,1594,Aquatic Plants,4,Fish and other fishing products,49,Other aquatic plants and animals,493,"Seaweeds and other algae, fresh, frozen or dried, whether or not ground"
RIE,Fine flounder,3,Marine fishes,31,"Flounders, halibuts, soles",1514,Demersal Marine Fish,4,Fish and other fishing products,42,"Fish live, fresh or chilled for human consumption",423,"Flatfish, live, fresh or chilled"
BIY,Finescale triggerfish,3,Marine fishes,33,Miscellaneous coastal fishes,1514,Demersal Marine Fish,4,Fish and other fishing products,42,"Fish live, fresh or chilled for human consumption",429,"Other fish, live, fresh or chilled"
CCO,Finetooth shark,3,Marine fishes,38,"Sharks, rays, chimaeras",1514,Demersal Marine Fish,4,Fish and other fishing products,42,"Fish live, fresh or chilled for human consumption",429,"Other fish, live, fresh or chilled"
FIN,Finfishes NEI,3,Marine fishes,39,Marine fishes not identified,1540,Marine Fish NEI,4,Fish and other fishing products,42,"Fish live, fresh or chilled for human consumption",429,"Other fish, live, fresh or chilled"
PFI,Finless porpoise,6,"Whales, seals and other aquatic mammals",62,"Sperm-whales, pilot-whales",1579,Aquatic Mammals,,,,,,
FIW,Fin whale,6,"Whales, seals and other aquatic mammals",61,"Blue-whales, fin-whales",1579,Aquatic Mammals,,,,,,
MWY,Fire eel,1,Freshwater fishes,13,Miscellaneous freshwater fishes,1501,Freshwater and Diadromous Fish,4,Fish and other fishing products,42,"Fish live, fresh or chilled for human consumption",421,"Freshwater fish, live, fresh or chilled"
LCM,Fivebeard rockling,3,Marine fishes,32,"Cods, hakes, haddocks",1514,Demersal Marine Fish,4,Fish and other fishing products,42,"Fish live, fresh or chilled for human consumption",424,"Fish of Gadiformes, live, fresh or chilled"
LWQ,Five-lined snapper,3,Marine fishes,33,Miscellaneous coastal fishes,1514,Demersal Marine Fish,4,Fish and other fishing products,42,"Fish live, fresh or chilled for human consumption",429,"Other fish, live, fresh or chilled"
FIX,Flabellum cup corals NEI,8,Miscellaneous aquatic animal products,82,Corals,,,4,Fish and other fishing products,49,Other aquatic plants and animals,491,"Coral and similar products, shells of molluscs, crustaceans or echinoderms and cuttle-bone; live aquatic plants and animals for ornamental purpose"
MFF,Flagfin mojarra,3,Marine fishes,33,Miscellaneous coastal fishes,1514,Demersal Marine Fish,4,Fish and other fishing products,42,"Fish live, fresh or chilled for human consumption",429,"Other fish, live, fresh or chilled"
DGK,Flag serrano,3,Marine fishes,33,Miscellaneous coastal fishes,1514,Demersal Marine Fish,4,Fish and other fishing products,42,"Fish live, fresh or chilled for human consumption",429,"Other fish, live, fresh or chilled"
OST,Flat and cupped oysters NEI,5,Molluscs,53,Oysters,1562,Molluscs excl. Cephalopods,4,Fish and other fishing products,44,"Molluscs live, fresh or chilled",442,"Oysters, live, fresh or chilled"
FLX,Flatfishes NEI,3,Marine fishes,31,"Flounders, halibuts, soles",1514,Demersal Marine Fish,4,Fish and other fishing products,42,"Fish live, fresh or chilled for human consumption",423,"Flatfish, live, fresh or chilled"
IPO,Flathead catfish,1,Freshwater fishes,13,Miscellaneous freshwater fishes,1501,Freshwater and Diadromous Fish,4,Fish and other fishing products,42,"Fish live, fresh or chilled for human consumption",421,"Freshwater fish, live, fresh or chilled"
MUF,Flathead grey mullet,3,Marine fishes,33,Miscellaneous coastal fishes,1514,Demersal Marine Fish,4,Fish and other fishing products,42,"Fish live, fresh or chilled for human consumption",429,"Other fish, live, fresh or chilled"
THQ,Flathead lobster,4,Crustaceans,43,"Lobsters, spiny-rock lobsters",1553,Crustaceans,4,Fish and other fishing products,43,"Crustaceans, live, fresh or chilled",439,"Other crustaceans, live, fresh or chilled"
FLH,Flatheads NEI,3,Marine fishes,33,Miscellaneous coastal fishes,1514,Demersal Marine Fish,4,Fish and other fishing products,42,"Fish live, fresh or chilled for human consumption",429,"Other fish, live, fresh or chilled"
FTS,Flathead sole,3,Marine fishes,31,"Flounders, halibuts, soles",1514,Demersal Marine Fish,4,Fish and other fishing products,42,"Fish live, fresh or chilled for human consumption",423,"Flatfish, live, fresh or chilled"
BAF,Flat needlefish,3,Marine fishes,37,Miscellaneous pelagic fishes,1527,Pelagic Marine Fish,4,Fish and other fishing products,42,"Fish live, fresh or chilled for human consumption",426,"Other pelagic fish, live, fresh or chilled"
OYX,Flat oysters NEI,5,Molluscs,53,Oysters,1562,Molluscs excl. Cephalopods,4,Fish and other fishing products,44,"Molluscs live, fresh or chilled",442,"Oysters, live, fresh or chilled"
MDI,Flatwhiskered catfish,1,Freshwater fishes,13,Miscellaneous freshwater fishes,1501,Freshwater and Diadromous Fish,4,Fish and other fishing products,42,"Fish live, fresh or chilled for human consumption",421,"Freshwater fish, live, fresh or chilled"
FLP,Fleshy prawn,4,Crustaceans,45,"Shrimps, prawns",1553,Crustaceans,4,Fish and other fishing products,43,"Crustaceans, live, fresh or chilled",436,"Other shrimps and prawns, live, fresh or chilled"
POM,Florida pompano,3,Marine fishes,37,Miscellaneous pelagic fishes,1527,Pelagic Marine Fish,4,Fish and other fishing products,42,"Fish live, fresh or chilled for human consumption",426,"Other pelagic fish, live, fresh or chilled"
TDS,Fluted giant clam,5,Molluscs,56,"Clams, cockles, arkshells",1562,Molluscs excl. Cephalopods,4,Fish and other fishing products,44,"Molluscs live, fresh or chilled",445,"Clams, cockles and ark shells, live, fresh or chilled"
FLY,Flyingfishes NEI,3,Marine fishes,37,Miscellaneous pelagic fishes,1527,Pelagic Marine Fish,4,Fish and other fishing products,42,"Fish live, fresh or chilled for human consumption",426,"Other pelagic fish, live, fresh or chilled"
DYL,Flying gurnard,3,Marine fishes,33,Miscellaneous coastal fishes,1514,Demersal Marine Fish,4,Fish and other fishing products,42,"Fish live, fresh or chilled for human consumption",429,"Other fish, live, fresh or chilled"
OMM,Flying squids NEI,5,Molluscs,57,"Squids, cuttlefishes, octopuses",1570,Cephalopods,4,Fish and other fishing products,44,"Molluscs live, fresh or chilled",446,"Cuttlefish and squid, live, fresh or chilled"
FOR,Forkbeard,3,Marine fishes,32,"Cods, hakes, haddocks",1514,Demersal Marine Fish,4,Fish and other fishing products,42,"Fish live, fresh or chilled for human consumption",424,"Fish of Gadiformes, live, fresh or chilled"
FOX,Forkbeards NEI,3,Marine fishes,32,"Cods, hakes, haddocks",1514,Demersal Marine Fish,4,Fish and other fishing products,42,"Fish live, fresh or chilled for human consumption",424,"Fish of Gadiformes, live, fresh or chilled"
LSL,Forktail lates,1,Freshwater fishes,13,Miscellaneous freshwater fishes,1501,Freshwater and Diadromous Fish,4,Fish and other fishing products,42,"Fish live, fresh or chilled for human consumption",421,"Freshwater fish, live, fresh or chilled"
RLN,Fortune jack,3,Marine fishes,37,Miscellaneous pelagic fishes,1527,Pelagic Marine Fish,4,Fish and other fishing products,42,"Fish live, fresh or chilled for human consumption",426,"Other pelagic fish, live, fresh or chilled"
ENC,Fourbeard rockling,3,Marine fishes,32,"Cods, hakes, haddocks",1514,Demersal Marine Fish,4,Fish and other fishing products,42,"Fish live, fresh or chilled for human consumption",424,"Fish of Gadiformes, live, fresh or chilled"
HTP,Foureye butterflyfish,3,Marine fishes,33,Miscellaneous coastal fishes,1514,Demersal Marine Fish,4,Fish and other fishing products,42,"Fish live, fresh or chilled for human consumption",429,"Other fish, live, fresh or chilled"
MRK,Foureyed sole,3,Marine fishes,31,"Flounders, halibuts, soles",1514,Demersal Marine Fish,4,Fish and other fishing products,42,"Fish live, fresh or chilled for human consumption",423,"Flatfish, live, fresh or chilled"
FOT,Fourfinger threadfin,3,Marine fishes,33,Miscellaneous coastal fishes,1514,Demersal Marine Fish,4,Fish and other fishing products,42,"Fish live, fresh or chilled for human consumption",429,"Other fish, live, fresh or chilled"
TGQ,Fourhorn sculpin,3,Marine fishes,33,Miscellaneous coastal fishes,1514,Demersal Marine Fish,4,Fish and other fishing products,42,"Fish live, fresh or chilled for human consumption",429,"Other fish, live, fresh or chilled"
PQD,Fourlined terapon,3,Marine fishes,33,Miscellaneous coastal fishes,1514,Demersal Marine Fish,4,Fish and other fishing products,42,"Fish live, fresh or chilled for human consumption",429,"Other fish, live, fresh or chilled"
YSO,Fourspot flounder,3,Marine fishes,31,"Flounders, halibuts, soles",1514,Demersal Marine Fish,4,Fish and other fishing products,42,"Fish live, fresh or chilled for human consumption",423,"Flatfish, live, fresh or chilled"
LDB,Four-spot megrim,3,Marine fishes,31,"Flounders, halibuts, soles",1514,Demersal Marine Fish,4,Fish and other fishing products,42,"Fish live, fresh or chilled for human consumption",423,"Flatfish, live, fresh or chilled"
KII,Fragile codium,9,Aquatic plants,93,Green seaweeds,1594,Aquatic Plants,4,Fish and other fishing products,49,Other aquatic plants and animals,493,"Seaweeds and other algae, fresh, frozen or dried, whether or not ground"
FRA,Franciscana,6,"Whales, seals and other aquatic mammals",62,"Sperm-whales, pilot-whales",1579,Aquatic Mammals,,,,,,
UPT,Freckled goatfish,3,Marine fishes,33,Miscellaneous coastal fishes,1514,Demersal Marine Fish,4,Fish and other fishing products,42,"Fish live, fresh or chilled for human consumption",429,"Other fish, live, fresh or chilled"
HLV,French grunt,3,Marine fishes,33,Miscellaneous coastal fishes,1514,Demersal Marine Fish,4,Fish and other fishing products,42,"Fish live, fresh or chilled for human consumption",429,"Other fish, live, fresh or chilled"
FBM,Freshwater bream,1,Freshwater fishes,11,"Carps, barbels and other cyprinids",1501,Freshwater and Diadromous Fish,4,Fish and other fishing products,42,"Fish live, fresh or chilled for human consumption",421,"Freshwater fish, live, fresh or chilled"
FBR,Freshwater breams NEI,1,Freshwater fishes,11,"Carps, barbels and other cyprinids",1501,Freshwater and Diadromous Fish,4,Fish and other fishing products,42,"Fish live, fresh or chilled for human consumption",421,"Freshwater fish, live, fresh or chilled"
FCX,Freshwater crustaceans NEI,4,Crustaceans,41,Freshwater crustaceans,1553,Crustaceans,4,Fish and other fishing products,43,"Crustaceans, live, fresh or chilled",439,"Other crustaceans, live, fresh or chilled"
AGR,Freshwater drum,1,Freshwater fishes,13,Miscellaneous freshwater fishes,1501,Freshwater and Diadromous Fish,4,Fish and other fishing products,42,"Fish live, fresh or chilled for human consumption",421,"Freshwater fish, live, fresh or chilled"
FRF,Freshwater fishes NEI,1,Freshwater fishes,13,Miscellaneous freshwater fishes,1501,Freshwater and Diadromous Fish,4,Fish and other fishing products,42,"Fish live, fresh or chilled for human consumption",421,"Freshwater fish, live, fresh or chilled"
FGX,Freshwater gobies NEI,1,Freshwater fishes,13,Miscellaneous freshwater fishes,1501,Freshwater and Diadromous Fish,4,Fish and other fishing products,42,"Fish live, fresh or chilled for human consumption",421,"Freshwater fish, live, fresh or chilled"
ZAP,Freshwater minnow,1,Freshwater fishes,11,"Carps, barbels and other cyprinids",1501,Freshwater and Diadromous Fish,4,Fish and other fishing products,42,"Fish live, fresh or chilled for human consumption",421,"Freshwater fish, live, fresh or chilled"
MOF,Freshwater molluscs NEI,5,Molluscs,51,Freshwater molluscs,1562,Molluscs excl. Cephalopods,4,Fish and other fishing products,44,"Molluscs live, fresh or chilled",449,"Other molluscs, live, fresh or chilled"
FSH,Freshwater mussel shells,8,Miscellaneous aquatic animal products,81,"Pearls, mother-of-pearl, shells",,,4,Fish and other fishing products,49,Other aquatic plants and animals,491,"Coral and similar products, shells of molluscs, crustaceans or echinoderms and cuttle-bone; live aquatic plants and animals for ornamental purpose"
PEX,Freshwater perches NEI,1,Freshwater fishes,13,Miscellaneous freshwater fishes,1501,Freshwater and Diadromous Fish,4,Fish and other fishing products,42,"Fish live, fresh or chilled for human consumption",421,"Freshwater fish, live, fresh or chilled"
PPZ,"Freshwater prawns, shrimps NEI",4,Crustaceans,41,Freshwater crustaceans,1553,Crustaceans,4,Fish and other fishing products,43,"Crustaceans, live, fresh or chilled",436,"Other shrimps and prawns, live, fresh or chilled"
FSI,Freshwater siluroids NEI,1,Freshwater fishes,13,Miscellaneous freshwater fishes,1501,Freshwater and Diadromous Fish,4,Fish and other fishing products,42,"Fish live, fresh or chilled for human consumption",421,"Freshwater fish, live, fresh or chilled"
QPD,Freshwater sponge,8,Miscellaneous aquatic animal products,83,Sponges,,,4,Fish and other fishing products,49,Other aquatic plants and animals,492,Natural sponges of aquatic animal origin
FRZ,Frigate and bullet tunas,3,Marine fishes,36,"Tunas, bonitos, billfishes",1527,Pelagic Marine Fish,4,Fish and other fishing products,42,"Fish live, fresh or chilled for human consumption",426,"Other pelagic fish, live, fresh or chilled"
FRI,Frigate tuna,3,Marine fishes,36,"Tunas, bonitos, billfishes",1527,Pelagic Marine Fish,4,Fish and other fishing products,42,"Fish live, fresh or chilled for human consumption",426,"Other pelagic fish, live, fresh or chilled"
HXC,Frilled shark,3,Marine fishes,38,"Sharks, rays, chimaeras",1514,Demersal Marine Fish,4,Fish and other fishing products,42,"Fish live, fresh or chilled for human consumption",429,"Other fish, live, fresh or chilled"
AAN,Fringebarbel sturgeon,2,Diadromous fishes,21,"Sturgeons, paddlefishes",1501,Freshwater and Diadromous Fish,4,Fish and other fishing products,42,"Fish live, fresh or chilled for human consumption",429,"Other fish, live, fresh or chilled"
VCC,Fringelip mullet,3,Marine fishes,33,Miscellaneous coastal fishes,1514,Demersal Marine Fish,4,Fish and other fishing products,42,"Fish live, fresh or chilled for human consumption",429,"Other fish, live, fresh or chilled"
FRG,Frogs,7,Miscellaneous aquatic animals,71,Frogs and other amphibians,1587,Aquatic Animals NEI,,,,,,
BEH,Frostfishes,3,Marine fishes,34,Miscellaneous demersal fishes,1514,Demersal Marine Fish,4,Fish and other fishing products,42,"Fish live, fresh or chilled for human consumption",429,"Other fish, live, fresh or chilled"
UMO,Fusca drum,3,Marine fishes,33,Miscellaneous coastal fishes,1514,Demersal Marine Fish,4,Fish and other fishing products,42,"Fish live, fresh or chilled for human consumption",429,"Other fish, live, fresh or chilled"
GQB,Fusiform sargassum,9,Aquatic plants,91,Brown seaweeds,1594,Aquatic Plants,4,Fish and other fishing products,49,Other aquatic plants and animals,493,"Seaweeds and other algae, fresh, frozen or dried, whether or not ground"
FUS,Fusiliers Caesio NEI,3,Marine fishes,33,Miscellaneous coastal fishes,1514,Demersal Marine Fish,4,Fish and other fishing products,42,"Fish live, fresh or chilled for human consumption",429,"Other fish, live, fresh or chilled"
CJX,Fusiliers NEI,3,Marine fishes,33,Miscellaneous coastal fishes,1514,Demersal Marine Fish,4,Fish and other fishing products,42,"Fish live, fresh or chilled for human consumption",429,"Other fish, live, fresh or chilled"
GDL,Gadella,3,Marine fishes,32,"Cods, hakes, haddocks",1514,Demersal Marine Fish,4,Fish and other fishing products,42,"Fish live, fresh or chilled for human consumption",424,"Fish of Gadiformes, live, fresh or chilled"
GAD,Gadiformes NEI,3,Marine fishes,32,"Cods, hakes, haddocks",1514,Demersal Marine Fish,4,Fish and other fishing products,42,"Fish live, fresh or chilled for human consumption",424,"Fish of Gadiformes, live, fresh or chilled"
TUH,Gafftopsail pompano,3,Marine fishes,37,Miscellaneous pelagic fishes,1527,Pelagic Marine Fish,4,Fish and other fishing products,42,"Fish live, fresh or chilled for human consumption",426,"Other pelagic fish, live, fresh or chilled"
BEM,Gafftopsail sea catfish,3,Marine fishes,33,Miscellaneous coastal fishes,1514,Demersal Marine Fish,4,Fish and other fishing products,42,"Fish live, fresh or chilled for human consumption",429,"Other fish, live, fresh or chilled"
MKM,Gag,3,Marine fishes,33,Miscellaneous coastal fishes,1514,Demersal Marine Fish,4,Fish and other fishing products,42,"Fish live, fresh or chilled for human consumption",429,"Other fish, live, fresh or chilled"
CCG,Galapagos shark,3,Marine fishes,38,"Sharks, rays, chimaeras",1514,Demersal Marine Fish,4,Fish and other fishing products,42,"Fish live, fresh or chilled for human consumption",429,"Other fish, live, fresh or chilled"
GAR,Garfish,3,Marine fishes,37,Miscellaneous pelagic fishes,1527,Pelagic Marine Fish,4,Fish and other fishing products,42,"Fish live, fresh or chilled for human consumption",426,"Other pelagic fish, live, fresh or chilled"
PKJ,[Garo khajuriai],1,Freshwater fishes,13,Miscellaneous freshwater fishes,1501,Freshwater and Diadromous Fish,4,Fish and other fishing products,42,"Fish live, fresh or chilled for human consumption",421,"Freshwater fish, live, fresh or chilled"
LXS,Gars NEI,1,Freshwater fishes,13,Miscellaneous freshwater fishes,1501,Freshwater and Diadromous Fish,4,Fish and other fishing products,42,"Fish live, fresh or chilled for human consumption",421,"Freshwater fish, live, fresh or chilled"
OGZ,Gasar cupped oyster,5,Molluscs,53,Oysters,1562,Molluscs excl. Cephalopods,4,Fish and other fishing products,44,"Molluscs live, fresh or chilled",442,"Oysters, live, fresh or chilled"
GAS,Gastropods NEI,5,Molluscs,52,"Abalones, winkles, conchs",1562,Molluscs excl. Cephalopods,4,Fish and other fishing products,44,"Molluscs live, fresh or chilled",449,"Other molluscs, live, fresh or chilled"
TWG,Gay's little venus,5,Molluscs,56,"Clams, cockles, arkshells",1562,Molluscs excl. Cephalopods,4,Fish and other fishing products,44,"Molluscs live, fresh or chilled",445,"Clams, cockles and ark shells, live, fresh or chilled"
GAZ,Gazami crab,4,Crustaceans,42,"Crabs, sea-spiders",1553,Crustaceans,4,Fish and other fishing products,43,"Crustaceans, live, fresh or chilled",431,"Crabs, live, fresh or chilled"
AWE,Geelbek croaker,3,Marine fishes,33,Miscellaneous coastal fishes,1514,Demersal Marine Fish,4,Fish and other fishing products,42,"Fish live, fresh or chilled for human consumption",429,"Other fish, live, fresh or chilled"
GEL,Gelidium seaweeds,9,Aquatic plants,92,Red seaweeds,1594,Aquatic Plants,4,Fish and other fishing products,49,Other aquatic plants and animals,493,"Seaweeds and other algae, fresh, frozen or dried, whether or not ground"
JHD,Gemellar?s lanternfish,3,Marine fishes,34,Miscellaneous demersal fishes,1514,Demersal Marine Fish,4,Fish and other fishing products,42,"Fish live, fresh or chilled for human consumption",429,"Other fish, live, fresh or chilled"
BGW,Gervais' beaked whale,6,"Whales, seals and other aquatic mammals",62,"Sperm-whales, pilot-whales",1579,Aquatic Mammals,,,,,,
GYX,Geryons NEI,4,Crustaceans,42,"Crabs, sea-spiders",1553,Crustaceans,4,Fish and other fishing products,43,"Crustaceans, live, fresh or chilled",431,"Crabs, live, fresh or chilled"
PIS,Ghanean rockfish,3,Marine fishes,34,Miscellaneous demersal fishes,1514,Demersal Marine Fish,4,Fish and other fishing products,42,"Fish live, fresh or chilled for human consumption",429,"Other fish, live, fresh or chilled"
CHB,Ghost shark,3,Marine fishes,38,"Sharks, rays, chimaeras",1514,Demersal Marine Fish,4,Fish and other fishing products,42,"Fish live, fresh or chilled for human consumption",429,"Other fish, live, fresh or chilled"
ABG,Giant abalone,5,Molluscs,52,"Abalones, winkles, conchs",1562,Molluscs excl. Cephalopods,4,Fish and other fishing products,44,"Molluscs live, fresh or chilled",441,"Abalone, live, fresh or chilled"
TGA,Giant African threadfin,3,Marine fishes,33,Miscellaneous coastal fishes,1514,Demersal Marine Fish,4,Fish and other fishing products,42,"Fish live, fresh or chilled for human consumption",429,"Other fish, live, fresh or chilled"
MBZ,Giant barnacle,4,Crustaceans,47,Miscellaneous marine crustaceans,1553,Crustaceans,4,Fish and other fishing products,43,"Crustaceans, live, fresh or chilled",439,"Other crustaceans, live, fresh or chilled"
SJJ,Giant blenny,3,Marine fishes,33,Miscellaneous coastal fishes,1514,Demersal Marine Fish,4,Fish and other fishing products,42,"Fish live, fresh or chilled for human consumption",429,"Other fish, live, fresh or chilled"
SWH,Giant boarfish,3,Marine fishes,34,Miscellaneous demersal fishes,1514,Demersal Marine Fish,4,Fish and other fishing products,42,"Fish live, fresh or chilled for human consumption",429,"Other fish, live, fresh or chilled"
AUX,Giant catfish,3,Marine fishes,33,Miscellaneous coastal fishes,1514,Demersal Marine Fish,4,Fish and other fishing products,42,"Fish live, fresh or chilled for human consumption",429,"Other fish, live, fresh or chilled"
BEJ,Giant cichlid,1,Freshwater fishes,12,Tilapias and other cichlids,1501,Freshwater and Diadromous Fish,4,Fish and other fishing products,42,"Fish live, fresh or chilled for human consumption",421,"Freshwater fish, live, fresh or chilled"
TDG,Giant clam,5,Molluscs,56,"Clams, cockles, arkshells",1562,Molluscs excl. Cephalopods,4,Fish and other fishing products,44,"Molluscs live, fresh or chilled",445,"Clams, cockles and ark shells, live, fresh or chilled"
QQX,Giant clams NEI,5,Molluscs,56,"Clams, cockles, arkshells",1562,Molluscs excl. Cephalopods,4,Fish and other fishing products,44,"Molluscs live, fresh or chilled",445,"Clams, cockles and ark shells, live, fresh or chilled"
NCG,Giant featherback,1,Freshwater fishes,13,Miscellaneous freshwater fishes,1501,Freshwater and Diadromous Fish,4,Fish and other fishing products,42,"Fish live, fresh or chilled for human consumption",421,"Freshwater fish, live, fresh or chilled"
GEQ,Giant gelidium,9,Aquatic plants,92,Red seaweeds,1594,Aquatic Plants,4,Fish and other fishing products,49,Other aquatic plants and animals,493,"Seaweeds and other algae, fresh, frozen or dried, whether or not ground"
GBC,Giant goby,3,Marine fishes,33,Miscellaneous coastal fishes,1514,Demersal Marine Fish,4,Fish and other fishing products,42,"Fish live, fresh or chilled for human consumption",429,"Other fish, live, fresh or chilled"
FGG,Giant gourami,1,Freshwater fishes,13,Miscellaneous freshwater fishes,1501,Freshwater and Diadromous Fish,4,Fish and other fishing products,42,"Fish live, fresh or chilled for human consumption",421,"Freshwater fish, live, fresh or chilled"
EEN,Giant grouper,3,Marine fishes,33,Miscellaneous coastal fishes,1514,Demersal Marine Fish,4,Fish and other fishing products,42,"Fish live, fresh or chilled for human consumption",429,"Other fish, live, fresh or chilled"
RCD,Giant guitarfish,3,Marine fishes,38,"Sharks, rays, chimaeras",1514,Demersal Marine Fish,4,Fish and other fishing products,42,"Fish live, fresh or chilled for human consumption",429,"Other fish, live, fresh or chilled"
MXY,Giant kelp,9,Aquatic plants,91,Brown seaweeds,1594,Aquatic Plants,4,Fish and other fishing products,49,Other aquatic plants and animals,493,"Seaweeds and other algae, fresh, frozen or dried, whether or not ground"
GQO,Giant kelps NEI,9,Aquatic plants,91,Brown seaweeds,1594,Aquatic Plants,4,Fish and other fishing products,49,Other aquatic plants and animals,493,"Seaweeds and other algae, fresh, frozen or dried, whether or not ground"
KDG,Giant land crab,4,Crustaceans,42,"Crabs, sea-spiders",1553,Crustaceans,4,Fish and other fishing products,43,"Crustaceans, live, fresh or chilled",431,"Crabs, live, fresh or chilled"
ARS,Giant red shrimp,4,Crustaceans,45,"Shrimps, prawns",1553,Crustaceans,4,Fish and other fishing products,43,"Crustaceans, live, fresh or chilled",436,"Other shrimps and prawns, live, fresh or chilled"
PRF,Giant river prawn,4,Crustaceans,41,Freshwater crustaceans,1553,Crustaceans,4,Fish and other fishing products,43,"Crustaceans, live, fresh or chilled",436,"Other shrimps and prawns, live, fresh or chilled"
TEJ,Giant seabass,3,Marine fishes,33,Miscellaneous coastal fishes,1514,Demersal Marine Fish,4,Fish and other fishing products,42,"Fish live, fresh or chilled for human consumption",429,"Other fish, live, fresh or chilled"
STZ,Giant stargazer,3,Marine fishes,34,Miscellaneous demersal fishes,1514,Demersal Marine Fish,4,Fish and other fishing products,42,"Fish live, fresh or chilled for human consumption",429,"Other fish, live, fresh or chilled"
HWP,Giant stone crab,4,Crustaceans,42,"Crabs, sea-spiders",1553,Crustaceans,4,Fish and other fishing products,43,"Crustaceans, live, fresh or chilled",431,"Crabs, live, fresh or chilled"
CRC,Giant swimcrab,4,Crustaceans,42,"Crabs, sea-spiders",1553,Crustaceans,4,Fish and other fishing products,43,"Crustaceans, live, fresh or chilled",431,"Crabs, live, fresh or chilled"
GIT,Giant tiger prawn,4,Crustaceans,45,"Shrimps, prawns",1553,Crustaceans,4,Fish and other fishing products,43,"Crustaceans, live, fresh or chilled",436,"Other shrimps and prawns, live, fresh or chilled"
NXI,Giant trevally,3,Marine fishes,37,Miscellaneous pelagic fishes,1527,Pelagic Marine Fish,4,Fish and other fishing products,42,"Fish live, fresh or chilled for human consumption",426,"Other pelagic fish, live, fresh or chilled"
GHG,Gigartina seaweeds NEI,9,Aquatic plants,92,Red seaweeds,1594,Aquatic Plants,4,Fish and other fishing products,49,Other aquatic plants and animals,493,"Seaweeds and other algae, fresh, frozen or dried, whether or not ground"
ZUZ,Gilded catfish,1,Freshwater fishes,13,Miscellaneous freshwater fishes,1501,Freshwater and Diadromous Fish,4,Fish and other fishing products,42,"Fish live, fresh or chilled for human consumption",421,"Freshwater fish, live, fresh or chilled"
SBG,Gilthead seabream,3,Marine fishes,33,Miscellaneous coastal fishes,1514,Demersal Marine Fish,4,Fish and other fishing products,42,"Fish live, fresh or chilled for human consumption",429,"Other fish, live, fresh or chilled"
DQX,Gizzard shad NEI,2,Diadromous fishes,24,Shads,1501,Freshwater and Diadromous Fish,4,Fish and other fishing products,42,"Fish live, fresh or chilled for human consumption",429,"Other fish, live, fresh or chilled"
BHG,Glacier lantern fish,3,Marine fishes,34,Miscellaneous demersal fishes,1514,Demersal Marine Fish,4,Fish and other fishing products,42,"Fish live, fresh or chilled for human consumption",429,"Other fish, live, fresh or chilled"
CAG,Glass catfishes,1,Freshwater fishes,13,Miscellaneous freshwater fishes,1501,Freshwater and Diadromous Fish,4,Fish and other fishing products,42,"Fish live, fresh or chilled for human consumption",421,"Freshwater fish, live, fresh or chilled"
HTU,Glasseye,3,Marine fishes,33,Miscellaneous coastal fishes,1514,Demersal Marine Fish,4,Fish and other fishing products,42,"Fish live, fresh or chilled for human consumption",429,"Other fish, live, fresh or chilled"
AIB,Glassfishes,3,Marine fishes,33,Miscellaneous coastal fishes,1514,Demersal Marine Fish,4,Fish and other fishing products,42,"Fish live, fresh or chilled for human consumption",429,"Other fish, live, fresh or chilled"
HYS,Glasshead grenadier,3,Marine fishes,32,"Cods, hakes, haddocks",1514,Demersal Marine Fish,4,Fish and other fishing products,42,"Fish live, fresh or chilled for human consumption",424,"Fish of Gadiformes, live, fresh or chilled"
ILP,Glass schilbid,1,Freshwater fishes,13,Miscellaneous freshwater fishes,1501,Freshwater and Diadromous Fish,4,Fish and other fishing products,42,"Fish live, fresh or chilled for human consumption",421,"Freshwater fish, live, fresh or chilled"
HXY,Glass sponges,8,Miscellaneous aquatic animal products,83,Sponges,,,4,Fish and other fishing products,49,Other aquatic plants and animals,492,Natural sponges of aquatic animal origin
MTV,Globose clam,5,Molluscs,56,"Clams, cockles, arkshells",1562,Molluscs excl. Cephalopods,4,Fish and other fishing products,44,"Molluscs live, fresh or chilled",445,"Clams, cockles and ark shells, live, fresh or chilled"
KCF,Globose king crab,4,Crustaceans,44,"King crabs, squat-lobsters",1553,Crustaceans,4,Fish and other fishing products,43,"Crustaceans, live, fresh or chilled",439,"Other crustaceans, live, fresh or chilled"
QGG,Glove sponge,8,Miscellaneous aquatic animal products,83,Sponges,,,4,Fish and other fishing products,49,Other aquatic plants and animals,492,Natural sponges of aquatic animal origin
GOX,Goatfishes,3,Marine fishes,33,Miscellaneous coastal fishes,1514,Demersal Marine Fish,4,Fish and other fishing products,42,"Fish live, fresh or chilled for human consumption",429,"Other fish, live, fresh or chilled"
MUM,"Goatfishes, red mullets NEI",3,Marine fishes,33,Miscellaneous coastal fishes,1514,Demersal Marine Fish,4,Fish and other fishing products,42,"Fish live, fresh or chilled for human consumption",429,"Other fish, live, fresh or chilled"
GPA,Gobies NEI,3,Marine fishes,33,Miscellaneous coastal fishes,1514,Demersal Marine Fish,4,Fish and other fishing products,42,"Fish live, fresh or chilled for human consumption",429,"Other fish, live, fresh or chilled"
GTR,[Gobius strictus],3,Marine fishes,33,Miscellaneous coastal fishes,1514,Demersal Marine Fish,4,Fish and other fishing products,42,"Fish live, fresh or chilled for human consumption",429,"Other fish, live, fresh or chilled"
YLP,God's flounder,3,Marine fishes,31,"Flounders, halibuts, soles",1514,Demersal Marine Fish,4,Fish and other fishing products,42,"Fish live, fresh or chilled for human consumption",423,"Flatfish, live, fresh or chilled"
LRI,Goldbanded jobfish,3,Marine fishes,33,Miscellaneous coastal fishes,1514,Demersal Marine Fish,4,Fish and other fishing products,42,"Fish live, fresh or chilled for human consumption",429,"Other fish, live, fresh or chilled"
UPM,Goldband goatfish,3,Marine fishes,33,Miscellaneous coastal fishes,1514,Demersal Marine Fish,4,Fish and other fishing products,42,"Fish live, fresh or chilled for human consumption",429,"Other fish, live, fresh or chilled"
EPK,Goldblotch grouper,3,Marine fishes,33,Miscellaneous coastal fishes,1514,Demersal Marine Fish,4,Fish and other fishing products,42,"Fish live, fresh or chilled for human consumption",429,"Other fish, live, fresh or chilled"
LVN,Golden African snapper,3,Marine fishes,33,Miscellaneous coastal fishes,1514,Demersal Marine Fish,4,Fish and other fishing products,42,"Fish live, fresh or chilled for human consumption",429,"Other fish, live, fresh or chilled"
VNA,Golden carpet shell,5,Molluscs,56,"Clams, cockles, arkshells",1562,Molluscs excl. Cephalopods,4,Fish and other fishing products,44,"Molluscs live, fresh or chilled",445,"Clams, cockles and ark shells, live, fresh or chilled"
YQT,Golden Cystoseira,9,Aquatic plants,91,Brown seaweeds,1594,Aquatic Plants,4,Fish and other fishing products,49,Other aquatic plants and animals,493,"Seaweeds and other algae, fresh, frozen or dried, whether or not ground"
HFB,Golden deepsea crab,4,Crustaceans,42,"Crabs, sea-spiders",1553,Crustaceans,4,Fish and other fishing products,43,"Crustaceans, live, fresh or chilled",431,"Crabs, live, fresh or chilled"
MGA,Golden grey mullet,3,Marine fishes,33,Miscellaneous coastal fishes,1514,Demersal Marine Fish,4,Fish and other fishing products,42,"Fish live, fresh or chilled for human consumption",429,"Other fish, live, fresh or chilled"
KAQ,Golden king crab,4,Crustaceans,44,"King crabs, squat-lobsters",1553,Crustaceans,4,Fish and other fishing products,43,"Crustaceans, live, fresh or chilled",439,"Other crustaceans, live, fresh or chilled"
IGI,Golden-lined spinefoot,3,Marine fishes,33,Miscellaneous coastal fishes,1514,Demersal Marine Fish,4,Fish and other fishing products,42,"Fish live, fresh or chilled for human consumption",429,"Other fish, live, fresh or chilled"
MCA,Golden perch,1,Freshwater fishes,13,Miscellaneous freshwater fishes,1501,Freshwater and Diadromous Fish,4,Fish and other fishing products,42,"Fish live, fresh or chilled for human consumption",421,"Freshwater fish, live, fresh or chilled"
REG,Golden redfish,3,Marine fishes,34,Miscellaneous demersal fishes,1514,Demersal Marine Fish,4,Fish and other fishing products,42,"Fish live, fresh or chilled for human consumption",429,"Other fish, live, fresh or chilled"
LKT,Golden shrimp,4,Crustaceans,45,"Shrimps, prawns",1553,Crustaceans,4,Fish and other fishing products,43,"Crustaceans, live, fresh or chilled",435,"Cold-water shrimps and prawns (Pandalus spp., Crangon crangon), live, fresh or chilled"
THG,Golden threadfin bream,3,Marine fishes,33,Miscellaneous coastal fishes,1514,Demersal Marine Fish,4,Fish and other fishing products,42,"Fish live, fresh or chilled for human consumption",429,"Other fish, live, fresh or chilled"
GLT,Golden trevally,3,Marine fishes,37,Miscellaneous pelagic fishes,1527,Pelagic Marine Fish,4,Fish and other fishing products,42,"Fish live, fresh or chilled for human consumption",426,"Other pelagic fish, live, fresh or chilled"
CGO,Goldfish,1,Freshwater fishes,11,"Carps, barbels and other cyprinids",1501,Freshwater and Diadromous Fish,4,Fish and other fishing products,42,"Fish live, fresh or chilled for human consumption",421,"Freshwater fish, live, fresh or chilled"
RSS,Goldlined seabream,3,Marine fishes,33,Miscellaneous coastal fishes,1514,Demersal Marine Fish,4,Fish and other fishing products,42,"Fish live, fresh or chilled for human consumption",429,"Other fish, live, fresh or chilled"
RPY,Gold-saddle goatfish,3,Marine fishes,33,Miscellaneous coastal fishes,1514,Demersal Marine Fish,4,Fish and other fishing products,42,"Fish live, fresh or chilled for human consumption",429,"Other fish, live, fresh or chilled"
MLB,Goldsilk seabream,3,Marine fishes,33,Miscellaneous coastal fishes,1514,Demersal Marine Fish,4,Fish and other fishing products,42,"Fish live, fresh or chilled for human consumption",429,"Other fish, live, fresh or chilled"
TBR,Goldsinny-wrasse,3,Marine fishes,33,Miscellaneous coastal fishes,1514,Demersal Marine Fish,4,Fish and other fishing products,42,"Fish live, fresh or chilled for human consumption",429,"Other fish, live, fresh or chilled"
SAG,Goldstripe sardinella,3,Marine fishes,35,"Herrings, sardines, anchovies",1527,Pelagic Marine Fish,4,Fish and other fishing products,42,"Fish live, fresh or chilled for human consumption",426,"Other pelagic fish, live, fresh or chilled"
GDW,Gonate squids NEI,5,Molluscs,57,"Squids, cuttlefishes, octopuses",1570,Cephalopods,4,Fish and other fishing products,44,"Molluscs live, fresh or chilled",446,"Cuttlefish and squid, live, fresh or chilled"
GOO,Goose barnacles NEI,4,Crustaceans,47,Miscellaneous marine crustaceans,1553,Crustaceans,4,Fish and other fishing products,43,"Crustaceans, live, fresh or chilled",439,"Other crustaceans, live, fresh or chilled"
QYS,Gopher rockfish,3,Marine fishes,34,Miscellaneous demersal fishes,1514,Demersal Marine Fish,4,Fish and other fishing products,42,"Fish live, fresh or chilled for human consumption",429,"Other fish, live, fresh or chilled"
LJO,Gorean snapper,3,Marine fishes,33,Miscellaneous coastal fishes,1514,Demersal Marine Fish,4,Fish and other fishing products,42,"Fish live, fresh or chilled for human consumption",429,"Other fish, live, fresh or chilled"
GGW,Gorgonians,8,Miscellaneous aquatic animal products,82,Corals,,,4,Fish and other fishing products,49,Other aquatic plants and animals,491,"Coral and similar products, shells of molluscs, crustaceans or echinoderms and cuttle-bone; live aquatic plants and animals for ornamental purpose"
GOM,Gouramis NEI,1,Freshwater fishes,13,Miscellaneous freshwater fishes,1501,Freshwater and Diadromous Fish,4,Fish and other fishing products,42,"Fish live, fresh or chilled for human consumption",421,"Freshwater fish, live, fresh or chilled"
GLS,Gracilaria seaweeds,9,Aquatic plants,92,Red seaweeds,1594,Aquatic Plants,4,Fish and other fishing products,49,Other aquatic plants and animals,493,"Seaweeds and other algae, fresh, frozen or dried, whether or not ground"
RTZ,Graery threadfin seabass,3,Marine fishes,33,Miscellaneous coastal fishes,1514,Demersal Marine Fish,4,Fish and other fishing products,42,"Fish live, fresh or chilled for human consumption",429,"Other fish, live, fresh or chilled"
XJX,Grammicolepidids NEI,3,Marine fishes,34,Miscellaneous demersal fishes,1514,Demersal Marine Fish,4,Fish and other fishing products,42,"Fish live, fresh or chilled for human consumption",429,"Other fish, live, fresh or chilled"
NDN,Grand ark,5,Molluscs,56,"Clams, cockles, arkshells",1562,Molluscs excl. Cephalopods,4,Fish and other fishing products,44,"Molluscs live, fresh or chilled",445,"Clams, cockles and ark shells, live, fresh or chilled"
KON,Granular top-shell,5,Molluscs,52,"Abalones, winkles, conchs",1562,Molluscs excl. Cephalopods,4,Fish and other fishing products,44,"Molluscs live, fresh or chilled",449,"Other molluscs, live, fresh or chilled"
DPG,Granulated catfish,1,Freshwater fishes,13,Miscellaneous freshwater fishes,1501,Freshwater and Diadromous Fish,4,Fish and other fishing products,42,"Fish live, fresh or chilled for human consumption",421,"Freshwater fish, live, fresh or chilled"
FCG,Grass carp(=White amur),1,Freshwater fishes,11,"Carps, barbels and other cyprinids",1501,Freshwater and Diadromous Fish,4,Fish and other fishing products,42,"Fish live, fresh or chilled for human consumption",421,"Freshwater fish, live, fresh or chilled"
DSE,Grass-eaters NEI,1,Freshwater fishes,13,Miscellaneous freshwater fishes,1501,Freshwater and Diadromous Fish,4,Fish and other fishing products,42,"Fish live, fresh or chilled for human consumption",421,"Freshwater fish, live, fresh or chilled"
CFN,Grass porgy,3,Marine fishes,33,Miscellaneous coastal fishes,1514,Demersal Marine Fish,4,Fish and other fishing products,42,"Fish live, fresh or chilled for human consumption",429,"Other fish, live, fresh or chilled"
TLV,Grayling,2,Diadromous fishes,23,"Salmons, trouts, smelts",1501,Freshwater and Diadromous Fish,4,Fish and other fishing products,42,"Fish live, fresh or chilled for human consumption",429,"Other fish, live, fresh or chilled"
CFL,Graysby,3,Marine fishes,33,Miscellaneous coastal fishes,1514,Demersal Marine Fish,4,Fish and other fishing products,42,"Fish live, fresh or chilled for human consumption",429,"Other fish, live, fresh or chilled"
GRW,Gray whale,6,"Whales, seals and other aquatic mammals",61,"Blue-whales, fin-whales",1579,Aquatic Mammals,,,,,,
MPE,Greasyback shrimp,4,Crustaceans,45,"Shrimps, prawns",1553,Crustaceans,4,Fish and other fishing products,43,"Crustaceans, live, fresh or chilled",436,"Other shrimps and prawns, live, fresh or chilled"
EPT,Greasy grouper,3,Marine fishes,33,Miscellaneous coastal fishes,1514,Demersal Marine Fish,4,Fish and other fishing products,42,"Fish live, fresh or chilled for human consumption",429,"Other fish, live, fresh or chilled"
SCE,Great Atlantic scallop,5,Molluscs,55,"Scallops, pectens",1562,Molluscs excl. Cephalopods,4,Fish and other fishing products,44,"Molluscs live, fresh or chilled",444,"Scallops, live, fresh or chilled"
GBA,Great barracuda,3,Marine fishes,37,Miscellaneous pelagic fishes,1527,Pelagic Marine Fish,4,Fish and other fishing products,42,"Fish live, fresh or chilled for human consumption",426,"Other pelagic fish, live, fresh or chilled"
BFP,Great blue spotted mudskipper,3,Marine fishes,33,Miscellaneous coastal fishes,1514,Demersal Marine Fish,4,Fish and other fishing products,42,"Fish live, fresh or chilled for human consumption",429,"Other fish, live, fresh or chilled"
AMB,Greater amberjack,3,Marine fishes,37,Miscellaneous pelagic fishes,1527,Pelagic Marine Fish,4,Fish and other fishing products,42,"Fish live, fresh or chilled for human consumption",426,"Other pelagic fish, live, fresh or chilled"
ARU,Greater argentine,3,Marine fishes,34,Miscellaneous demersal fishes,1514,Demersal Marine Fish,4,Fish and other fishing products,42,"Fish live, fresh or chilled for human consumption",429,"Other fish, live, fresh or chilled"
GFB,Greater forkbeard,3,Marine fishes,32,"Cods, hakes, haddocks",1514,Demersal Marine Fish,4,Fish and other fishing products,42,"Fish live, fresh or chilled for human consumption",424,"Fish of Gadiformes, live, fresh or chilled"
OIJ,Greater hooked squid,5,Molluscs,57,"Squids, cuttlefishes, octopuses",1570,Cephalopods,4,Fish and other fishing products,44,"Molluscs live, fresh or chilled",446,"Cuttlefish and squid, live, fresh or chilled"
LIG,Greater lizardfish,3,Marine fishes,33,Miscellaneous coastal fishes,1514,Demersal Marine Fish,4,Fish and other fishing products,42,"Fish live, fresh or chilled for human consumption",429,"Other fish, live, fresh or chilled"
WEG,Greater weever,3,Marine fishes,33,Miscellaneous coastal fishes,1514,Demersal Marine Fish,4,Fish and other fishing products,42,"Fish live, fresh or chilled for human consumption",429,"Other fish, live, fresh or chilled"
SPK,Great hammerhead,3,Marine fishes,38,"Sharks, rays, chimaeras",1514,Demersal Marine Fish,4,Fish and other fishing products,42,"Fish live, fresh or chilled for human consumption",429,"Other fish, live, fresh or chilled"
ETR,Great lanternshark,3,Marine fishes,38,"Sharks, rays, chimaeras",1514,Demersal Marine Fish,4,Fish and other fishing products,42,"Fish live, fresh or chilled for human consumption",429,"Other fish, live, fresh or chilled"
SJA,Great Mediterranean scallop,5,Molluscs,55,"Scallops, pectens",1562,Molluscs excl. Cephalopods,4,Fish and other fishing products,44,"Molluscs live, fresh or chilled",444,"Scallops, live, fresh or chilled"
TIL,Great Northern tilefish,3,Marine fishes,34,Miscellaneous demersal fishes,1514,Demersal Marine Fish,4,Fish and other fishing products,42,"Fish live, fresh or chilled for human consumption",429,"Other fish, live, fresh or chilled"
YEZ,Great sandeel,3,Marine fishes,33,Miscellaneous coastal fishes,1514,Demersal Marine Fish,4,Fish and other fishing products,42,"Fish live, fresh or chilled for human consumption",429,"Other fish, live, fresh or chilled"
KNA,Great snakehead,1,Freshwater fishes,13,Miscellaneous freshwater fishes,1501,Freshwater and Diadromous Fish,4,Fish and other fishing products,42,"Fish live, fresh or chilled for human consumption",421,"Freshwater fish, live, fresh or chilled"
WSH,Great white shark,3,Marine fishes,38,"Sharks, rays, chimaeras",1514,Demersal Marine Fish,4,Fish and other fishing products,42,"Fish live, fresh or chilled for human consumption",429,"Other fish, live, fresh or chilled"
HMG,Greenback horse mackerel,3,Marine fishes,37,Miscellaneous pelagic fishes,1527,Pelagic Marine Fish,4,Fish and other fishing products,42,"Fish live, fresh or chilled for human consumption",426,"Other pelagic fish, live, fresh or chilled"
LZI,Greenback mullet,3,Marine fishes,33,Miscellaneous coastal fishes,1514,Demersal Marine Fish,4,Fish and other fishing products,42,"Fish live, fresh or chilled for human consumption",429,"Other fish, live, fresh or chilled"
CRG,Green crab,4,Crustaceans,42,"Crabs, sea-spiders",1553,Crustaceans,4,Fish and other fishing products,43,"Crustaceans, live, fresh or chilled",431,"Crabs, live, fresh or chilled"
BMK,Green humphead parrotfish,3,Marine fishes,33,Miscellaneous coastal fishes,1514,Demersal Marine Fish,4,Fish and other fishing products,42,"Fish live, fresh or chilled for human consumption",429,"Other fish, live, fresh or chilled"
NXC,Green jack,3,Marine fishes,37,Miscellaneous pelagic fishes,1527,Pelagic Marine Fish,4,Fish and other fishing products,42,"Fish live, fresh or chilled for human consumption",426,"Other pelagic fish, live, fresh or chilled"
AVR,Green jobfish,3,Marine fishes,33,Miscellaneous coastal fishes,1514,Demersal Marine Fish,4,Fish and other fishing products,42,"Fish live, fresh or chilled for human consumption",429,"Other fish, live, fresh or chilled"
GRC,Greenland cod,3,Marine fishes,32,"Cods, hakes, haddocks",1514,Demersal Marine Fish,4,Fish and other fishing products,42,"Fish live, fresh or chilled for human consumption",424,"Fish of Gadiformes, live, fresh or chilled"
GHL,Greenland halibut,3,Marine fishes,31,"Flounders, halibuts, soles",1514,Demersal Marine Fish,4,Fish and other fishing products,42,"Fish live, fresh or chilled for human consumption",423,"Flatfish, live, fresh or chilled"
GSK,Greenland shark,3,Marine fishes,38,"Sharks, rays, chimaeras",1514,Demersal Marine Fish,4,Fish and other fishing products,42,"Fish live, fresh or chilled for human consumption",429,"Other fish, live, fresh or chilled"
MTN,Green laver,9,Aquatic plants,93,Green seaweeds,1594,Aquatic Plants,4,Fish and other fishing products,49,Other aquatic plants and animals,493,"Seaweeds and other algae, fresh, frozen or dried, whether or not ground"
AMI,Green moray,3,Marine fishes,33,Miscellaneous coastal fishes,1514,Demersal Marine Fish,4,Fish and other fishing products,42,"Fish live, fresh or chilled for human consumption",429,"Other fish, live, fresh or chilled"
YAR,Green mud crab,4,Crustaceans,42,"Crabs, sea-spiders",1553,Crustaceans,4,Fish and other fishing products,43,"Crustaceans, live, fresh or chilled",431,"Crabs, live, fresh or chilled"
MSV,Green mussel,5,Molluscs,54,Mussels,1562,Molluscs excl. Cephalopods,4,Fish and other fishing products,44,"Molluscs live, fresh or chilled",443,"Mussels, live, fresh or chilled"
LOG,Green rock lobster,4,Crustaceans,43,"Lobsters, spiny-rock lobsters",1553,Crustaceans,4,Fish and other fishing products,43,"Crustaceans, live, fresh or chilled",432,"Rock lobster and other sea crawfish, live, fresh or chilled"
KQT,Green sea feather,9,Aquatic plants,93,Green seaweeds,1594,Aquatic Plants,4,Fish and other fishing products,49,Other aquatic plants and animals,493,"Seaweeds and other algae, fresh, frozen or dried, whether or not ground"
SWG,Green seaweeds,9,Aquatic plants,93,Green seaweeds,1594,Aquatic Plants,4,Fish and other fishing products,49,Other aquatic plants and animals,493,"Seaweeds and other algae, fresh, frozen or dried, whether or not ground"
NUG,Green spiny lobster,4,Crustaceans,43,"Lobsters, spiny-rock lobsters",1553,Crustaceans,4,Fish and other fishing products,43,"Crustaceans, live, fresh or chilled",432,"Rock lobster and other sea crawfish, live, fresh or chilled"
QYR,Greenspotted rockfish,3,Marine fishes,34,Miscellaneous demersal fishes,1514,Demersal Marine Fish,4,Fish and other fishing products,42,"Fish live, fresh or chilled for human consumption",429,"Other fish, live, fresh or chilled"
SFE,Greenstriped rockfish,3,Marine fishes,34,Miscellaneous demersal fishes,1514,Demersal Marine Fish,4,Fish and other fishing products,42,"Fish live, fresh or chilled for human consumption",429,"Other fish, live, fresh or chilled"
AAM,Green sturgeon,2,Diadromous fishes,21,"Sturgeons, paddlefishes",1501,Freshwater and Diadromous Fish,4,Fish and other fishing products,42,"Fish live, fresh or chilled for human consumption",429,"Other fish, live, fresh or chilled"
AER,Green terror,1,Freshwater fishes,12,Tilapias and other cichlids,1501,Freshwater and Diadromous Fish,4,Fish and other fishing products,42,"Fish live, fresh or chilled for human consumption",421,"Freshwater fish, live, fresh or chilled"
TIP,Green tiger prawn,4,Crustaceans,45,"Shrimps, prawns",1553,Crustaceans,4,Fish and other fishing products,43,"Crustaceans, live, fresh or chilled",436,"Other shrimps and prawns, live, fresh or chilled"
TUG,Green turtle,7,Miscellaneous aquatic animals,72,Turtles,1587,Aquatic Animals NEI,,,,,,
YNV,Green weakfish,3,Marine fishes,33,Miscellaneous coastal fishes,1514,Demersal Marine Fish,4,Fish and other fishing products,42,"Fish live, fresh or chilled for human consumption",429,"Other fish, live, fresh or chilled"
WRV,Green wrasse,3,Marine fishes,33,Miscellaneous coastal fishes,1514,Demersal Marine Fish,4,Fish and other fishing products,42,"Fish live, fresh or chilled for human consumption",429,"Other fish, live, fresh or chilled"
TPG,Grenadier cod,3,Marine fishes,32,"Cods, hakes, haddocks",1514,Demersal Marine Fish,4,Fish and other fishing products,42,"Fish live, fresh or chilled for human consumption",424,"Fish of Gadiformes, live, fresh or chilled"
GRV,Grenadiers NEI,3,Marine fishes,32,"Cods, hakes, haddocks",1514,Demersal Marine Fish,4,Fish and other fishing products,42,"Fish live, fresh or chilled for human consumption",424,"Fish of Gadiformes, live, fresh or chilled"
RTX,"Grenadiers, rattails NEI",3,Marine fishes,32,"Cods, hakes, haddocks",1514,Demersal Marine Fish,4,Fish and other fishing products,42,"Fish live, fresh or chilled for human consumption",424,"Fish of Gadiformes, live, fresh or chilled"
CVY,"Grenadiers, whiptails NEI",3,Marine fishes,32,"Cods, hakes, haddocks",1514,Demersal Marine Fish,4,Fish and other fishing products,42,"Fish live, fresh or chilled for human consumption",424,"Fish of Gadiformes, live, fresh or chilled"
HHX,Greybar grunt,3,Marine fishes,33,Miscellaneous coastal fishes,1514,Demersal Marine Fish,4,Fish and other fishing products,42,"Fish live, fresh or chilled for human consumption",429,"Other fish, live, fresh or chilled"
GUG,Grey gurnard,3,Marine fishes,34,Miscellaneous demersal fishes,1514,Demersal Marine Fish,4,Fish and other fishing products,42,"Fish live, fresh or chilled for human consumption",429,"Other fish, live, fresh or chilled"
GMR,Grey large-eye bream,3,Marine fishes,33,Miscellaneous coastal fishes,1514,Demersal Marine Fish,4,Fish and other fishing products,42,"Fish live, fresh or chilled for human consumption",429,"Other fish, live, fresh or chilled"
SEG,Grey seal,6,"Whales, seals and other aquatic mammals",63,"Eared seals, hair seals, walruses",1579,Aquatic Mammals,,,,,,
LJI,Grey snapper,3,Marine fishes,33,Miscellaneous coastal fishes,1514,Demersal Marine Fish,4,Fish and other fishing products,42,"Fish live, fresh or chilled for human consumption",429,"Other fish, live, fresh or chilled"
ULM,Grey tilefish,3,Marine fishes,34,Miscellaneous demersal fishes,1514,Demersal Marine Fish,4,Fish and other fishing products,42,"Fish live, fresh or chilled for human consumption",429,"Other fish, live, fresh or chilled"
TRG,Grey triggerfish,3,Marine fishes,33,Miscellaneous coastal fishes,1514,Demersal Marine Fish,4,Fish and other fishing products,42,"Fish live, fresh or chilled for human consumption",429,"Other fish, live, fresh or chilled"
YFC,Grey wrasse,3,Marine fishes,33,Miscellaneous coastal fishes,1514,Demersal Marine Fish,4,Fish and other fishing products,42,"Fish live, fresh or chilled for human consumption",429,"Other fish, live, fresh or chilled"
CTG,Grooved carpet shell,5,Molluscs,56,"Clams, cockles, arkshells",1562,Molluscs excl. Cephalopods,4,Fish and other fishing products,44,"Molluscs live, fresh or chilled",445,"Clams, cockles and ark shells, live, fresh or chilled"
GRO,Groundfishes NEI,3,Marine fishes,39,Marine fishes not identified,1540,Marine Fish NEI,4,Fish and other fishing products,42,"Fish live, fresh or chilled for human consumption",429,"Other fish, live, fresh or chilled"
GPX,Groupers NEI,3,Marine fishes,33,Miscellaneous coastal fishes,1514,Demersal Marine Fish,4,Fish and other fishing products,42,"Fish live, fresh or chilled for human consumption",429,"Other fish, live, fresh or chilled"
BSX,"Groupers, seabasses NEI",3,Marine fishes,33,Miscellaneous coastal fishes,1514,Demersal Marine Fish,4,Fish and other fishing products,42,"Fish live, fresh or chilled for human consumption",429,"Other fish, live, fresh or chilled"
HWX,Grunts NEI,3,Marine fishes,33,Miscellaneous coastal fishes,1514,Demersal Marine Fish,4,Fish and other fishing products,42,"Fish live, fresh or chilled for human consumption",429,"Other fish, live, fresh or chilled"
GRX,"Grunts, sweetlips NEI",3,Marine fishes,33,Miscellaneous coastal fishes,1514,Demersal Marine Fish,4,Fish and other fishing products,42,"Fish live, fresh or chilled for human consumption",429,"Other fish, live, fresh or chilled"
YRU,Guachanche barracuda,3,Marine fishes,37,Miscellaneous pelagic fishes,1527,Pelagic Marine Fish,4,Fish and other fishing products,42,"Fish live, fresh or chilled for human consumption",426,"Other pelagic fish, live, fresh or chilled"
FGB,"Gudgeons, sleepers NEI",1,Freshwater fishes,13,Miscellaneous freshwater fishes,1501,Freshwater and Diadromous Fish,4,Fish and other fishing products,42,"Fish live, fresh or chilled for human consumption",421,"Freshwater fish, live, fresh or chilled"
RLR,Guinean amberjack,3,Marine fishes,37,Miscellaneous pelagic fishes,1527,Pelagic Marine Fish,4,Fish and other fishing products,42,"Fish live, fresh or chilled for human consumption",426,"Other pelagic fish, live, fresh or chilled"
BAG,Guinean barracuda,3,Marine fishes,37,Miscellaneous pelagic fishes,1527,Pelagic Marine Fish,4,Fish and other fishing products,42,"Fish live, fresh or chilled for human consumption",426,"Other pelagic fish, live, fresh or chilled"
GPC,Guinean pike conger,3,Marine fishes,34,Miscellaneous demersal fishes,1514,Demersal Marine Fish,4,Fish and other fishing products,42,"Fish live, fresh or chilled for human consumption",429,"Other fish, live, fresh or chilled"
YNY,Guinean sole,3,Marine fishes,31,"Flounders, halibuts, soles",1514,Demersal Marine Fish,4,Fish and other fishing products,42,"Fish live, fresh or chilled for human consumption",423,"Flatfish, live, fresh or chilled"
GEZ,Guinean striped mojarra,3,Marine fishes,33,Miscellaneous coastal fishes,1514,Demersal Marine Fish,4,Fish and other fishing products,42,"Fish live, fresh or chilled for human consumption",429,"Other fish, live, fresh or chilled"
YQG,Guinean tonguesole,3,Marine fishes,31,"Flounders, halibuts, soles",1514,Demersal Marine Fish,4,Fish and other fishing products,42,"Fish live, fresh or chilled for human consumption",423,"Flatfish, live, fresh or chilled"
GUS,Guinea shrimp,4,Crustaceans,45,"Shrimps, prawns",1553,Crustaceans,4,Fish and other fishing products,43,"Crustaceans, live, fresh or chilled",436,"Other shrimps and prawns, live, fresh or chilled"
GTF,"Guitarfishes, etc. NEI",3,Marine fishes,38,"Sharks, rays, chimaeras",1514,Demersal Marine Fish,4,Fish and other fishing products,42,"Fish live, fresh or chilled for human consumption",429,"Other fish, live, fresh or chilled"
GUZ,Guitarfishes NEI,3,Marine fishes,38,"Sharks, rays, chimaeras",1514,Demersal Marine Fish,4,Fish and other fishing products,42,"Fish live, fresh or chilled for human consumption",429,"Other fish, live, fresh or chilled"
BTG,Gulf butterfishes NEI,3,Marine fishes,37,Miscellaneous pelagic fishes,1527,Pelagic Marine Fish,4,Fish and other fishing products,42,"Fish live, fresh or chilled for human consumption",426,"Other pelagic fish, live, fresh or chilled"
YSB,Gulf flounder,3,Marine fishes,31,"Flounders, halibuts, soles",1514,Demersal Marine Fish,4,Fish and other fishing products,42,"Fish live, fresh or chilled for human consumption",423,"Flatfish, live, fresh or chilled"
MKJ,Gulf grouper,3,Marine fishes,33,Miscellaneous coastal fishes,1514,Demersal Marine Fish,4,Fish and other fishing products,42,"Fish live, fresh or chilled for human consumption",429,"Other fish, live, fresh or chilled"
KGG,Gulf kingcroaker,3,Marine fishes,33,Miscellaneous coastal fishes,1514,Demersal Marine Fish,4,Fish and other fishing products,42,"Fish live, fresh or chilled for human consumption",429,"Other fish, live, fresh or chilled"
MHG,Gulf menhaden,3,Marine fishes,35,"Herrings, sardines, anchovies",1527,Pelagic Marine Fish,4,Fish and other fishing products,42,"Fish live, fresh or chilled for human consumption",426,"Other pelagic fish, live, fresh or chilled"
USW,Gulf parrotfish,3,Marine fishes,33,Miscellaneous coastal fishes,1514,Demersal Marine Fish,4,Fish and other fishing products,42,"Fish live, fresh or chilled for human consumption",429,"Other fish, live, fresh or chilled"
GUP,Gulper shark,3,Marine fishes,38,"Sharks, rays, chimaeras",1514,Demersal Marine Fish,4,Fish and other fishing products,42,"Fish live, fresh or chilled for human consumption",429,"Other fish, live, fresh or chilled"
CWO,Gulper sharks NEI,3,Marine fishes,38,"Sharks, rays, chimaeras",1514,Demersal Marine Fish,4,Fish and other fishing products,42,"Fish live, fresh or chilled for human consumption",429,"Other fish, live, fresh or chilled"
CTU,Gummy shark,3,Marine fishes,38,"Sharks, rays, chimaeras",1514,Demersal Marine Fish,4,Fish and other fishing products,42,"Fish live, fresh or chilled for human consumption",429,"Other fish, live, fresh or chilled"
PFL,Guppy,1,Freshwater fishes,13,Miscellaneous freshwater fishes,1501,Freshwater and Diadromous Fish,4,Fish and other fishing products,42,"Fish live, fresh or chilled for human consumption",421,"Freshwater fish, live, fresh or chilled"
GUY,Gurnards NEI,3,Marine fishes,34,Miscellaneous demersal fishes,1514,Demersal Marine Fish,4,Fish and other fishing products,42,"Fish live, fresh or chilled for human consumption",429,"Other fish, live, fresh or chilled"
GUX,"Gurnards, searobins NEI",3,Marine fishes,34,Miscellaneous demersal fishes,1514,Demersal Marine Fish,4,Fish and other fishing products,42,"Fish live, fresh or chilled for human consumption",429,"Other fish, live, fresh or chilled"
TZG,Guyana dolphin,6,"Whales, seals and other aquatic mammals",62,"Sperm-whales, pilot-whales",1579,Aquatic Mammals,,,,,,
YEG,Guyana swamp mussel,5,Molluscs,54,Mussels,1562,Molluscs excl. Cephalopods,4,Fish and other fishing products,44,"Molluscs live, fresh or chilled",443,"Mussels, live, fresh or chilled"
AGY,[Gymnothorax porphyreus],3,Marine fishes,33,Miscellaneous coastal fishes,1514,Demersal Marine Fish,4,Fish and other fishing products,42,"Fish live, fresh or chilled for human consumption",429,"Other fish, live, fresh or chilled"
AXZ,[Gymnothorax spp],3,Marine fishes,33,Miscellaneous coastal fishes,1514,Demersal Marine Fish,4,Fish and other fishing products,42,"Fish live, fresh or chilled for human consumption",429,"Other fish, live, fresh or chilled"
HAD,Haddock,3,Marine fishes,32,"Cods, hakes, haddocks",1514,Demersal Marine Fish,4,Fish and other fishing products,42,"Fish live, fresh or chilled for human consumption",424,"Fish of Gadiformes, live, fresh or chilled"
HZP,[Haematococcus pluvialis],9,Aquatic plants,93,Green seaweeds,1594,Aquatic Plants,4,Fish and other fishing products,49,Other aquatic plants and animals,493,"Seaweeds and other algae, fresh, frozen or dried, whether or not ground"
RXS,Haffara seabream,3,Marine fishes,33,Miscellaneous coastal fishes,1514,Demersal Marine Fish,4,Fish and other fishing products,42,"Fish live, fresh or chilled for human consumption",429,"Other fish, live, fresh or chilled"
MYG,Hagfish,3,Marine fishes,33,Miscellaneous coastal fishes,1514,Demersal Marine Fish,4,Fish and other fishing products,42,"Fish live, fresh or chilled for human consumption",429,"Other fish, live, fresh or chilled"
MYX,Hagfishes NEI,3,Marine fishes,33,Miscellaneous coastal fishes,1514,Demersal Marine Fish,4,Fish and other fishing products,42,"Fish live, fresh or chilled for human consumption",429,"Other fish, live, fresh or chilled"
EEI,Haifa grouper,3,Marine fishes,33,Miscellaneous coastal fishes,1514,Demersal Marine Fish,4,Fish and other fishing products,42,"Fish live, fresh or chilled for human consumption",429,"Other fish, live, fresh or chilled"
HBZ,Hair crab,4,Crustaceans,42,"Crabs, sea-spiders",1553,Crustaceans,4,Fish and other fishing products,43,"Crustaceans, live, fresh or chilled",431,"Crabs, live, fresh or chilled"
LNV,Hairfin lookdown,3,Marine fishes,37,Miscellaneous pelagic fishes,1527,Pelagic Marine Fish,4,Fish and other fishing products,42,"Fish live, fresh or chilled for human consumption",426,"Other pelagic fish, live, fresh or chilled"
TCW,Hairtails NEI,3,Marine fishes,34,Miscellaneous demersal fishes,1514,Demersal Marine Fish,4,Fish and other fishing products,42,"Fish live, fresh or chilled for human consumption",429,"Other fish, live, fresh or chilled"
CUT,"Hairtails, scabbardfishes NEI",3,Marine fishes,34,Miscellaneous demersal fishes,1514,Demersal Marine Fish,4,Fish and other fishing products,42,"Fish live, fresh or chilled for human consumption",429,"Other fish, live, fresh or chilled"
HKX,Hakes NEI,3,Marine fishes,32,"Cods, hakes, haddocks",1514,Demersal Marine Fish,4,Fish and other fishing products,42,"Fish live, fresh or chilled for human consumption",424,"Fish of Gadiformes, live, fresh or chilled"
JKX,Halfbeaks NEI,3,Marine fishes,37,Miscellaneous pelagic fishes,1527,Pelagic Marine Fish,4,Fish and other fishing products,42,"Fish live, fresh or chilled for human consumption",426,"Other pelagic fish, live, fresh or chilled"
MCL,Half-crenated ark,5,Molluscs,56,"Clams, cockles, arkshells",1562,Molluscs excl. Cephalopods,4,Fish and other fishing products,44,"Molluscs live, fresh or chilled",445,"Clams, cockles and ark shells, live, fresh or chilled"
SRQ,Halfspined flathead,3,Marine fishes,33,Miscellaneous coastal fishes,1514,Demersal Marine Fish,4,Fish and other fishing products,42,"Fish live, fresh or chilled for human consumption",429,"Other fish, live, fresh or chilled"
EYH,Hamilton's thryssa,3,Marine fishes,35,"Herrings, sardines, anchovies",1527,Pelagic Marine Fish,4,Fish and other fishing products,42,"Fish live, fresh or chilled for human consumption",426,"Other pelagic fish, live, fresh or chilled"
SPY,"Hammerhead sharks, etc. NEI",3,Marine fishes,38,"Sharks, rays, chimaeras",1514,Demersal Marine Fish,4,Fish and other fishing products,42,"Fish live, fresh or chilled for human consumption",429,"Other fish, live, fresh or chilled"
SPN,Hammerhead sharks NEI,3,Marine fishes,38,"Sharks, rays, chimaeras",1514,Demersal Marine Fish,4,Fish and other fishing products,42,"Fish live, fresh or chilled for human consumption",429,"Other fish, live, fresh or chilled"
HML,Hampala barb,1,Freshwater fishes,11,"Carps, barbels and other cyprinids",1501,Freshwater and Diadromous Fish,4,Fish and other fishing products,42,"Fish live, fresh or chilled for human consumption",421,"Freshwater fish, live, fresh or chilled"
NMM,[Hansarsia megalops],4,Crustaceans,46,"Krill, planktonic crustaceans",1553,Crustaceans,4,Fish and other fishing products,43,"Crustaceans, live, fresh or chilled",439,"Other crustaceans, live, fresh or chilled"
HAU,Hapuka,3,Marine fishes,34,Miscellaneous demersal fishes,1514,Demersal Marine Fish,4,Fish and other fishing products,42,"Fish live, fresh or chilled for human consumption",429,"Other fish, live, fresh or chilled"
WHA,Hapuku wreckfish,3,Marine fishes,34,Miscellaneous demersal fishes,1514,Demersal Marine Fish,4,Fish and other fishing products,42,"Fish live, fresh or chilled for human consumption",429,"Other fish, live, fresh or chilled"
PHR,Harbour porpoise,6,"Whales, seals and other aquatic mammals",62,"Sperm-whales, pilot-whales",1579,Aquatic Mammals,,,,,,
SEC,Harbour seal,6,"Whales, seals and other aquatic mammals",63,"Eared seals, hair seals, walruses",1579,Aquatic Mammals,,,,,,
MXT,Harbour spidercrab,4,Crustaceans,42,"Crabs, sea-spiders",1553,Crustaceans,4,Fish and other fishing products,43,"Crustaceans, live, fresh or chilled",431,"Crabs, live, fresh or chilled"
HCX,Hard clams NEI,5,Molluscs,56,"Clams, cockles, arkshells",1562,Molluscs excl. Cephalopods,4,Fish and other fishing products,44,"Molluscs live, fresh or chilled",445,"Clams, cockles and ark shells, live, fresh or chilled"
CSS,"Hard corals, madrepores NEI",8,Miscellaneous aquatic animal products,82,Corals,,,4,Fish and other fishing products,49,Other aquatic plants and animals,491,"Coral and similar products, shells of molluscs, crustaceans or echinoderms and cuttle-bone; live aquatic plants and animals for ornamental purpose"
AUF,Hardhead sea catfish,3,Marine fishes,33,Miscellaneous coastal fishes,1514,Demersal Marine Fish,4,Fish and other fishing products,42,"Fish live, fresh or chilled for human consumption",429,"Other fish, live, fresh or chilled"
FCW,Hardyhead silverside,3,Marine fishes,37,Miscellaneous pelagic fishes,1527,Pelagic Marine Fish,4,Fish and other fishing products,42,"Fish live, fresh or chilled for human consumption",426,"Other pelagic fish, live, fresh or chilled"
ASR,Harpoon seaweeds,9,Aquatic plants,92,Red seaweeds,1594,Aquatic Plants,4,Fish and other fishing products,49,Other aquatic plants and animals,493,"Seaweeds and other algae, fresh, frozen or dried, whether or not ground"
SEH,Harp seal,6,"Whales, seals and other aquatic mammals",63,"Eared seals, hair seals, walruses",1579,Aquatic Mammals,,,,,,
HAF,Hatchetfishes NEI,3,Marine fishes,34,Miscellaneous demersal fishes,1514,Demersal Marine Fish,4,Fish and other fishing products,42,"Fish live, fresh or chilled for human consumption",429,"Other fish, live, fresh or chilled"
EEQ,Hawaiian grouper,3,Marine fishes,33,Miscellaneous coastal fishes,1514,Demersal Marine Fish,4,Fish and other fishing products,42,"Fish live, fresh or chilled for human consumption",429,"Other fish, live, fresh or chilled"
CEW,Hawaiian ladyfish,3,Marine fishes,33,Miscellaneous coastal fishes,1514,Demersal Marine Fish,4,Fish and other fishing products,42,"Fish live, fresh or chilled for human consumption",429,"Other fish, live, fresh or chilled"
YZX,Hawkfishes NEI,3,Marine fishes,33,Miscellaneous coastal fishes,1514,Demersal Marine Fish,4,Fish and other fishing products,42,"Fish live, fresh or chilled for human consumption",429,"Other fish, live, fresh or chilled"
TTH,Hawksbill turtle,7,Miscellaneous aquatic animals,72,Turtles,1587,Aquatic Animals NEI,,,,,,
RXR,Hawk-wing conch,5,Molluscs,52,"Abalones, winkles, conchs",1562,Molluscs excl. Cephalopods,4,Fish and other fishing products,44,"Molluscs live, fresh or chilled",449,"Other molluscs, live, fresh or chilled"
HCD,Hector's dolphin,6,"Whales, seals and other aquatic mammals",62,"Sperm-whales, pilot-whales",1579,Aquatic Mammals,,,,,,
LAN,Hector's lanternfish,3,Marine fishes,34,Miscellaneous demersal fishes,1514,Demersal Marine Fish,4,Fish and other fishing products,42,"Fish live, fresh or chilled for human consumption",429,"Other fish, live, fresh or chilled"
YRH,Heller's barracuda,3,Marine fishes,37,Miscellaneous pelagic fishes,1527,Pelagic Marine Fish,4,Fish and other fishing products,42,"Fish live, fresh or chilled for human consumption",426,"Other pelagic fish, live, fresh or chilled"
XIX,Helmets shells NEI,5,Molluscs,52,"Abalones, winkles, conchs",1562,Molluscs excl. Cephalopods,4,Fish and other fishing products,44,"Molluscs live, fresh or chilled",449,"Other molluscs, live, fresh or chilled"
HBS,[Hemibates stenosoma],1,Freshwater fishes,12,Tilapias and other cichlids,1501,Freshwater and Diadromous Fish,4,Fish and other fishing products,42,"Fish live, fresh or chilled for human consumption",421,"Freshwater fish, live, fresh or chilled"
HAX,[Hemiramphus spp],3,Marine fishes,37,Miscellaneous pelagic fishes,1527,Pelagic Marine Fish,4,Fish and other fishing products,42,"Fish live, fresh or chilled for human consumption",426,"Other pelagic fish, live, fresh or chilled"
QPH,Henslow?s swimming crab,4,Crustaceans,42,"Crabs, sea-spiders",1553,Crustaceans,4,Fish and other fishing products,43,"Crustaceans, live, fresh or chilled",431,"Crabs, live, fresh or chilled"
CLP,"Herrings, sardines NEI",3,Marine fishes,35,"Herrings, sardines, anchovies",1527,Pelagic Marine Fish,4,Fish and other fishing products,42,"Fish live, fresh or chilled for human consumption",426,"Other pelagic fish, live, fresh or chilled"
WIX,Heterobranchus catfish NEI,1,Freshwater fishes,13,Miscellaneous freshwater fishes,1501,Freshwater and Diadromous Fish,4,Fish and other fishing products,42,"Fish live, fresh or chilled for human consumption",421,"Freshwater fish, live, fresh or chilled"
HVQ,[Heterocarpus grimaldii],4,Crustaceans,45,"Shrimps, prawns",1553,Crustaceans,4,Fish and other fishing products,43,"Crustaceans, live, fresh or chilled",435,"Cold-water shrimps and prawns (Pandalus spp., Crangon crangon), live, fresh or chilled"
XHC,"Hetero-Clarias catfish, hybrid",1,Freshwater fishes,13,Miscellaneous freshwater fishes,1501,Freshwater and Diadromous Fish,4,Fish and other fishing products,42,"Fish live, fresh or chilled for human consumption",421,"Freshwater fish, live, fresh or chilled"
SHH,Hickory shad,2,Diadromous fishes,24,Shads,1501,Freshwater and Diadromous Fish,4,Fish and other fishing products,42,"Fish live, fresh or chilled for human consumption",429,"Other fish, live, fresh or chilled"
MEU,Highfin king croaker,3,Marine fishes,33,Miscellaneous coastal fishes,1514,Demersal Marine Fish,4,Fish and other fishing products,42,"Fish live, fresh or chilled for human consumption",429,"Other fish, live, fresh or chilled"
MZG,Highfin lizardfish,3,Marine fishes,33,Miscellaneous coastal fishes,1514,Demersal Marine Fish,4,Fish and other fishing products,42,"Fish live, fresh or chilled for human consumption",429,"Other fish, live, fresh or chilled"
EQA,High-hat,3,Marine fishes,33,Miscellaneous coastal fishes,1514,Demersal Marine Fish,4,Fish and other fishing products,42,"Fish live, fresh or chilled for human consumption",429,"Other fish, live, fresh or chilled"
HPN,Highwaterman catfish,1,Freshwater fishes,13,Miscellaneous freshwater fishes,1501,Freshwater and Diadromous Fish,4,Fish and other fishing products,42,"Fish live, fresh or chilled for human consumption",421,"Freshwater fish, live, fresh or chilled"
HIL,Hilsa shad,2,Diadromous fishes,24,Shads,1501,Freshwater and Diadromous Fish,4,Fish and other fishing products,42,"Fish live, fresh or chilled for human consumption",429,"Other fish, live, fresh or chilled"
FQX,[Histioteuthis spp],5,Molluscs,57,"Squids, cuttlefishes, octopuses",1570,Cephalopods,4,Fish and other fishing products,44,"Molluscs live, fresh or chilled",446,"Cuttlefish and squid, live, fresh or chilled"
LCX,Hogfish,3,Marine fishes,33,Miscellaneous coastal fishes,1514,Demersal Marine Fish,4,Fish and other fishing products,42,"Fish live, fresh or chilled for human consumption",429,"Other fish, live, fresh or chilled"
DUK,Hokkai shrimp,4,Crustaceans,45,"Shrimps, prawns",1553,Crustaceans,4,Fish and other fishing products,43,"Crustaceans, live, fresh or chilled",435,"Cold-water shrimps and prawns (Pandalus spp., Crangon crangon), live, fresh or chilled"
LBS,Homarus lobsters NEI,4,Crustaceans,43,"Lobsters, spiny-rock lobsters",1553,Crustaceans,4,Fish and other fishing products,43,"Crustaceans, live, fresh or chilled",433,"Lobsters (Homarus spp.), live, fresh or chilled"
OAT,Homole crab,4,Crustaceans,42,"Crabs, sea-spiders",1553,Crustaceans,4,Fish and other fishing products,43,"Crustaceans, live, fresh or chilled",431,"Crabs, live, fresh or chilled"
OHR,[Homostolus acer],3,Marine fishes,34,Miscellaneous demersal fishes,1514,Demersal Marine Fish,4,Fish and other fishing products,42,"Fish live, fresh or chilled for human consumption",429,"Other fish, live, fresh or chilled"
NCY,Honeycomb cowfish,3,Marine fishes,33,Miscellaneous coastal fishes,1514,Demersal Marine Fish,4,Fish and other fishing products,42,"Fish live, fresh or chilled for human consumption",429,"Other fish, live, fresh or chilled"
EER,Honeycomb grouper,3,Marine fishes,33,Miscellaneous coastal fishes,1514,Demersal Marine Fish,4,Fish and other fishing products,42,"Fish live, fresh or chilled for human consumption",429,"Other fish, live, fresh or chilled"
MME,Honeycomb moray,3,Marine fishes,33,Miscellaneous coastal fishes,1514,Demersal Marine Fish,4,Fish and other fishing products,42,"Fish live, fresh or chilled for human consumption",429,"Other fish, live, fresh or chilled"
CFS,Hong Kong catfish,1,Freshwater fishes,13,Miscellaneous freshwater fishes,1501,Freshwater and Diadromous Fish,4,Fish and other fishing products,42,"Fish live, fresh or chilled for human consumption",421,"Freshwater fish, live, fresh or chilled"
EPA,Hong Kong grouper,3,Marine fishes,33,Miscellaneous coastal fishes,1514,Demersal Marine Fish,4,Fish and other fishing products,42,"Fish live, fresh or chilled for human consumption",429,"Other fish, live, fresh or chilled"
HOC,Honnibe croaker,3,Marine fishes,33,Miscellaneous coastal fishes,1514,Demersal Marine Fish,4,Fish and other fishing products,42,"Fish live, fresh or chilled for human consumption",429,"Other fish, live, fresh or chilled"
CSC,Hooded oyster,5,Molluscs,53,Oysters,1562,Molluscs excl. Cephalopods,4,Fish and other fishing products,44,"Molluscs live, fresh or chilled",442,"Oysters, live, fresh or chilled"
SEZ,Hooded seal,6,"Whales, seals and other aquatic mammals",63,"Eared seals, hair seals, walruses",1579,Aquatic Mammals,,,,,,
UHX,Hooked squids NEI,5,Molluscs,57,"Squids, cuttlefishes, octopuses",1570,Cephalopods,4,Fish and other fishing products,44,"Molluscs live, fresh or chilled",446,"Cuttlefish and squid, live, fresh or chilled"
AFT,Hooknose,3,Marine fishes,33,Miscellaneous coastal fishes,1514,Demersal Marine Fish,4,Fish and other fishing products,42,"Fish live, fresh or chilled for human consumption",429,"Other fish, live, fresh or chilled"
HOA,[Hoplias aimara],1,Freshwater fishes,13,Miscellaneous freshwater fishes,1501,Freshwater and Diadromous Fish,4,Fish and other fishing products,42,"Fish live, fresh or chilled for human consumption",421,"Freshwater fish, live, fresh or chilled"
HWM,[Hoplias microlepis],1,Freshwater fishes,13,Miscellaneous freshwater fishes,1501,Freshwater and Diadromous Fish,4,Fish and other fishing products,42,"Fish live, fresh or chilled for human consumption",421,"Freshwater fish, live, fresh or chilled"
HBX,[Hoplichthys spp],3,Marine fishes,34,Miscellaneous demersal fishes,1514,Demersal Marine Fish,4,Fish and other fishing products,42,"Fish live, fresh or chilled for human consumption",429,"Other fish, live, fresh or chilled"
OCM,Horned and musky octopuses,5,Molluscs,57,"Squids, cuttlefishes, octopuses",1570,Cephalopods,4,Fish and other fishing products,44,"Molluscs live, fresh or chilled",447,"Octopus, live, fresh or chilled"
EOI,Horned octopus,5,Molluscs,57,"Squids, cuttlefishes, octopuses",1570,Cephalopods,4,Fish and other fishing products,44,"Molluscs live, fresh or chilled",447,"Octopus, live, fresh or chilled"
TOS,Horned turban,5,Molluscs,52,"Abalones, winkles, conchs",1562,Molluscs excl. Cephalopods,4,Fish and other fishing products,44,"Molluscs live, fresh or chilled",449,"Other molluscs, live, fresh or chilled"
NYV,Hornyhead turbot,3,Marine fishes,31,"Flounders, halibuts, soles",1514,Demersal Marine Fish,4,Fish and other fishing products,42,"Fish live, fresh or chilled for human consumption",423,"Flatfish, live, fresh or chilled"
NXL,Horse-eye jack,3,Marine fishes,37,Miscellaneous pelagic fishes,1527,Pelagic Marine Fish,4,Fish and other fishing products,42,"Fish live, fresh or chilled for human consumption",426,"Other pelagic fish, live, fresh or chilled"
MOD,Horse mussels NEI,5,Molluscs,54,Mussels,1562,Molluscs excl. Cephalopods,4,Fish and other fishing products,44,"Molluscs live, fresh or chilled",443,"Mussels, live, fresh or chilled"
HSC,Horseshoe crab,7,Miscellaneous aquatic animals,75,Horseshoe crabs and other arachnoids,1587,Aquatic Animals NEI,4,Fish and other fishing products,45,"Other aquatic invertebrates, live, fresh or chilled",459,"Other aquatic invertebrates, live, fresh or chilled, n.e.c."
HOB,Hottentot seabream,3,Marine fishes,33,Miscellaneous coastal fishes,1514,Demersal Marine Fish,4,Fish and other fishing products,42,"Fish live, fresh or chilled for human consumption",429,"Other fish, live, fresh or chilled"
BTS,Hound needlefish,3,Marine fishes,37,Miscellaneous pelagic fishes,1527,Pelagic Marine Fish,4,Fish and other fishing products,42,"Fish live, fresh or chilled for human consumption",426,"Other pelagic fish, live, fresh or chilled"
TRK,"Houndsharks, smoothhounds NEI",3,Marine fishes,38,"Sharks, rays, chimaeras",1514,Demersal Marine Fish,4,Fish and other fishing products,42,"Fish live, fresh or chilled for human consumption",429,"Other fish, live, fresh or chilled"
MMC,Hourglass moray,3,Marine fishes,33,Miscellaneous coastal fishes,1514,Demersal Marine Fish,4,Fish and other fishing products,42,"Fish live, fresh or chilled for human consumption",429,"Other fish, live, fresh or chilled"
HOU,Houting,2,Diadromous fishes,23,"Salmons, trouts, smelts",1501,Freshwater and Diadromous Fish,4,Fish and other fishing products,42,"Fish live, fresh or chilled for human consumption",429,"Other fish, live, fresh or chilled"
FCH,Hoven's carp,1,Freshwater fishes,11,"Carps, barbels and other cyprinids",1501,Freshwater and Diadromous Fish,4,Fish and other fishing products,42,"Fish live, fresh or chilled for human consumption",421,"Freshwater fish, live, fresh or chilled"
HUC,Huchen,2,Diadromous fishes,23,"Salmons, trouts, smelts",1501,Freshwater and Diadromous Fish,4,Fish and other fishing products,42,"Fish live, fresh or chilled for human consumption",422,"Salmonidae, live, fresh or chilled"
MPV,Humpback grouper,3,Marine fishes,33,Miscellaneous coastal fishes,1514,Demersal Marine Fish,4,Fish and other fishing products,42,"Fish live, fresh or chilled for human consumption",429,"Other fish, live, fresh or chilled"
FIB,Humpback grunt,3,Marine fishes,33,Miscellaneous coastal fishes,1514,Demersal Marine Fish,4,Fish and other fishing products,42,"Fish live, fresh or chilled for human consumption",429,"Other fish, live, fresh or chilled"
LJG,Humpback red snapper,3,Marine fishes,33,Miscellaneous coastal fishes,1514,Demersal Marine Fish,4,Fish and other fishing products,42,"Fish live, fresh or chilled for human consumption",429,"Other fish, live, fresh or chilled"
HUW,Humpback whale,6,"Whales, seals and other aquatic mammals",61,"Blue-whales, fin-whales",1579,Aquatic Mammals,,,,,,
NOG,Humped rockcod,3,Marine fishes,33,Miscellaneous coastal fishes,1514,Demersal Marine Fish,4,Fish and other fishing products,42,"Fish live, fresh or chilled for human consumption",429,"Other fish, live, fresh or chilled"
HVM,Humphead wrasse,3,Marine fishes,33,Miscellaneous coastal fishes,1514,Demersal Marine Fish,4,Fish and other fishing products,42,"Fish live, fresh or chilled for human consumption",429,"Other fish, live, fresh or chilled"
MXG,Humpnose big-eye bream,3,Marine fishes,33,Miscellaneous coastal fishes,1514,Demersal Marine Fish,4,Fish and other fishing products,42,"Fish live, fresh or chilled for human consumption",429,"Other fish, live, fresh or chilled"
DUJ,Humpy shrimp,4,Crustaceans,45,"Shrimps, prawns",1553,Crustaceans,4,Fish and other fishing products,43,"Crustaceans, live, fresh or chilled",435,"Cold-water shrimps and prawns (Pandalus spp., Crangon crangon), live, fresh or chilled"
AXT,Hydrocorals,8,Miscellaneous aquatic animal products,82,Corals,,,4,Fish and other fishing products,49,Other aquatic plants and animals,491,"Coral and similar products, shells of molluscs, crustaceans or echinoderms and cuttle-bone; live aquatic plants and animals for ornamental purpose"
AZN,"Hydroids, hydromedusae",8,Miscellaneous aquatic animal products,82,Corals,,,4,Fish and other fishing products,49,Other aquatic plants and animals,491,"Coral and similar products, shells of molluscs, crustaceans or echinoderms and cuttle-bone; live aquatic plants and animals for ornamental purpose"
HQZ,Hydrozoans,8,Miscellaneous aquatic animal products,82,Corals,,,4,Fish and other fishing products,49,Other aquatic plants and animals,491,"Coral and similar products, shells of molluscs, crustaceans or echinoderms and cuttle-bone; live aquatic plants and animals for ornamental purpose"
HYI,[Hyporhamphus ihi],3,Marine fishes,37,Miscellaneous pelagic fishes,1527,Pelagic Marine Fish,4,Fish and other fishing products,42,"Fish live, fresh or chilled for human consumption",426,"Other pelagic fish, live, fresh or chilled"
YHX,[Hypsibarbus spp],1,Freshwater fishes,11,"Carps, barbels and other cyprinids",1501,Freshwater and Diadromous Fish,4,Fish and other fishing products,42,"Fish live, fresh or chilled for human consumption",421,"Freshwater fish, live, fresh or chilled"
HOY,Iberian nase,1,Freshwater fishes,11,"Carps, barbels and other cyprinids",1501,Freshwater and Diadromous Fish,4,Fish and other fishing products,42,"Fish live, fresh or chilled for human consumption",421,"Freshwater fish, live, fresh or chilled"
ISC,Iceland scallop,5,Molluscs,55,"Scallops, pectens",1562,Molluscs excl. Cephalopods,4,Fish and other fishing products,44,"Molluscs live, fresh or chilled",444,"Scallops, live, fresh or chilled"
ICH,[Ichthyoelephas humeralis],1,Freshwater fishes,13,Miscellaneous freshwater fishes,1501,Freshwater and Diadromous Fish,4,Fish and other fishing products,42,"Fish live, fresh or chilled for human consumption",421,"Freshwater fish, live, fresh or chilled"
IWY,[Ichthyoelephas longirostris],1,Freshwater fishes,13,Miscellaneous freshwater fishes,1501,Freshwater and Diadromous Fish,4,Fish and other fishing products,42,"Fish live, fresh or chilled for human consumption",421,"Freshwater fish, live, fresh or chilled"
IHL,[Iheringichthys labrosus],1,Freshwater fishes,13,Miscellaneous freshwater fishes,1501,Freshwater and Diadromous Fish,4,Fish and other fishing products,42,"Fish live, fresh or chilled for human consumption",421,"Freshwater fish, live, fresh or chilled"
HDV,Imperial blackfish,3,Marine fishes,34,Miscellaneous demersal fishes,1514,Demersal Marine Fish,4,Fish and other fishing products,42,"Fish live, fresh or chilled for human consumption",429,"Other fish, live, fresh or chilled"
RLI,Imperial scaldfish,3,Marine fishes,31,"Flounders, halibuts, soles",1514,Demersal Marine Fish,4,Fish and other fishing products,42,"Fish live, fresh or chilled for human consumption",423,"Flatfish, live, fresh or chilled"
HCL,Imperial surf clam,5,Molluscs,56,"Clams, cockles, arkshells",1562,Molluscs excl. Cephalopods,4,Fish and other fishing products,44,"Molluscs live, fresh or chilled",445,"Clams, cockles and ark shells, live, fresh or chilled"
OYI,Indian backwater oyster,5,Molluscs,53,Oysters,1562,Molluscs excl. Cephalopods,4,Fish and other fishing products,44,"Molluscs live, fresh or chilled",442,"Oysters, live, fresh or chilled"
DRI,Indian driftfish,3,Marine fishes,34,Miscellaneous demersal fishes,1514,Demersal Marine Fish,4,Fish and other fishing products,42,"Fish live, fresh or chilled for human consumption",429,"Other fish, live, fresh or chilled"
HAI,Indian halibut,3,Marine fishes,31,"Flounders, halibuts, soles",1514,Demersal Marine Fish,4,Fish and other fishing products,42,"Fish live, fresh or chilled for human consumption",423,"Flatfish, live, fresh or chilled"
RAG,Indian mackerel,3,Marine fishes,37,Miscellaneous pelagic fishes,1527,Pelagic Marine Fish,4,Fish and other fishing products,42,"Fish live, fresh or chilled for human consumption",426,"Other pelagic fish, live, fresh or chilled"
RAX,Indian mackerels NEI,3,Marine fishes,37,Miscellaneous pelagic fishes,1527,Pelagic Marine Fish,4,Fish and other fishing products,42,"Fish live, fresh or chilled for human consumption",426,"Other pelagic fish, live, fresh or chilled"
IOS,Indian oil sardine,3,Marine fishes,35,"Herrings, sardines, anchovies",1527,Pelagic Marine Fish,4,Fish and other fishing products,42,"Fish live, fresh or chilled for human consumption",426,"Other pelagic fish, live, fresh or chilled"
PEO,Indian pellona,2,Diadromous fishes,24,Shads,1501,Freshwater and Diadromous Fish,4,Fish and other fishing products,42,"Fish live, fresh or chilled for human consumption",429,"Other fish, live, fresh or chilled"
TUK,Indian pompano,3,Marine fishes,37,Miscellaneous pelagic fishes,1527,Pelagic Marine Fish,4,Fish and other fishing products,42,"Fish live, fresh or chilled for human consumption",426,"Other pelagic fish, live, fresh or chilled"
RUS,Indian scad,3,Marine fishes,37,Miscellaneous pelagic fishes,1527,Pelagic Marine Fish,4,Fish and other fishing products,42,"Fish live, fresh or chilled for human consumption",426,"Other pelagic fish, live, fresh or chilled"
OJD,Indian squid,5,Molluscs,57,"Squids, cuttlefishes, octopuses",1570,Cephalopods,4,Fish and other fishing products,44,"Molluscs live, fresh or chilled",446,"Cuttlefish and squid, live, fresh or chilled"
OYD,Indian threadfin,3,Marine fishes,33,Miscellaneous coastal fishes,1514,Demersal Marine Fish,4,Fish and other fishing products,42,"Fish live, fresh or chilled for human consumption",429,"Other fish, live, fresh or chilled"
LTD,Indian threadfish,3,Marine fishes,37,Miscellaneous pelagic fishes,1527,Pelagic Marine Fish,4,Fish and other fishing products,42,"Fish live, fresh or chilled for human consumption",426,"Other pelagic fish, live, fresh or chilled"
PNI,Indian white prawn,4,Crustaceans,45,"Shrimps, prawns",1553,Crustaceans,4,Fish and other fishing products,43,"Crustaceans, live, fresh or chilled",436,"Other shrimps and prawns, live, fresh or chilled"
FIS,Indonesian snakehead,1,Freshwater fishes,13,Miscellaneous freshwater fishes,1501,Freshwater and Diadromous Fish,4,Fish and other fishing products,42,"Fish live, fresh or chilled for human consumption",421,"Freshwater fish, live, fresh or chilled"
DHI,Indo-Pac. hump-backed dolphin,6,"Whales, seals and other aquatic mammals",62,"Sperm-whales, pilot-whales",1579,Aquatic Mammals,,,,,,
DBZ,Indo-Pacif. bottlenose dolphin,6,"Whales, seals and other aquatic mammals",62,"Sperm-whales, pilot-whales",1579,Aquatic Mammals,,,,,,
GUI,Indo-Pacific gurnards,3,Marine fishes,34,Miscellaneous demersal fishes,1514,Demersal Marine Fish,4,Fish and other fishing products,42,"Fish live, fresh or chilled for human consumption",429,"Other fish, live, fresh or chilled"
GUT,Indo-Pacific king mackerel,3,Marine fishes,36,"Tunas, bonitos, billfishes",1527,Pelagic Marine Fish,4,Fish and other fishing products,42,"Fish live, fresh or chilled for human consumption",426,"Other pelagic fish, live, fresh or chilled"
SFA,Indo-Pacific sailfish,3,Marine fishes,36,"Tunas, bonitos, billfishes",1527,Pelagic Marine Fish,4,Fish and other fishing products,42,"Fish live, fresh or chilled for human consumption",426,"Other pelagic fish, live, fresh or chilled"
MUD,Indo-Pacific swamp crab,4,Crustaceans,42,"Crabs, sea-spiders",1553,Crustaceans,4,Fish and other fishing products,43,"Crustaceans, live, fresh or chilled",431,"Crabs, live, fresh or chilled"
TAI,Indo-Pacific tarpon,3,Marine fishes,33,Miscellaneous coastal fishes,1514,Demersal Marine Fish,4,Fish and other fishing products,42,"Fish live, fresh or chilled for human consumption",429,"Other fish, live, fresh or chilled"
ACB,Inflated ark,5,Molluscs,56,"Clams, cockles, arkshells",1562,Molluscs excl. Cephalopods,4,Fish and other fishing products,44,"Molluscs live, fresh or chilled",445,"Clams, cockles and ark shells, live, fresh or chilled"
SYV,Inotted lizardfish,3,Marine fishes,33,Miscellaneous coastal fishes,1514,Demersal Marine Fish,4,Fish and other fishing products,42,"Fish live, fresh or chilled for human consumption",429,"Other fish, live, fresh or chilled"
DLA,Inshore sand perch,3,Marine fishes,33,Miscellaneous coastal fishes,1514,Demersal Marine Fish,4,Fish and other fishing products,42,"Fish live, fresh or chilled for human consumption",429,"Other fish, live, fresh or chilled"
SQZ,Inshore squids NEI,5,Molluscs,57,"Squids, cuttlefishes, octopuses",1570,Cephalopods,4,Fish and other fishing products,44,"Molluscs live, fresh or chilled",446,"Cuttlefish and squid, live, fresh or chilled"
APH,Intermediate scabbardfish,3,Marine fishes,34,Miscellaneous demersal fishes,1514,Demersal Marine Fish,4,Fish and other fishing products,42,"Fish live, fresh or chilled for human consumption",429,"Other fish, live, fresh or chilled"
WJP,[Iophon piceum],8,Miscellaneous aquatic animal products,83,Sponges,,,4,Fish and other fishing products,49,Other aquatic plants and animals,492,Natural sponges of aquatic animal origin
DUT,Irish mojarra,3,Marine fishes,33,Miscellaneous coastal fishes,1514,Demersal Marine Fish,4,Fish and other fishing products,42,"Fish live, fresh or chilled for human consumption",429,"Other fish, live, fresh or chilled"
IRD,Irrawaddy dolphin,6,"Whales, seals and other aquatic mammals",62,"Sperm-whales, pilot-whales",1579,Aquatic Mammals,,,,,,
MKF,Island grouper,3,Marine fishes,33,Miscellaneous coastal fishes,1514,Demersal Marine Fish,4,Fish and other fishing products,42,"Fish live, fresh or chilled for human consumption",429,"Other fish, live, fresh or chilled"
NGT,Island trevally,3,Marine fishes,37,Miscellaneous pelagic fishes,1527,Pelagic Marine Fish,4,Fish and other fishing products,42,"Fish live, fresh or chilled for human consumption",426,"Other pelagic fish, live, fresh or chilled"
PRJ,Isok barb,1,Freshwater fishes,11,"Carps, barbels and other cyprinids",1501,Freshwater and Diadromous Fish,4,Fish and other fishing products,42,"Fish live, fresh or chilled for human consumption",421,"Freshwater fish, live, fresh or chilled"
JAX,Jack and horse mackerels NEI,3,Marine fishes,37,Miscellaneous pelagic fishes,1527,Pelagic Marine Fish,4,Fish and other fishing products,42,"Fish live, fresh or chilled for human consumption",426,"Other pelagic fish, live, fresh or chilled"
EQL,Jack-knifefish,3,Marine fishes,33,Miscellaneous coastal fishes,1514,Demersal Marine Fish,4,Fish and other fishing products,42,"Fish live, fresh or chilled for human consumption",429,"Other fish, live, fresh or chilled"
JAQ,Jack-knife shrimp,4,Crustaceans,45,"Shrimps, prawns",1553,Crustaceans,4,Fish and other fishing products,43,"Crustaceans, live, fresh or chilled",436,"Other shrimps and prawns, live, fresh or chilled"
TRE,"Jacks, crevalles NEI",3,Marine fishes,37,Miscellaneous pelagic fishes,1527,Pelagic Marine Fish,4,Fish and other fishing products,42,"Fish live, fresh or chilled for human consumption",426,"Other pelagic fish, live, fresh or chilled"
CHL,Jaguar guapote,1,Freshwater fishes,12,Tilapias and other cichlids,1501,Freshwater and Diadromous Fish,4,Fish and other fishing products,42,"Fish live, fresh or chilled for human consumption",421,"Freshwater fish, live, fresh or chilled"
YNJ,Jamaica weakfish,3,Marine fishes,33,Miscellaneous coastal fishes,1514,Demersal Marine Fish,4,Fish and other fishing products,42,"Fish live, fresh or chilled for human consumption",429,"Other fish, live, fresh or chilled"
ABJ,Japanese abalone,5,Molluscs,52,"Abalones, winkles, conchs",1562,Molluscs excl. Cephalopods,4,Fish and other fishing products,44,"Molluscs live, fresh or chilled",441,"Abalone, live, fresh or chilled"
AMJ,Japanese amberjack,3,Marine fishes,37,Miscellaneous pelagic fishes,1527,Pelagic Marine Fish,4,Fish and other fishing products,42,"Fish live, fresh or chilled for human consumption",426,"Other pelagic fish, live, fresh or chilled"
JAN,Japanese anchovy,3,Marine fishes,35,"Herrings, sardines, anchovies",1527,Pelagic Marine Fish,4,Fish and other fishing products,42,"Fish live, fresh or chilled for human consumption",426,"Other pelagic fish, live, fresh or chilled"
CLJ,Japanese carpet shell,5,Molluscs,56,"Clams, cockles, arkshells",1562,Molluscs excl. Cephalopods,4,Fish and other fishing products,44,"Molluscs live, fresh or chilled",445,"Clams, cockles and ark shells, live, fresh or chilled"
CMJ,Japanese corbicula,5,Molluscs,51,Freshwater molluscs,1562,Molluscs excl. Cephalopods,4,Fish and other fishing products,44,"Molluscs live, fresh or chilled",445,"Clams, cockles and ark shells, live, fresh or chilled"
ELJ,Japanese eel,2,Diadromous fishes,22,River eels,1501,Freshwater and Diadromous Fish,4,Fish and other fishing products,42,"Fish live, fresh or chilled for human consumption",429,"Other fish, live, fresh or chilled"
IBC,Japanese fan lobster,4,Crustaceans,43,"Lobsters, spiny-rock lobsters",1553,Crustaceans,4,Fish and other fishing products,43,"Crustaceans, live, fresh or chilled",439,"Other crustaceans, live, fresh or chilled"
JFL,Japanese flyingfish,3,Marine fishes,37,Miscellaneous pelagic fishes,1527,Pelagic Marine Fish,4,Fish and other fishing products,42,"Fish live, fresh or chilled for human consumption",426,"Other pelagic fish, live, fresh or chilled"
SQJ,Japanese flying squid,5,Molluscs,57,"Squids, cuttlefishes, octopuses",1570,Cephalopods,4,Fish and other fishing products,44,"Molluscs live, fresh or chilled",446,"Cuttlefish and squid, live, fresh or chilled"
HAJ,Japanese halfbeak,3,Marine fishes,37,Miscellaneous pelagic fishes,1527,Pelagic Marine Fish,4,Fish and other fishing products,42,"Fish live, fresh or chilled for human consumption",426,"Other pelagic fish, live, fresh or chilled"
HCJ,Japanese hard clam,5,Molluscs,56,"Clams, cockles, arkshells",1562,Molluscs excl. Cephalopods,4,Fish and other fishing products,44,"Molluscs live, fresh or chilled",445,"Clams, cockles and ark shells, live, fresh or chilled"
SZM,Japanese icefish,2,Diadromous fishes,23,"Salmons, trouts, smelts",1501,Freshwater and Diadromous Fish,4,Fish and other fishing products,42,"Fish live, fresh or chilled for human consumption",429,"Other fish, live, fresh or chilled"
GDY,Japanese isinglass,9,Aquatic plants,92,Red seaweeds,1594,Aquatic Plants,4,Fish and other fishing products,49,Other aquatic plants and animals,493,"Seaweeds and other algae, fresh, frozen or dried, whether or not ground"
JJM,Japanese jack mackerel,3,Marine fishes,37,Miscellaneous pelagic fishes,1527,Pelagic Marine Fish,4,Fish and other fishing products,42,"Fish live, fresh or chilled for human consumption",426,"Other pelagic fish, live, fresh or chilled"
LNJ,Japanese kelp,9,Aquatic plants,91,Brown seaweeds,1594,Aquatic Plants,4,Fish and other fishing products,49,Other aquatic plants and animals,493,"Seaweeds and other algae, fresh, frozen or dried, whether or not ground"
RYJ,Japanese meagre,3,Marine fishes,33,Miscellaneous coastal fishes,1514,Demersal Marine Fish,4,Fish and other fishing products,42,"Fish live, fresh or chilled for human consumption",429,"Other fish, live, fresh or chilled"
JAS,Japanese sandfish,3,Marine fishes,34,Miscellaneous demersal fishes,1514,Demersal Marine Fish,4,Fish and other fishing products,42,"Fish live, fresh or chilled for human consumption",429,"Other fish, live, fresh or chilled"
JSS,Japanese sardinella,3,Marine fishes,35,"Herrings, sardines, anchovies",1527,Pelagic Marine Fish,4,Fish and other fishing products,42,"Fish live, fresh or chilled for human consumption",426,"Other pelagic fish, live, fresh or chilled"
RSA,Japanese scad,3,Marine fishes,37,Miscellaneous pelagic fishes,1527,Pelagic Marine Fish,4,Fish and other fishing products,42,"Fish live, fresh or chilled for human consumption",426,"Other pelagic fish, live, fresh or chilled"
BAJ,Japanese seabass,3,Marine fishes,33,Miscellaneous coastal fishes,1514,Demersal Marine Fish,4,Fish and other fishing products,42,"Fish live, fresh or chilled for human consumption",429,"Other fish, live, fresh or chilled"
CUJ,Japanese sea cucumber,7,Miscellaneous aquatic animals,76,Sea-urchins and other echinoderms,1587,Aquatic Animals NEI,4,Fish and other fishing products,45,"Other aquatic invertebrates, live, fresh or chilled",451,"Sea cucumbers, live, fresh or chilled"
HVJ,Japanese smelt,2,Diadromous fishes,23,"Salmons, trouts, smelts",1501,Freshwater and Diadromous Fish,4,Fish and other fishing products,42,"Fish live, fresh or chilled for human consumption",429,"Other fish, live, fresh or chilled"
NPH,Japanese Spanish mackerel,3,Marine fishes,36,"Tunas, bonitos, billfishes",1527,Pelagic Marine Fish,4,Fish and other fishing products,42,"Fish live, fresh or chilled for human consumption",426,"Other pelagic fish, live, fresh or chilled"
NUJ,Japanese spiny lobster,4,Crustaceans,43,"Lobsters, spiny-rock lobsters",1553,Crustaceans,4,Fish and other fishing products,43,"Crustaceans, live, fresh or chilled",432,"Rock lobster and other sea crawfish, live, fresh or chilled"
NNJ,Japanese threadfin bream,3,Marine fishes,33,Miscellaneous coastal fishes,1514,Demersal Marine Fish,4,Fish and other fishing products,42,"Fish live, fresh or chilled for human consumption",429,"Other fish, live, fresh or chilled"
THJ,Japanese topeshark,3,Marine fishes,38,"Sharks, rays, chimaeras",1514,Demersal Marine Fish,4,Fish and other fishing products,42,"Fish live, fresh or chilled for human consumption",429,"Other fish, live, fresh or chilled"
TJB,Jarbua terapon,3,Marine fishes,33,Miscellaneous coastal fishes,1514,Demersal Marine Fish,4,Fish and other fishing products,42,"Fish live, fresh or chilled for human consumption",429,"Other fish, live, fresh or chilled"
KAH,Javelin grunter,3,Marine fishes,33,Miscellaneous coastal fishes,1514,Demersal Marine Fish,4,Fish and other fishing products,42,"Fish live, fresh or chilled for human consumption",429,"Other fish, live, fresh or chilled"
EKN,Jawla paste shrimp,4,Crustaceans,45,"Shrimps, prawns",1553,Crustaceans,4,Fish and other fishing products,43,"Crustaceans, live, fresh or chilled",436,"Other shrimps and prawns, live, fresh or chilled"
JEL,Jellyfishes NEI,7,Miscellaneous aquatic animals,77,Miscellaneous aquatic invertebrates,1587,Aquatic Animals NEI,4,Fish and other fishing products,45,"Other aquatic invertebrates, live, fresh or chilled",453,"Jellyfish, live, fresh or chilled"
AGA,Jellynose,3,Marine fishes,37,Miscellaneous pelagic fishes,1527,Pelagic Marine Fish,4,Fish and other fishing products,42,"Fish live, fresh or chilled for human consumption",426,"Other pelagic fish, live, fresh or chilled"
HJB,Jewelfish,1,Freshwater fishes,12,Tilapias and other cichlids,1501,Freshwater and Diadromous Fish,4,Fish and other fishing products,42,"Fish live, fresh or chilled for human consumption",421,"Freshwater fish, live, fresh or chilled"
MTJ,Jinga shrimp,4,Crustaceans,45,"Shrimps, prawns",1553,Crustaceans,4,Fish and other fishing products,43,"Crustaceans, live, fresh or chilled",436,"Other shrimps and prawns, live, fresh or chilled"
LWX,Jobfishes NEI,3,Marine fishes,33,Miscellaneous coastal fishes,1514,Demersal Marine Fish,4,Fish and other fishing products,42,"Fish live, fresh or chilled for human consumption",429,"Other fish, live, fresh or chilled"
JOD,John dory,3,Marine fishes,34,Miscellaneous demersal fishes,1514,Demersal Marine Fish,4,Fish and other fishing products,42,"Fish live, fresh or chilled for human consumption",429,"Other fish, live, fresh or chilled"
LJH,John's snapper,3,Marine fishes,33,Miscellaneous coastal fishes,1514,Demersal Marine Fish,4,Fish and other fishing products,42,"Fish live, fresh or chilled for human consumption",429,"Other fish, live, fresh or chilled"
CBD,Jolthead porgy,3,Marine fishes,33,Miscellaneous coastal fishes,1514,Demersal Marine Fish,4,Fish and other fishing products,42,"Fish live, fresh or chilled for human consumption",429,"Other fish, live, fresh or chilled"
CRJ,Jonah crab,4,Crustaceans,42,"Crabs, sea-spiders",1553,Crustaceans,4,Fish and other fishing products,43,"Crustaceans, live, fresh or chilled",431,"Crabs, live, fresh or chilled"
LOF,Juan Fernandez rock lobster,4,Crustaceans,43,"Lobsters, spiny-rock lobsters",1553,Crustaceans,4,Fish and other fishing products,43,"Crustaceans, live, fresh or chilled",432,"Rock lobster and other sea crawfish, live, fresh or chilled"
GIS,Jumbo flying squid,5,Molluscs,57,"Squids, cuttlefishes, octopuses",1570,Cephalopods,4,Fish and other fishing products,44,"Molluscs live, fresh or chilled",446,"Cuttlefish and squid, live, fresh or chilled"
HED,Kafue pike,1,Freshwater fishes,13,Miscellaneous freshwater fishes,1501,Freshwater and Diadromous Fish,4,Fish and other fishing products,42,"Fish live, fresh or chilled for human consumption",421,"Freshwater fish, live, fresh or chilled"
KAF,Kamchatka flounder,3,Marine fishes,31,"Flounders, halibuts, soles",1514,Demersal Marine Fish,4,Fish and other fishing products,42,"Fish live, fresh or chilled for human consumption",423,"Flatfish, live, fresh or chilled"
CWC,Karanteen seabream,3,Marine fishes,33,Miscellaneous coastal fishes,1514,Demersal Marine Fish,4,Fish and other fishing products,42,"Fish live, fresh or chilled for human consumption",429,"Other fish, live, fresh or chilled"
OHO,Kariba tilapia,1,Freshwater fishes,12,Tilapias and other cichlids,1501,Freshwater and Diadromous Fish,4,Fish and other fishing products,42,"Fish live, fresh or chilled for human consumption",421,"Freshwater fish, live, fresh or chilled"
SSK,Kaup's arrowtooth eel,3,Marine fishes,34,Miscellaneous demersal fishes,1514,Demersal Marine Fish,4,Fish and other fishing products,42,"Fish live, fresh or chilled for human consumption",429,"Other fish, live, fresh or chilled"
KAW,Kawakawa,3,Marine fishes,36,"Tunas, bonitos, billfishes",1527,Pelagic Marine Fish,4,Fish and other fishing products,42,"Fish live, fresh or chilled for human consumption",426,"Other pelagic fish, live, fresh or chilled"
HIX,Kelee shad,2,Diadromous fishes,24,Shads,1501,Freshwater and Diadromous Fish,4,Fish and other fishing products,42,"Fish live, fresh or chilled for human consumption",429,"Other fish, live, fresh or chilled"
HXQ,Kelp greenling,3,Marine fishes,33,Miscellaneous coastal fishes,1514,Demersal Marine Fish,4,Fish and other fishing products,42,"Fish live, fresh or chilled for human consumption",429,"Other fish, live, fresh or chilled"
LAZ,Kelps NEI,9,Aquatic plants,91,Brown seaweeds,1594,Aquatic Plants,4,Fish and other fishing products,49,Other aquatic plants and animals,493,"Seaweeds and other algae, fresh, frozen or dried, whether or not ground"
BYR,Kerguelen sandpaper skate,3,Marine fishes,38,"Sharks, rays, chimaeras",1514,Demersal Marine Fish,4,Fish and other fishing products,42,"Fish live, fresh or chilled for human consumption",429,"Other fish, live, fresh or chilled"
BCR,Kibonde,1,Freshwater fishes,13,Miscellaneous freshwater fishes,1501,Freshwater and Diadromous Fish,4,Fish and other fishing products,42,"Fish live, fresh or chilled for human consumption",421,"Freshwater fish, live, fresh or chilled"
KIW,Killer whale,6,"Whales, seals and other aquatic mammals",62,"Sperm-whales, pilot-whales",1579,Aquatic Mammals,,,,,,
KCS,King crabs,4,Crustaceans,44,"King crabs, squat-lobsters",1553,Crustaceans,4,Fish and other fishing products,43,"Crustaceans, live, fresh or chilled",439,"Other crustaceans, live, fresh or chilled"
KCZ,King crabs NEI,4,Crustaceans,44,"King crabs, squat-lobsters",1553,Crustaceans,4,Fish and other fishing products,43,"Crustaceans, live, fresh or chilled",439,"Other crustaceans, live, fresh or chilled"
KCX,"King crabs, stone crabs NEI",4,Crustaceans,44,"King crabs, squat-lobsters",1553,Crustaceans,4,Fish and other fishing products,43,"Crustaceans, live, fresh or chilled",439,"Other crustaceans, live, fresh or chilled"
KIX,Kingcroakers NEI,3,Marine fishes,33,Miscellaneous coastal fishes,1514,Demersal Marine Fish,4,Fish and other fishing products,42,"Fish live, fresh or chilled for human consumption",429,"Other fish, live, fresh or chilled"
ZCT,King dory,3,Marine fishes,34,Miscellaneous demersal fishes,1514,Demersal Marine Fish,4,Fish and other fishing products,42,"Fish live, fresh or chilled for human consumption",429,"Other fish, live, fresh or chilled"
KCP,Kingklip,3,Marine fishes,34,Miscellaneous demersal fishes,1514,Demersal Marine Fish,4,Fish and other fishing products,42,"Fish live, fresh or chilled for human consumption",429,"Other fish, live, fresh or chilled"
KGM,King mackerel,3,Marine fishes,36,"Tunas, bonitos, billfishes",1527,Pelagic Marine Fish,4,Fish and other fishing products,42,"Fish live, fresh or chilled for human consumption",426,"Other pelagic fish, live, fresh or chilled"
REL,King of herrings,3,Marine fishes,37,Miscellaneous pelagic fishes,1527,Pelagic Marine Fish,4,Fish and other fishing products,42,"Fish live, fresh or chilled for human consumption",426,"Other pelagic fish, live, fresh or chilled"
KBR,King soldier bream,3,Marine fishes,33,Miscellaneous coastal fishes,1514,Demersal Marine Fish,4,Fish and other fishing products,42,"Fish live, fresh or chilled for human consumption",429,"Other fish, live, fresh or chilled"
WKK,King weakfish,3,Marine fishes,33,Miscellaneous coastal fishes,1514,Demersal Marine Fish,4,Fish and other fishing products,42,"Fish live, fresh or chilled for human consumption",429,"Other fish, live, fresh or chilled"
AHT,Kinneret bleak,1,Freshwater fishes,11,"Carps, barbels and other cyprinids",1501,Freshwater and Diadromous Fish,4,Fish and other fishing products,42,"Fish live, fresh or chilled for human consumption",421,"Freshwater fish, live, fresh or chilled"
FGO,Kissing gourami,1,Freshwater fishes,13,Miscellaneous freshwater fishes,1501,Freshwater and Diadromous Fish,4,Fish and other fishing products,42,"Fish live, fresh or chilled for human consumption",421,"Freshwater fish, live, fresh or chilled"
SKI,Kissing prochilodus,1,Freshwater fishes,13,Miscellaneous freshwater fishes,1501,Freshwater and Diadromous Fish,4,Fish and other fishing products,42,"Fish live, fresh or chilled for human consumption",421,"Freshwater fish, live, fresh or chilled"
SCK,Kitefin shark,3,Marine fishes,38,"Sharks, rays, chimaeras",1514,Demersal Marine Fish,4,Fish and other fishing products,42,"Fish live, fresh or chilled for human consumption",429,"Other fish, live, fresh or chilled"
KSY,Klein's sole,3,Marine fishes,31,"Flounders, halibuts, soles",1514,Demersal Marine Fish,4,Fish and other fishing products,42,"Fish live, fresh or chilled for human consumption",423,"Flatfish, live, fresh or chilled"
LZK,Klunzinger's mullet,3,Marine fishes,33,Miscellaneous coastal fishes,1514,Demersal Marine Fish,4,Fish and other fishing products,42,"Fish live, fresh or chilled for human consumption",429,"Other fish, live, fresh or chilled"
FKN,Knifefishes,1,Freshwater fishes,13,Miscellaneous freshwater fishes,1501,Freshwater and Diadromous Fish,4,Fish and other fishing products,42,"Fish live, fresh or chilled for human consumption",421,"Freshwater fish, live, fresh or chilled"
KNS,Knife shrimp,4,Crustaceans,45,"Shrimps, prawns",1553,Crustaceans,4,Fish and other fishing products,43,"Crustaceans, live, fresh or chilled",436,"Other shrimps and prawns, live, fresh or chilled"
SYR,Knifetooth dogfish,3,Marine fishes,38,"Sharks, rays, chimaeras",1514,Demersal Marine Fish,4,Fish and other fishing products,42,"Fish live, fresh or chilled for human consumption",429,"Other fish, live, fresh or chilled"
KRJ,Knobbed triton,5,Molluscs,52,"Abalones, winkles, conchs",1562,Molluscs excl. Cephalopods,4,Fish and other fishing products,44,"Molluscs live, fresh or chilled",449,"Other molluscs, live, fresh or chilled"
WJT,Knobbed whelk,5,Molluscs,52,"Abalones, winkles, conchs",1562,Molluscs excl. Cephalopods,4,Fish and other fishing products,44,"Molluscs live, fresh or chilled",449,"Other molluscs, live, fresh or chilled"
MQL,Knobby swimcrab,4,Crustaceans,42,"Crabs, sea-spiders",1553,Crustaceans,4,Fish and other fishing products,43,"Crustaceans, live, fresh or chilled",431,"Crabs, live, fresh or chilled"
MBF,Knout goby,3,Marine fishes,33,Miscellaneous coastal fishes,1514,Demersal Marine Fish,4,Fish and other fishing products,42,"Fish live, fresh or chilled for human consumption",429,"Other fish, live, fresh or chilled"
SOK,Kolibri shrimp,4,Crustaceans,45,"Shrimps, prawns",1553,Crustaceans,4,Fish and other fishing products,43,"Crustaceans, live, fresh or chilled",436,"Other shrimps and prawns, live, fresh or chilled"
MUK,Korean mussel,5,Molluscs,54,Mussels,1562,Molluscs excl. Cephalopods,4,Fish and other fishing products,44,"Molluscs live, fresh or chilled",443,"Mussels, live, fresh or chilled"
SFL,Korean rockfish,3,Marine fishes,34,Miscellaneous demersal fishes,1514,Demersal Marine Fish,4,Fish and other fishing products,42,"Fish live, fresh or chilled for human consumption",429,"Other fish, live, fresh or chilled"
KLA,Korean sandlance,3,Marine fishes,33,Miscellaneous coastal fishes,1514,Demersal Marine Fish,4,Fish and other fishing products,42,"Fish live, fresh or chilled for human consumption",429,"Other fish, live, fresh or chilled"
CBO,Kroyer's deep-sea angler fish,3,Marine fishes,34,Miscellaneous demersal fishes,1514,Demersal Marine Fish,4,Fish and other fishing products,42,"Fish live, fresh or chilled for human consumption",429,"Other fish, live, fresh or chilled"
BPF,Kumakuma,1,Freshwater fishes,13,Miscellaneous freshwater fishes,1501,Freshwater and Diadromous Fish,4,Fish and other fishing products,42,"Fish live, fresh or chilled for human consumption",421,"Freshwater fish, live, fresh or chilled"
LBI,Kuria labeo,1,Freshwater fishes,11,"Carps, barbels and other cyprinids",1501,Freshwater and Diadromous Fish,4,Fish and other fishing products,42,"Fish live, fresh or chilled for human consumption",421,"Freshwater fish, live, fresh or chilled"
KUP,Kuruma prawn,4,Crustaceans,45,"Shrimps, prawns",1553,Crustaceans,4,Fish and other fishing products,43,"Crustaceans, live, fresh or chilled",436,"Other shrimps and prawns, live, fresh or chilled"
RFR,Kutum,1,Freshwater fishes,11,"Carps, barbels and other cyprinids",1501,Freshwater and Diadromous Fish,4,Fish and other fishing products,42,"Fish live, fresh or chilled for human consumption",421,"Freshwater fish, live, fresh or chilled"
LBB,[Labeo bata],1,Freshwater fishes,11,"Carps, barbels and other cyprinids",1501,Freshwater and Diadromous Fish,4,Fish and other fishing products,42,"Fish live, fresh or chilled for human consumption",421,"Freshwater fish, live, fresh or chilled"
LBM,[Labeo dussumieri],1,Freshwater fishes,11,"Carps, barbels and other cyprinids",1501,Freshwater and Diadromous Fish,4,Fish and other fishing products,42,"Fish live, fresh or chilled for human consumption",421,"Freshwater fish, live, fresh or chilled"
LOL,[Labeo niloticus],1,Freshwater fishes,11,"Carps, barbels and other cyprinids",1501,Freshwater and Diadromous Fish,4,Fish and other fishing products,42,"Fish live, fresh or chilled for human consumption",421,"Freshwater fish, live, fresh or chilled"
LOD,[Labeo sindensis],1,Freshwater fishes,11,"Carps, barbels and other cyprinids",1501,Freshwater and Diadromous Fish,4,Fish and other fishing products,42,"Fish live, fresh or chilled for human consumption",421,"Freshwater fish, live, fresh or chilled"
WRX,Labrus wrasses NEI,3,Marine fishes,33,Miscellaneous coastal fishes,1514,Demersal Marine Fish,4,Fish and other fishing products,42,"Fish live, fresh or chilled for human consumption",429,"Other fish, live, fresh or chilled"
UVP,Lacy sea lettuce,9,Aquatic plants,93,Green seaweeds,1594,Aquatic Plants,4,Fish and other fishing products,49,Other aquatic plants and animals,493,"Seaweeds and other algae, fresh, frozen or dried, whether or not ground"
LAD,Ladyfish,3,Marine fishes,33,Miscellaneous coastal fishes,1514,Demersal Marine Fish,4,Fish and other fishing products,42,"Fish live, fresh or chilled for human consumption",429,"Other fish, live, fresh or chilled"
JZX,Ladyfishes NEI,3,Marine fishes,33,Miscellaneous coastal fishes,1514,Demersal Marine Fish,4,Fish and other fishing products,42,"Fish live, fresh or chilled for human consumption",429,"Other fish, live, fresh or chilled"
LFX,[Lagocephalus spp],3,Marine fishes,33,Miscellaneous coastal fishes,1514,Demersal Marine Fish,4,Fish and other fishing products,42,"Fish live, fresh or chilled for human consumption",429,"Other fish, live, fresh or chilled"
CIS,Lake cisco,2,Diadromous fishes,23,"Salmons, trouts, smelts",1501,Freshwater and Diadromous Fish,4,Fish and other fishing products,42,"Fish live, fresh or chilled for human consumption",429,"Other fish, live, fresh or chilled"
WHL,Lake(=Common) whitefish,2,Diadromous fishes,23,"Salmons, trouts, smelts",1501,Freshwater and Diadromous Fish,4,Fish and other fishing products,42,"Fish live, fresh or chilled for human consumption",429,"Other fish, live, fresh or chilled"
ENL,Lake Malawi sardine,1,Freshwater fishes,11,"Carps, barbels and other cyprinids",1501,Freshwater and Diadromous Fish,4,Fish and other fishing products,42,"Fish live, fresh or chilled for human consumption",421,"Freshwater fish, live, fresh or chilled"
OVZ,Lake Malawi utaka,1,Freshwater fishes,12,Tilapias and other cichlids,1501,Freshwater and Diadromous Fish,4,Fish and other fishing products,42,"Fish live, fresh or chilled for human consumption",421,"Freshwater fish, live, fresh or chilled"
PMW,Lake prawn,4,Crustaceans,41,Freshwater crustaceans,1553,Crustaceans,4,Fish and other fishing products,43,"Crustaceans, live, fresh or chilled",436,"Other shrimps and prawns, live, fresh or chilled"
LTM,Lake Tanganyika sardine,1,Freshwater fishes,13,Miscellaneous freshwater fishes,1501,Freshwater and Diadromous Fish,4,Fish and other fishing products,42,"Fish live, fresh or chilled for human consumption",421,"Freshwater fish, live, fresh or chilled"
SIA,Lake Tanganyika sprat,1,Freshwater fishes,13,Miscellaneous freshwater fishes,1501,Freshwater and Diadromous Fish,4,Fish and other fishing products,42,"Fish live, fresh or chilled for human consumption",421,"Freshwater fish, live, fresh or chilled"
LAT,Lake trout(=Char),2,Diadromous fishes,23,"Salmons, trouts, smelts",1501,Freshwater and Diadromous Fish,4,Fish and other fishing products,42,"Fish live, fresh or chilled for human consumption",422,"Salmonidae, live, fresh or chilled"
ONK,Lamarck's razor shell,5,Molluscs,56,"Clams, cockles, arkshells",1562,Molluscs excl. Cephalopods,4,Fish and other fishing products,44,"Molluscs live, fresh or chilled",445,"Clams, cockles and ark shells, live, fresh or chilled"
LAS,Lampreys NEI,2,Diadromous fishes,25,Miscellaneous diadromous fishes,1501,Freshwater and Diadromous Fish,4,Fish and other fishing products,42,"Fish live, fresh or chilled for human consumption",429,"Other fish, live, fresh or chilled"
ALI,Lancetfishes NEI,3,Marine fishes,33,Miscellaneous coastal fishes,1514,Demersal Marine Fish,4,Fish and other fishing products,42,"Fish live, fresh or chilled for human consumption",429,"Other fish, live, fresh or chilled"
SNL,Lane snapper,3,Marine fishes,33,Miscellaneous coastal fishes,1514,Demersal Marine Fish,4,Fish and other fishing products,42,"Fish live, fresh or chilled for human consumption",429,"Other fish, live, fresh or chilled"
LAC,Lantern fish,3,Marine fishes,34,Miscellaneous demersal fishes,1514,Demersal Marine Fish,4,Fish and other fishing products,42,"Fish live, fresh or chilled for human consumption",429,"Other fish, live, fresh or chilled"
LXX,Lanternfishes NEI,3,Marine fishes,34,Miscellaneous demersal fishes,1514,Demersal Marine Fish,4,Fish and other fishing products,42,"Fish live, fresh or chilled for human consumption",429,"Other fish, live, fresh or chilled"
SHL,Lanternsharks NEI,3,Marine fishes,38,"Sharks, rays, chimaeras",1514,Demersal Marine Fish,4,Fish and other fishing products,42,"Fish live, fresh or chilled for human consumption",429,"Other fish, live, fresh or chilled"
SST,Larga seal,6,"Whales, seals and other aquatic mammals",63,"Eared seals, hair seals, walruses",1579,Aquatic Mammals,,,,,,
LBR,Largeeye breams,3,Marine fishes,33,Miscellaneous coastal fishes,1514,Demersal Marine Fish,4,Fish and other fishing products,42,"Fish live, fresh or chilled for human consumption",429,"Other fish, live, fresh or chilled"
DEL,Large-eye dentex,3,Marine fishes,33,Miscellaneous coastal fishes,1514,Demersal Marine Fish,4,Fish and other fishing products,42,"Fish live, fresh or chilled for human consumption",429,"Other fish, live, fresh or chilled"
CYH,Large-eyed rabbitfish,3,Marine fishes,38,"Sharks, rays, chimaeras",1514,Demersal Marine Fish,4,Fish and other fishing products,42,"Fish live, fresh or chilled for human consumption",429,"Other fish, live, fresh or chilled"
LHT,Largehead hairtail,3,Marine fishes,34,Miscellaneous demersal fishes,1514,Demersal Marine Fish,4,Fish and other fishing products,42,"Fish live, fresh or chilled for human consumption",429,"Other fish, live, fresh or chilled"
MPS,Largemouth black bass,1,Freshwater fishes,13,Miscellaneous freshwater fishes,1501,Freshwater and Diadromous Fish,4,Fish and other fishing products,42,"Fish live, fresh or chilled for human consumption",421,"Freshwater fish, live, fresh or chilled"
LDV,Large-scaled gurnard,3,Marine fishes,34,Miscellaneous demersal fishes,1514,Demersal Marine Fish,4,Fish and other fishing products,42,"Fish live, fresh or chilled for human consumption",429,"Other fish, live, fresh or chilled"
TEH,Largescaled terapon,3,Marine fishes,33,Miscellaneous coastal fishes,1514,Demersal Marine Fish,4,Fish and other fishing products,42,"Fish live, fresh or chilled for human consumption",429,"Other fish, live, fresh or chilled"
NHR,Largescale triggerfish,3,Marine fishes,33,Miscellaneous coastal fishes,1514,Demersal Marine Fish,4,Fish and other fishing products,42,"Fish live, fresh or chilled for human consumption",429,"Other fish, live, fresh or chilled"
YSM,Largespine velvet dogfish,3,Marine fishes,38,"Sharks, rays, chimaeras",1514,Demersal Marine Fish,4,Fish and other fishing products,42,"Fish live, fresh or chilled for human consumption",429,"Other fish, live, fresh or chilled"
UHA,Largetooth flounder,3,Marine fishes,31,"Flounders, halibuts, soles",1514,Demersal Marine Fish,4,Fish and other fishing products,42,"Fish live, fresh or chilled for human consumption",423,"Flatfish, live, fresh or chilled"
IPF,Large-tooth flounders,3,Marine fishes,31,"Flounders, halibuts, soles",1514,Demersal Marine Fish,4,Fish and other fishing products,42,"Fish live, fresh or chilled for human consumption",423,"Flatfish, live, fresh or chilled"
MQO,Large trough shell,5,Molluscs,56,"Clams, cockles, arkshells",1562,Molluscs excl. Cephalopods,4,Fish and other fishing products,44,"Molluscs live, fresh or chilled",445,"Clams, cockles and ark shells, live, fresh or chilled"
LYC,Large yellow croaker,3,Marine fishes,33,Miscellaneous coastal fishes,1514,Demersal Marine Fish,4,Fish and other fishing products,42,"Fish live, fresh or chilled for human consumption",429,"Other fish, live, fresh or chilled"
LXM,[Larimus spp],3,Marine fishes,33,Miscellaneous coastal fishes,1514,Demersal Marine Fish,4,Fish and other fishing products,42,"Fish live, fresh or chilled for human consumption",429,"Other fish, live, fresh or chilled"
BEG,Latchet(=Sharpbeak gurnard),3,Marine fishes,34,Miscellaneous demersal fishes,1514,Demersal Marine Fish,4,Fish and other fishing products,42,"Fish live, fresh or chilled for human consumption",429,"Other fish, live, fresh or chilled"
BPT,Laulao catfish,1,Freshwater fishes,13,Miscellaneous freshwater fishes,1501,Freshwater and Diadromous Fish,4,Fish and other fishing products,42,"Fish live, fresh or chilled for human consumption",421,"Freshwater fish, live, fresh or chilled"
LRB,Lavender jobfish,3,Marine fishes,33,Miscellaneous coastal fishes,1514,Demersal Marine Fish,4,Fish and other fishing products,42,"Fish live, fresh or chilled for human consumption",429,"Other fish, live, fresh or chilled"
PRT,Laver (Nori),9,Aquatic plants,92,Red seaweeds,1594,Aquatic Plants,4,Fish and other fishing products,49,Other aquatic plants and animals,493,"Seaweeds and other algae, fresh, frozen or dried, whether or not ground"
CKL,Law croaker,3,Marine fishes,33,Miscellaneous coastal fishes,1514,Demersal Marine Fish,4,Fish and other fishing products,42,"Fish live, fresh or chilled for human consumption",429,"Other fish, live, fresh or chilled"
GUQ,Leafscale gulper shark,3,Marine fishes,38,"Sharks, rays, chimaeras",1514,Demersal Marine Fish,4,Fish and other fishing products,42,"Fish live, fresh or chilled for human consumption",429,"Other fish, live, fresh or chilled"
MUO,Leaping African mullet,3,Marine fishes,33,Miscellaneous coastal fishes,1514,Demersal Marine Fish,4,Fish and other fishing products,42,"Fish live, fresh or chilled for human consumption",429,"Other fish, live, fresh or chilled"
LZS,Leaping mullet,3,Marine fishes,33,Miscellaneous coastal fishes,1514,Demersal Marine Fish,4,Fish and other fishing products,42,"Fish live, fresh or chilled for human consumption",429,"Other fish, live, fresh or chilled"
GKA,Leather gracilaria,9,Aquatic plants,92,Red seaweeds,1594,Aquatic Plants,4,Fish and other fishing products,49,Other aquatic plants and animals,493,"Seaweeds and other algae, fresh, frozen or dried, whether or not ground"
OLI,Leatherjacket,3,Marine fishes,37,Miscellaneous pelagic fishes,1527,Pelagic Marine Fish,4,Fish and other fishing products,42,"Fish live, fresh or chilled for human consumption",426,"Other pelagic fish, live, fresh or chilled"
OXQ,Leatherjackets NEI,3,Marine fishes,37,Miscellaneous pelagic fishes,1527,Pelagic Marine Fish,4,Fish and other fishing products,42,"Fish live, fresh or chilled for human consumption",426,"Other pelagic fish, live, fresh or chilled"
MUB,Lebranche mullet,3,Marine fishes,33,Miscellaneous coastal fishes,1514,Demersal Marine Fish,4,Fish and other fishing products,42,"Fish live, fresh or chilled for human consumption",429,"Other fish, live, fresh or chilled"
LEE,Leerfish,3,Marine fishes,37,Miscellaneous pelagic fishes,1527,Pelagic Marine Fish,4,Fish and other fishing products,42,"Fish live, fresh or chilled for human consumption",426,"Other pelagic fish, live, fresh or chilled"
LEF,Lefteye flounders NEI,3,Marine fishes,31,"Flounders, halibuts, soles",1514,Demersal Marine Fish,4,Fish and other fishing products,42,"Fish live, fresh or chilled for human consumption",423,"Flatfish, live, fresh or chilled"
SBQ,Leister,9,Aquatic plants,92,Red seaweeds,1594,Aquatic Plants,4,Fish and other fishing products,49,Other aquatic plants and animals,493,"Seaweeds and other algae, fresh, frozen or dried, whether or not ground"
BZK,Lemoneye grunt,3,Marine fishes,33,Miscellaneous coastal fishes,1514,Demersal Marine Fish,4,Fish and other fishing products,42,"Fish live, fresh or chilled for human consumption",429,"Other fish, live, fresh or chilled"
PFV,Lemonfish,3,Marine fishes,33,Miscellaneous coastal fishes,1514,Demersal Marine Fish,4,Fish and other fishing products,42,"Fish live, fresh or chilled for human consumption",429,"Other fish, live, fresh or chilled"
NGB,Lemon shark,3,Marine fishes,38,"Sharks, rays, chimaeras",1514,Demersal Marine Fish,4,Fish and other fishing products,42,"Fish live, fresh or chilled for human consumption",429,"Other fish, live, fresh or chilled"
LEM,Lemon sole,3,Marine fishes,31,"Flounders, halibuts, soles",1514,Demersal Marine Fish,4,Fish and other fishing products,42,"Fish live, fresh or chilled for human consumption",423,"Flatfish, live, fresh or chilled"
EMO,Leopard coralgrouper,3,Marine fishes,33,Miscellaneous coastal fishes,1514,Demersal Marine Fish,4,Fish and other fishing products,42,"Fish live, fresh or chilled for human consumption",429,"Other fish, live, fresh or chilled"
KUW,Leopard fish,7,Miscellaneous aquatic animals,76,Sea-urchins and other echinoderms,1587,Aquatic Animals NEI,4,Fish and other fishing products,45,"Other aquatic invertebrates, live, fresh or chilled",451,"Sea cucumbers, live, fresh or chilled"
OUN,Leopard flounder,3,Marine fishes,31,"Flounders, halibuts, soles",1514,Demersal Marine Fish,4,Fish and other fishing products,42,"Fish live, fresh or chilled for human consumption",423,"Flatfish, live, fresh or chilled"
SLP,Leopard seal,6,"Whales, seals and other aquatic mammals",63,"Eared seals, hair seals, walruses",1579,Aquatic Mammals,,,,,,
LES,Leopard shark,3,Marine fishes,38,"Sharks, rays, chimaeras",1514,Demersal Marine Fish,4,Fish and other fishing products,42,"Fish live, fresh or chilled for human consumption",429,"Other fish, live, fresh or chilled"
JFV,Leopard skate,3,Marine fishes,38,"Sharks, rays, chimaeras",1514,Demersal Marine Fish,4,Fish and other fishing products,42,"Fish live, fresh or chilled for human consumption",429,"Other fish, live, fresh or chilled"
LKD,Lepadidae barnacles NEI,4,Crustaceans,47,Miscellaneous marine crustaceans,1553,Crustaceans,4,Fish and other fishing products,43,"Crustaceans, live, fresh or chilled",439,"Other crustaceans, live, fresh or chilled"
LEV,Lepidion codlings NEI,3,Marine fishes,32,"Cods, hakes, haddocks",1514,Demersal Marine Fish,4,Fish and other fishing products,42,"Fish live, fresh or chilled for human consumption",424,"Fish of Gadiformes, live, fresh or chilled"
LPU,[Leporellus vittatus],1,Freshwater fishes,13,Miscellaneous freshwater fishes,1501,Freshwater and Diadromous Fish,4,Fish and other fishing products,42,"Fish live, fresh or chilled for human consumption",421,"Freshwater fish, live, fresh or chilled"
LXZ,[Leporinus spp],1,Freshwater fishes,13,Miscellaneous freshwater fishes,1501,Freshwater and Diadromous Fish,4,Fish and other fishing products,42,"Fish live, fresh or chilled for human consumption",421,"Freshwater fish, live, fresh or chilled"
GAL,Lesser African threadfin,3,Marine fishes,33,Miscellaneous coastal fishes,1514,Demersal Marine Fish,4,Fish and other fishing products,42,"Fish live, fresh or chilled for human consumption",429,"Other fish, live, fresh or chilled"
RLF,Lesser amberjack,3,Marine fishes,37,Miscellaneous pelagic fishes,1527,Pelagic Marine Fish,4,Fish and other fishing products,42,"Fish live, fresh or chilled for human consumption",426,"Other pelagic fish, live, fresh or chilled"
TDQ,Lesser flying squid,5,Molluscs,57,"Squids, cuttlefishes, octopuses",1570,Cephalopods,4,Fish and other fishing products,44,"Molluscs live, fresh or chilled",446,"Cuttlefish and squid, live, fresh or chilled"
SCY,Lesser slipper lobster,4,Crustaceans,43,"Lobsters, spiny-rock lobsters",1553,Crustaceans,4,Fish and other fishing products,43,"Crustaceans, live, fresh or chilled",439,"Other crustaceans, live, fresh or chilled"
TOZ,Lesser weever,3,Marine fishes,33,Miscellaneous coastal fishes,1514,Demersal Marine Fish,4,Fish and other fishing products,42,"Fish live, fresh or chilled for human consumption",429,"Other fish, live, fresh or chilled"
EOZ,[Lessonia spp],9,Aquatic plants,91,Brown seaweeds,1594,Aquatic Plants,4,Fish and other fishing products,49,Other aquatic plants and animals,493,"Seaweeds and other algae, fresh, frozen or dried, whether or not ground"
LJZ,[Lessonia trabeculata],9,Aquatic plants,91,Brown seaweeds,1594,Aquatic Plants,4,Fish and other fishing products,49,Other aquatic plants and animals,493,"Seaweeds and other algae, fresh, frozen or dried, whether or not ground"
LDA,[Lestidiops affinis],3,Marine fishes,34,Miscellaneous demersal fishes,1514,Demersal Marine Fish,4,Fish and other fishing products,42,"Fish live, fresh or chilled for human consumption",429,"Other fish, live, fresh or chilled"
LZX,[Lethrinus spp],3,Marine fishes,33,Miscellaneous coastal fishes,1514,Demersal Marine Fish,4,Fish and other fishing products,42,"Fish live, fresh or chilled for human consumption",429,"Other fish, live, fresh or chilled"
OGL,Liechtenstein's goby,3,Marine fishes,33,Miscellaneous coastal fishes,1514,Demersal Marine Fish,4,Fish and other fishing products,42,"Fish live, fresh or chilled for human consumption",429,"Other fish, live, fresh or chilled"
WKO,Lightning whelk,5,Molluscs,52,"Abalones, winkles, conchs",1562,Molluscs excl. Cephalopods,4,Fish and other fishing products,44,"Molluscs live, fresh or chilled",449,"Other molluscs, live, fresh or chilled"
OQD,Lilliput longarm octopus,5,Molluscs,57,"Squids, cuttlefishes, octopuses",1570,Cephalopods,4,Fish and other fishing products,44,"Molluscs live, fresh or chilled",447,"Octopus, live, fresh or chilled"
YEX,Limandas NEI,3,Marine fishes,31,"Flounders, halibuts, soles",1514,Demersal Marine Fish,4,Fish and other fishing products,42,"Fish live, fresh or chilled for human consumption",423,"Flatfish, live, fresh or chilled"
DSG,[Limaria hians],5,Molluscs,55,"Scallops, pectens",1562,Molluscs excl. Cephalopods,4,Fish and other fishing products,44,"Molluscs live, fresh or chilled",449,"Other molluscs, live, fresh or chilled"
ULX,[Limnospira maxima],9,Aquatic plants,94,Miscellaneous aquatic plants,1594,Aquatic Plants,4,Fish and other fishing products,49,Other aquatic plants and animals,493,"Seaweeds and other algae, fresh, frozen or dried, whether or not ground"
LNR,[Limnotilapia dardennii],1,Freshwater fishes,12,Tilapias and other cichlids,1501,Freshwater and Diadromous Fish,4,Fish and other fishing products,42,"Fish live, fresh or chilled for human consumption",421,"Freshwater fish, live, fresh or chilled"
QTV,Limpet,5,Molluscs,52,"Abalones, winkles, conchs",1562,Molluscs excl. Cephalopods,4,Fish and other fishing products,44,"Molluscs live, fresh or chilled",449,"Other molluscs, live, fresh or chilled"
LPZ,Limpets NEI,5,Molluscs,52,"Abalones, winkles, conchs",1562,Molluscs excl. Cephalopods,4,Fish and other fishing products,44,"Molluscs live, fresh or chilled",449,"Other molluscs, live, fresh or chilled"
LIN,Ling,3,Marine fishes,32,"Cods, hakes, haddocks",1514,Demersal Marine Fish,4,Fish and other fishing products,42,"Fish live, fresh or chilled for human consumption",424,"Fish of Gadiformes, live, fresh or chilled"
CLI,Lingcod,3,Marine fishes,33,Miscellaneous coastal fishes,1514,Demersal Marine Fish,4,Fish and other fishing products,42,"Fish live, fresh or chilled for human consumption",429,"Other fish, live, fresh or chilled"
LNZ,Lings NEI,3,Marine fishes,32,"Cods, hakes, haddocks",1514,Demersal Marine Fish,4,Fish and other fishing products,42,"Fish live, fresh or chilled for human consumption",424,"Fish of Gadiformes, live, fresh or chilled"
YRD,Lion's paw,5,Molluscs,55,"Scallops, pectens",1562,Molluscs excl. Cephalopods,4,Fish and other fishing products,44,"Molluscs live, fresh or chilled",444,"Scallops, live, fresh or chilled"
CPU,Little gulper shark,3,Marine fishes,38,"Sharks, rays, chimaeras",1514,Demersal Marine Fish,4,Fish and other fishing products,42,"Fish live, fresh or chilled for human consumption",429,"Other fish, live, fresh or chilled"
CFO,Littlehead porgy,3,Marine fishes,33,Miscellaneous coastal fishes,1514,Demersal Marine Fish,4,Fish and other fishing products,42,"Fish live, fresh or chilled for human consumption",429,"Other fish, live, fresh or chilled"
RJD,Little skate,3,Marine fishes,38,"Sharks, rays, chimaeras",1514,Demersal Marine Fish,4,Fish and other fishing products,42,"Fish live, fresh or chilled for human consumption",429,"Other fish, live, fresh or chilled"
SOR,Little sleeper shark,3,Marine fishes,38,"Sharks, rays, chimaeras",1514,Demersal Marine Fish,4,Fish and other fishing products,42,"Fish live, fresh or chilled for human consumption",429,"Other fish, live, fresh or chilled"
LTA,Little tunny(=Atl.black skipj),3,Marine fishes,36,"Tunas, bonitos, billfishes",1527,Pelagic Marine Fish,4,Fish and other fishing products,42,"Fish live, fresh or chilled for human consumption",426,"Other pelagic fish, live, fresh or chilled"
EHN,Live sharksucker,3,Marine fishes,37,Miscellaneous pelagic fishes,1527,Pelagic Marine Fish,4,Fish and other fishing products,42,"Fish live, fresh or chilled for human consumption",426,"Other pelagic fish, live, fresh or chilled"
LIX,Lizardfishes NEI,3,Marine fishes,33,Miscellaneous coastal fishes,1514,Demersal Marine Fish,4,Fish and other fishing products,42,"Fish live, fresh or chilled for human consumption",429,"Other fish, live, fresh or chilled"
LZZ,[Liza spp],3,Marine fishes,33,Miscellaneous coastal fishes,1514,Demersal Marine Fish,4,Fish and other fishing products,42,"Fish live, fresh or chilled for human consumption",429,"Other fish, live, fresh or chilled"
LOX,Lobsters NEI,4,Crustaceans,43,"Lobsters, spiny-rock lobsters",1553,Crustaceans,4,Fish and other fishing products,43,"Crustaceans, live, fresh or chilled",439,"Other crustaceans, live, fresh or chilled"
TTL,Loggerhead turtle,7,Miscellaneous aquatic animals,72,Turtles,1587,Aquatic Animals NEI,,,,,,
DCZ,Long-beaked common dolphin,6,"Whales, seals and other aquatic mammals",62,"Sperm-whales, pilot-whales",1579,Aquatic Mammals,,,,,,
SPF,Longbill spearfish,3,Marine fishes,36,"Tunas, bonitos, billfishes",1527,Pelagic Marine Fish,4,Fish and other fishing products,42,"Fish live, fresh or chilled for human consumption",426,"Other pelagic fish, live, fresh or chilled"
LXT,Long clawed porcelain crab,4,Crustaceans,44,"King crabs, squat-lobsters",1553,Crustaceans,4,Fish and other fishing products,43,"Crustaceans, live, fresh or chilled",439,"Other crustaceans, live, fresh or chilled"
LHO,Longface emperor,3,Marine fishes,33,Miscellaneous coastal fishes,1514,Demersal Marine Fish,4,Fish and other fishing products,42,"Fish live, fresh or chilled for human consumption",429,"Other fish, live, fresh or chilled"
BNF,Longfin bonefish,3,Marine fishes,33,Miscellaneous coastal fishes,1514,Demersal Marine Fish,4,Fish and other fishing products,42,"Fish live, fresh or chilled for human consumption",429,"Other fish, live, fresh or chilled"
FIC,Long-fingered icefish,3,Marine fishes,34,Miscellaneous demersal fishes,1514,Demersal Marine Fish,4,Fish and other fishing products,42,"Fish live, fresh or chilled for human consumption",429,"Other fish, live, fresh or chilled"
GUM,Longfin gurnard,3,Marine fishes,34,Miscellaneous demersal fishes,1514,Demersal Marine Fish,4,Fish and other fishing products,42,"Fish live, fresh or chilled for human consumption",429,"Other fish, live, fresh or chilled"
GPE,Longfin hake,3,Marine fishes,32,"Cods, hakes, haddocks",1514,Demersal Marine Fish,4,Fish and other fishing products,42,"Fish live, fresh or chilled for human consumption",424,"Fish of Gadiformes, live, fresh or chilled"
HZR,Longfin halfbeak,3,Marine fishes,37,Miscellaneous pelagic fishes,1527,Pelagic Marine Fish,4,Fish and other fishing products,42,"Fish live, fresh or chilled for human consumption",426,"Other pelagic fish, live, fresh or chilled"
LMA,Longfin mako,3,Marine fishes,38,"Sharks, rays, chimaeras",1514,Demersal Marine Fish,4,Fish and other fishing products,42,"Fish live, fresh or chilled for human consumption",429,"Other fish, live, fresh or chilled"
CJN,Longfinned bullseye,3,Marine fishes,33,Miscellaneous coastal fishes,1514,Demersal Marine Fish,4,Fish and other fishing products,42,"Fish live, fresh or chilled for human consumption",429,"Other fish, live, fresh or chilled"
PIW,Long-finned pilot whale,6,"Whales, seals and other aquatic mammals",62,"Sperm-whales, pilot-whales",1579,Aquatic Mammals,,,,,,
TOG,Longfin pompano,3,Marine fishes,37,Miscellaneous pelagic fishes,1527,Pelagic Marine Fish,4,Fish and other fishing products,42,"Fish live, fresh or chilled for human consumption",426,"Other pelagic fish, live, fresh or chilled"
SQL,Longfin squid,5,Molluscs,57,"Squids, cuttlefishes, octopuses",1570,Cephalopods,4,Fish and other fishing products,44,"Molluscs live, fresh or chilled",446,"Cuttlefish and squid, live, fresh or chilled"
ORM,Longfin tilapia,1,Freshwater fishes,12,Tilapias and other cichlids,1501,Freshwater and Diadromous Fish,4,Fish and other fishing products,42,"Fish live, fresh or chilled for human consumption",421,"Freshwater fish, live, fresh or chilled"
NGR,Longfin trevally,3,Marine fishes,37,Miscellaneous pelagic fishes,1527,Pelagic Marine Fish,4,Fish and other fishing products,42,"Fish live, fresh or chilled for human consumption",426,"Other pelagic fish, live, fresh or chilled"
YTL,Longfin yellowtail,3,Marine fishes,37,Miscellaneous pelagic fishes,1527,Pelagic Marine Fish,4,Fish and other fishing products,42,"Fish live, fresh or chilled for human consumption",426,"Other pelagic fish, live, fresh or chilled"
OLT,Longjaw leatherjacket,3,Marine fishes,37,Miscellaneous pelagic fishes,1527,Pelagic Marine Fish,4,Fish and other fishing products,42,"Fish live, fresh or chilled for human consumption",426,"Other pelagic fish, live, fresh or chilled"
LOJ,Longlegged spiny lobster,4,Crustaceans,43,"Lobsters, spiny-rock lobsters",1553,Crustaceans,4,Fish and other fishing products,43,"Crustaceans, live, fresh or chilled",432,"Rock lobster and other sea crawfish, live, fresh or chilled"
PTY,Longneck croaker,3,Marine fishes,33,Miscellaneous coastal fishes,1514,Demersal Marine Fish,4,Fish and other fishing products,42,"Fish live, fresh or chilled for human consumption",429,"Other fish, live, fresh or chilled"
EAN,Longnose anchovy,3,Marine fishes,35,"Herrings, sardines, anchovies",1527,Pelagic Marine Fish,4,Fish and other fishing products,42,"Fish live, fresh or chilled for human consumption",426,"Other pelagic fish, live, fresh or chilled"
RJO,Longnosed skate,3,Marine fishes,38,"Sharks, rays, chimaeras",1514,Demersal Marine Fish,4,Fish and other fishing products,42,"Fish live, fresh or chilled for human consumption",429,"Other fish, live, fresh or chilled"
LLO,Longnose gar,1,Freshwater fishes,13,Miscellaneous freshwater fishes,1501,Freshwater and Diadromous Fish,4,Fish and other fishing products,42,"Fish live, fresh or chilled for human consumption",421,"Freshwater fish, live, fresh or chilled"
QUB,Longnose spurdog,3,Marine fishes,38,"Sharks, rays, chimaeras",1514,Demersal Marine Fish,4,Fish and other fishing products,42,"Fish live, fresh or chilled for human consumption",429,"Other fish, live, fresh or chilled"
RDU,Longnose stingray,3,Marine fishes,38,"Sharks, rays, chimaeras",1514,Demersal Marine Fish,4,Fish and other fishing products,42,"Fish live, fresh or chilled for human consumption",429,"Other fish, live, fresh or chilled"
NGH,Longnose trevally,3,Marine fishes,37,Miscellaneous pelagic fishes,1527,Pelagic Marine Fish,4,Fish and other fishing products,42,"Fish live, fresh or chilled for human consumption",426,"Other pelagic fish, live, fresh or chilled"
CYP,Longnose velvet dogfish,3,Marine fishes,38,"Sharks, rays, chimaeras",1514,Demersal Marine Fish,4,Fish and other fishing products,42,"Fish live, fresh or chilled for human consumption",429,"Other fish, live, fresh or chilled"
MCO,Long pectoral-fin minnow,1,Freshwater fishes,11,"Carps, barbels and other cyprinids",1501,Freshwater and Diadromous Fish,4,Fish and other fishing products,42,"Fish live, fresh or chilled for human consumption",421,"Freshwater fish, live, fresh or chilled"
MCS,Longrayed whiptail,3,Marine fishes,32,"Cods, hakes, haddocks",1514,Demersal Marine Fish,4,Fish and other fishing products,42,"Fish live, fresh or chilled for human consumption",424,"Fish of Gadiformes, live, fresh or chilled"
ALX,Long snouted lancetfish,3,Marine fishes,33,Miscellaneous coastal fishes,1514,Demersal Marine Fish,4,Fish and other fishing products,42,"Fish live, fresh or chilled for human consumption",429,"Other fish, live, fresh or chilled"
ALJ,Longspine burrfish,3,Marine fishes,33,Miscellaneous coastal fishes,1514,Demersal Marine Fish,4,Fish and other fishing products,42,"Fish live, fresh or chilled for human consumption",429,"Other fish, live, fresh or chilled"
DHO,Longspined porcupinefish,3,Marine fishes,33,Miscellaneous coastal fishes,1514,Demersal Marine Fish,4,Fish and other fishing products,42,"Fish live, fresh or chilled for human consumption",429,"Other fish, live, fresh or chilled"
SOH,Longspine porgy,3,Marine fishes,33,Miscellaneous coastal fishes,1514,Demersal Marine Fish,4,Fish and other fishing products,42,"Fish live, fresh or chilled for human consumption",429,"Other fish, live, fresh or chilled"
SNS,Longspine snipefish,3,Marine fishes,34,Miscellaneous demersal fishes,1514,Demersal Marine Fish,4,Fish and other fishing products,42,"Fish live, fresh or chilled for human consumption",429,"Other fish, live, fresh or chilled"
SJZ,Longspine thornyhead,3,Marine fishes,34,Miscellaneous demersal fishes,1514,Demersal Marine Fish,4,Fish and other fishing products,42,"Fish live, fresh or chilled for human consumption",429,"Other fish, live, fresh or chilled"
LNL,Longtail croaker,3,Marine fishes,33,Miscellaneous coastal fishes,1514,Demersal Marine Fish,4,Fish and other fishing products,42,"Fish live, fresh or chilled for human consumption",429,"Other fish, live, fresh or chilled"
TWN,Longtail shad,2,Diadromous fishes,24,Shads,1501,Freshwater and Diadromous Fish,4,Fish and other fishing products,42,"Fish live, fresh or chilled for human consumption",429,"Other fish, live, fresh or chilled"
GTV,Longtail silverbiddy,3,Marine fishes,33,Miscellaneous coastal fishes,1514,Demersal Marine Fish,4,Fish and other fishing products,42,"Fish live, fresh or chilled for human consumption",429,"Other fish, live, fresh or chilled"
PAT,Longtail Southern cod,3,Marine fishes,34,Miscellaneous demersal fishes,1514,Demersal Marine Fish,4,Fish and other fishing products,42,"Fish live, fresh or chilled for human consumption",429,"Other fish, live, fresh or chilled"
KHL,Longtail stingray,3,Marine fishes,38,"Sharks, rays, chimaeras",1514,Demersal Marine Fish,4,Fish and other fishing products,42,"Fish live, fresh or chilled for human consumption",429,"Other fish, live, fresh or chilled"
LOT,Longtail tuna,3,Marine fishes,36,"Tunas, bonitos, billfishes",1527,Pelagic Marine Fish,4,Fish and other fishing products,42,"Fish live, fresh or chilled for human consumption",425,"Tunas, skipjack or stripe-bellied bonito, live, fresh or chilled"
LNM,Lookdown,3,Marine fishes,37,Miscellaneous pelagic fishes,1527,Pelagic Marine Fish,4,Fish and other fishing products,42,"Fish live, fresh or chilled for human consumption",426,"Other pelagic fish, live, fresh or chilled"
LSX,[Lophiosilurus alexandri],1,Freshwater fishes,13,Miscellaneous freshwater fishes,1501,Freshwater and Diadromous Fish,4,Fish and other fishing products,42,"Fish live, fresh or chilled for human consumption",421,"Freshwater fish, live, fresh or chilled"
LCC,[Loricaria cataphracta],1,Freshwater fishes,13,Miscellaneous freshwater fishes,1501,Freshwater and Diadromous Fish,4,Fish and other fishing products,42,"Fish live, fresh or chilled for human consumption",421,"Freshwater fish, live, fresh or chilled"
AXW,Lorna drum,3,Marine fishes,33,Miscellaneous coastal fishes,1514,Demersal Marine Fish,4,Fish and other fishing products,42,"Fish live, fresh or chilled for human consumption",429,"Other fish, live, fresh or chilled"
HBU,Loweye catfishes NEI,1,Freshwater fishes,13,Miscellaneous freshwater fishes,1501,Freshwater and Diadromous Fish,4,Fish and other fishing products,42,"Fish live, fresh or chilled for human consumption",421,"Freshwater fish, live, fresh or chilled"
CPL,Lowfin gulper shark,3,Marine fishes,38,"Sharks, rays, chimaeras",1514,Demersal Marine Fish,4,Fish and other fishing products,42,"Fish live, fresh or chilled for human consumption",429,"Other fish, live, fresh or chilled"
LWD,[Luciobarbus bocagei],1,Freshwater fishes,11,"Carps, barbels and other cyprinids",1501,Freshwater and Diadromous Fish,4,Fish and other fishing products,42,"Fish live, fresh or chilled for human consumption",421,"Freshwater fish, live, fresh or chilled"
LUM,Lumpfish(=Lumpsucker),3,Marine fishes,34,Miscellaneous demersal fishes,1514,Demersal Marine Fish,4,Fish and other fishing products,42,"Fish live, fresh or chilled for human consumption",429,"Other fish, live, fresh or chilled"
MRM,Lusitanian cownose ray,3,Marine fishes,38,"Sharks, rays, chimaeras",1514,Demersal Marine Fish,4,Fish and other fishing products,42,"Fish live, fresh or chilled for human consumption",429,"Other fish, live, fresh or chilled"
BHD,Lusitanian toadfish,3,Marine fishes,33,Miscellaneous coastal fishes,1514,Demersal Marine Fish,4,Fish and other fishing products,42,"Fish live, fresh or chilled for human consumption",429,"Other fish, live, fresh or chilled"
LVM,Luvar,3,Marine fishes,33,Miscellaneous coastal fishes,1514,Demersal Marine Fish,4,Fish and other fishing products,42,"Fish live, fresh or chilled for human consumption",429,"Other fish, live, fresh or chilled"
BNV,Machaca,1,Freshwater fishes,13,Miscellaneous freshwater fishes,1501,Freshwater and Diadromous Fish,4,Fish and other fishing products,42,"Fish live, fresh or chilled for human consumption",421,"Freshwater fish, live, fresh or chilled"
CLM,Macha clam,5,Molluscs,56,"Clams, cockles, arkshells",1562,Molluscs excl. Cephalopods,4,Fish and other fishing products,44,"Molluscs live, fresh or chilled",445,"Clams, cockles and ark shells, live, fresh or chilled"
ANI,Mackerel icefish,3,Marine fishes,34,Miscellaneous demersal fishes,1514,Demersal Marine Fish,4,Fish and other fishing products,42,"Fish live, fresh or chilled for human consumption",429,"Other fish, live, fresh or chilled"
MSD,Mackerel scad,3,Marine fishes,37,Miscellaneous pelagic fishes,1527,Pelagic Marine Fish,4,Fish and other fishing products,42,"Fish live, fresh or chilled for human consumption",426,"Other pelagic fish, live, fresh or chilled"
LMZ,Mackerel sharks,3,Marine fishes,38,"Sharks, rays, chimaeras",1514,Demersal Marine Fish,4,Fish and other fishing products,42,"Fish live, fresh or chilled for human consumption",429,"Other fish, live, fresh or chilled"
MSK,"Mackerel sharks,porbeagles NEI",3,Marine fishes,38,"Sharks, rays, chimaeras",1514,Demersal Marine Fish,4,Fish and other fishing products,42,"Fish live, fresh or chilled for human consumption",429,"Other fish, live, fresh or chilled"
MAX,Mackerels NEI,3,Marine fishes,37,Miscellaneous pelagic fishes,1527,Pelagic Marine Fish,4,Fish and other fishing products,42,"Fish live, fresh or chilled for human consumption",426,"Other pelagic fish, live, fresh or chilled"
MXF,[Macrocystis integrifolia],9,Aquatic plants,91,Brown seaweeds,1594,Aquatic Plants,4,Fish and other fishing products,49,Other aquatic plants and animals,493,"Seaweeds and other algae, fresh, frozen or dried, whether or not ground"
MAT,Mactra surf clams NEI,5,Molluscs,56,"Clams, cockles, arkshells",1562,Molluscs excl. Cephalopods,4,Fish and other fishing products,44,"Molluscs live, fresh or chilled",445,"Clams, cockles and ark shells, live, fresh or chilled"
TWS,Madamango sea catfish,3,Marine fishes,33,Miscellaneous coastal fishes,1514,Demersal Marine Fish,4,Fish and other fishing products,42,"Fish live, fresh or chilled for human consumption",429,"Other fish, live, fresh or chilled"
MCD,Madeira lantern fish,3,Marine fishes,34,Miscellaneous demersal fishes,1514,Demersal Marine Fish,4,Fish and other fishing products,42,"Fish live, fresh or chilled for human consumption",429,"Other fish, live, fresh or chilled"
JFY,Madeiran ray,3,Marine fishes,38,"Sharks, rays, chimaeras",1514,Demersal Marine Fish,4,Fish and other fishing products,42,"Fish live, fresh or chilled for human consumption",429,"Other fish, live, fresh or chilled"
SAE,Madeiran sardinella,3,Marine fishes,35,"Herrings, sardines, anchovies",1527,Pelagic Marine Fish,4,Fish and other fishing products,42,"Fish live, fresh or chilled for human consumption",426,"Other pelagic fish, live, fresh or chilled"
ROZ,Madeiran smooth-head,3,Marine fishes,34,Miscellaneous demersal fishes,1514,Demersal Marine Fish,4,Fish and other fishing products,42,"Fish live, fresh or chilled for human consumption",429,"Other fish, live, fresh or chilled"
QMG,Magdalena River prochilodus,1,Freshwater fishes,13,Miscellaneous freshwater fishes,1501,Freshwater and Diadromous Fish,4,Fish and other fishing products,42,"Fish live, fresh or chilled for human consumption",421,"Freshwater fish, live, fresh or chilled"
LJM,Mahogany snapper,3,Marine fishes,33,Miscellaneous coastal fishes,1514,Demersal Marine Fish,4,Fish and other fishing products,42,"Fish live, fresh or chilled for human consumption",429,"Other fish, live, fresh or chilled"
JCX,Maja spider crabs NEI,4,Crustaceans,42,"Crabs, sea-spiders",1553,Crustaceans,4,Fish and other fishing products,43,"Crustaceans, live, fresh or chilled",431,"Crabs, live, fresh or chilled"
MAK,Mako sharks,3,Marine fishes,38,"Sharks, rays, chimaeras",1514,Demersal Marine Fish,4,Fish and other fishing products,42,"Fish live, fresh or chilled for human consumption",429,"Other fish, live, fresh or chilled"
MAL,Malabar blood snapper,3,Marine fishes,33,Miscellaneous coastal fishes,1514,Demersal Marine Fish,4,Fish and other fishing products,42,"Fish live, fresh or chilled for human consumption",429,"Other fish, live, fresh or chilled"
MAR,Malabar grouper,3,Marine fishes,33,Miscellaneous coastal fishes,1514,Demersal Marine Fish,4,Fish and other fishing products,42,"Fish live, fresh or chilled for human consumption",429,"Other fish, live, fresh or chilled"
NGS,Malabar trevally,3,Marine fishes,37,Miscellaneous pelagic fishes,1527,Pelagic Marine Fish,4,Fish and other fishing products,42,"Fish live, fresh or chilled for human consumption",426,"Other pelagic fish, live, fresh or chilled"
RIS,Malayan leaffish,1,Freshwater fishes,13,Miscellaneous freshwater fishes,1501,Freshwater and Diadromous Fish,4,Fish and other fishing products,42,"Fish live, fresh or chilled for human consumption",421,"Freshwater fish, live, fresh or chilled"
SIN,Mandarin fish,1,Freshwater fishes,13,Miscellaneous freshwater fishes,1501,Freshwater and Diadromous Fish,4,Fish and other fishing products,42,"Fish live, fresh or chilled for human consumption",421,"Freshwater fish, live, fresh or chilled"
GJZ,Manduba,1,Freshwater fishes,13,Miscellaneous freshwater fishes,1501,Freshwater and Diadromous Fish,4,Fish and other fishing products,42,"Fish live, fresh or chilled for human consumption",421,"Freshwater fish, live, fresh or chilled"
SAR,Mango tilapia,1,Freshwater fishes,12,Tilapias and other cichlids,1501,Freshwater and Diadromous Fish,4,Fish and other fishing products,42,"Fish live, fresh or chilled for human consumption",421,"Freshwater fish, live, fresh or chilled"
OYM,Mangrove cupped oyster,5,Molluscs,53,Oysters,1562,Molluscs excl. Cephalopods,4,Fish and other fishing products,44,"Molluscs live, fresh or chilled",442,"Oysters, live, fresh or chilled"
UCD,Mangrove ghost crab,4,Crustaceans,42,"Crabs, sea-spiders",1553,Crustaceans,4,Fish and other fishing products,43,"Crustaceans, live, fresh or chilled",431,"Crabs, live, fresh or chilled"
RES,Mangrove red snapper,3,Marine fishes,33,Miscellaneous coastal fishes,1514,Demersal Marine Fish,4,Fish and other fishing products,42,"Fish live, fresh or chilled for human consumption",429,"Other fish, live, fresh or chilled"
KFV,Manifold callophyllis,9,Aquatic plants,92,Red seaweeds,1594,Aquatic Plants,4,Fish and other fishing products,49,Other aquatic plants and animals,493,"Seaweeds and other algae, fresh, frozen or dried, whether or not ground"
CMM,Manila clam,5,Molluscs,51,Freshwater molluscs,1562,Molluscs excl. Cephalopods,4,Fish and other fishing products,44,"Molluscs live, fresh or chilled",445,"Clams, cockles and ark shells, live, fresh or chilled"
OBL,Manipur osteobrama,1,Freshwater fishes,11,"Carps, barbels and other cyprinids",1501,Freshwater and Diadromous Fish,4,Fish and other fishing products,42,"Fish live, fresh or chilled for human consumption",421,"Freshwater fish, live, fresh or chilled"
RMV,"Mantas, devil rays, etc. NEI",3,Marine fishes,38,"Sharks, rays, chimaeras",1514,Demersal Marine Fish,4,Fish and other fishing products,42,"Fish live, fresh or chilled for human consumption",429,"Other fish, live, fresh or chilled"
MAN,"Mantas, devil rays NEI",3,Marine fishes,38,"Sharks, rays, chimaeras",1514,Demersal Marine Fish,4,Fish and other fishing products,42,"Fish live, fresh or chilled for human consumption",429,"Other fish, live, fresh or chilled"
RPK,Manybar goatfish,3,Marine fishes,33,Miscellaneous coastal fishes,1514,Demersal Marine Fish,4,Fish and other fishing products,42,"Fish live, fresh or chilled for human consumption",429,"Other fish, live, fresh or chilled"
OLP,Maracaibo leatherjacket,3,Marine fishes,37,Miscellaneous pelagic fishes,1527,Pelagic Marine Fish,4,Fish and other fishing products,42,"Fish live, fresh or chilled for human consumption",426,"Other pelagic fish, live, fresh or chilled"
TTR,Marbled electric ray,3,Marine fishes,38,"Sharks, rays, chimaeras",1514,Demersal Marine Fish,4,Fish and other fishing products,42,"Fish live, fresh or chilled for human consumption",429,"Other fish, live, fresh or chilled"
PPB,Marbled lungfish,1,Freshwater fishes,13,Miscellaneous freshwater fishes,1501,Freshwater and Diadromous Fish,4,Fish and other fishing products,42,"Fish live, fresh or chilled for human consumption",421,"Freshwater fish, live, fresh or chilled"
NOR,Marbled rockcod,3,Marine fishes,33,Miscellaneous coastal fishes,1514,Demersal Marine Fish,4,Fish and other fishing products,42,"Fish live, fresh or chilled for human consumption",429,"Other fish, live, fresh or chilled"
SRI,Marbled spinefoot,3,Marine fishes,33,Miscellaneous coastal fishes,1514,Demersal Marine Fish,4,Fish and other fishing products,42,"Fish live, fresh or chilled for human consumption",429,"Other fish, live, fresh or chilled"
SXR,Marbled swamp eel,1,Freshwater fishes,13,Miscellaneous freshwater fishes,1501,Freshwater and Diadromous Fish,4,Fish and other fishing products,42,"Fish live, fresh or chilled for human consumption",421,"Freshwater fish, live, fresh or chilled"
GBM,Marble goby,1,Freshwater fishes,13,Miscellaneous freshwater fishes,1501,Freshwater and Diadromous Fish,4,Fish and other fishing products,42,"Fish live, fresh or chilled for human consumption",421,"Freshwater fish, live, fresh or chilled"
DMI,Marble grouper,3,Marine fishes,33,Miscellaneous coastal fishes,1514,Demersal Marine Fish,4,Fish and other fishing products,42,"Fish live, fresh or chilled for human consumption",429,"Other fish, live, fresh or chilled"
CRA,Marine crabs NEI,4,Crustaceans,42,"Crabs, sea-spiders",1553,Crustaceans,4,Fish and other fishing products,43,"Crustaceans, live, fresh or chilled",431,"Crabs, live, fresh or chilled"
CRU,Marine crustaceans NEI,4,Crustaceans,47,Miscellaneous marine crustaceans,1553,Crustaceans,4,Fish and other fishing products,43,"Crustaceans, live, fresh or chilled",439,"Other crustaceans, live, fresh or chilled"
MZZ,Marine fishes NEI,3,Marine fishes,39,Marine fishes not identified,1540,Marine Fish NEI,4,Fish and other fishing products,42,"Fish live, fresh or chilled for human consumption",429,"Other fish, live, fresh or chilled"
MOL,Marine molluscs NEI,5,Molluscs,58,Miscellaneous marine molluscs,1562,Molluscs excl. Cephalopods,4,Fish and other fishing products,44,"Molluscs live, fresh or chilled",449,"Other molluscs, live, fresh or chilled"
MSH,Marine shells NEI,8,Miscellaneous aquatic animal products,81,"Pearls, mother-of-pearl, shells",,,4,Fish and other fishing products,49,Other aquatic plants and animals,491,"Coral and similar products, shells of molluscs, crustaceans or echinoderms and cuttle-bone; live aquatic plants and animals for ornamental purpose"
TTX,Marine turtles NEI,7,Miscellaneous aquatic animals,72,Turtles,1587,Aquatic Animals NEI,,,,,,
WOR,Marine worms,7,Miscellaneous aquatic animals,77,Miscellaneous aquatic invertebrates,1587,Aquatic Animals NEI,4,Fish and other fishing products,45,"Other aquatic invertebrates, live, fresh or chilled",459,"Other aquatic invertebrates, live, fresh or chilled, n.e.c."
BXQ,Marlins NEI,3,Marine fishes,36,"Tunas, bonitos, billfishes",1527,Pelagic Marine Fish,4,Fish and other fishing products,42,"Fish live, fresh or chilled for human consumption",426,"Other pelagic fish, live, fresh or chilled"
BIL,"Marlins,sailfishes,etc. NEI",3,Marine fishes,36,"Tunas, bonitos, billfishes",1527,Pelagic Marine Fish,4,Fish and other fishing products,42,"Fish live, fresh or chilled for human consumption",426,"Other pelagic fish, live, fresh or chilled"
GCA,Masked grouper,3,Marine fishes,33,Miscellaneous coastal fishes,1514,Demersal Marine Fish,4,Fish and other fishing products,42,"Fish live, fresh or chilled for human consumption",429,"Other fish, live, fresh or chilled"
JCB,[Mastacembelus cunningtoni],1,Freshwater fishes,13,Miscellaneous freshwater fishes,1501,Freshwater and Diadromous Fish,4,Fish and other fishing products,42,"Fish live, fresh or chilled for human consumption",421,"Freshwater fish, live, fresh or chilled"
CHE,Masu(=Cherry) salmon,2,Diadromous fishes,23,"Salmons, trouts, smelts",1501,Freshwater and Diadromous Fish,4,Fish and other fishing products,42,"Fish live, fresh or chilled for human consumption",422,"Salmonidae, live, fresh or chilled"
DSX,Mature dosinia,5,Molluscs,56,"Clams, cockles, arkshells",1562,Molluscs excl. Cephalopods,4,Fish and other fishing products,44,"Molluscs live, fresh or chilled",445,"Clams, cockles and ark shells, live, fresh or chilled"
TQM,Maura pen shell,5,Molluscs,55,"Scallops, pectens",1562,Molluscs excl. Cephalopods,4,Fish and other fishing products,44,"Molluscs live, fresh or chilled",449,"Other molluscs, live, fresh or chilled"
UMZ,Mazatlan sole,3,Marine fishes,31,"Flounders, halibuts, soles",1514,Demersal Marine Fish,4,Fish and other fishing products,42,"Fish live, fresh or chilled for human consumption",423,"Flatfish, live, fresh or chilled"
MZL,[Mazzaella laminarioides],9,Aquatic plants,92,Red seaweeds,1594,Aquatic Plants,4,Fish and other fishing products,49,Other aquatic plants and animals,493,"Seaweeds and other algae, fresh, frozen or dried, whether or not ground"
BAM,McCain's skate,3,Marine fishes,38,"Sharks, rays, chimaeras",1514,Demersal Marine Fish,4,Fish and other fishing products,42,"Fish live, fresh or chilled for human consumption",429,"Other fish, live, fresh or chilled"
MGR,Meagre,3,Marine fishes,33,Miscellaneous coastal fishes,1514,Demersal Marine Fish,4,Fish and other fishing products,42,"Fish live, fresh or chilled for human consumption",429,"Other fish, live, fresh or chilled"
RXY,Meagres NEI,3,Marine fishes,33,Miscellaneous coastal fishes,1514,Demersal Marine Fish,4,Fish and other fishing products,42,"Fish live, fresh or chilled for human consumption",429,"Other fish, live, fresh or chilled"
BUD,Mediterranean barbel,1,Freshwater fishes,11,"Carps, barbels and other cyprinids",1501,Freshwater and Diadromous Fish,4,Fish and other fishing products,42,"Fish live, fresh or chilled for human consumption",421,"Freshwater fish, live, fresh or chilled"
GGY,Mediterranean bigeye rockling,3,Marine fishes,32,"Cods, hakes, haddocks",1514,Demersal Marine Fish,4,Fish and other fishing products,42,"Fish live, fresh or chilled for human consumption",424,"Fish of Gadiformes, live, fresh or chilled"
TRQ,Mediterranean dealfish,3,Marine fishes,37,Miscellaneous pelagic fishes,1527,Pelagic Marine Fish,4,Fish and other fishing products,42,"Fish live, fresh or chilled for human consumption",426,"Other pelagic fish, live, fresh or chilled"
ECE,Mediterranean flyingfish,3,Marine fishes,37,Miscellaneous pelagic fishes,1527,Pelagic Marine Fish,4,Fish and other fishing products,42,"Fish live, fresh or chilled for human consumption",426,"Other pelagic fish, live, fresh or chilled"
GRQ,Mediterranean geryon,4,Crustaceans,42,"Crabs, sea-spiders",1553,Crustaceans,4,Fish and other fishing products,43,"Crustaceans, live, fresh or chilled",431,"Crabs, live, fresh or chilled"
HMM,Mediterranean horse mackerel,3,Marine fishes,37,Miscellaneous pelagic fishes,1527,Pelagic Marine Fish,4,Fish and other fishing products,42,"Fish live, fresh or chilled for human consumption",426,"Other pelagic fish, live, fresh or chilled"
MMH,Mediterranean moray,3,Marine fishes,33,Miscellaneous coastal fishes,1514,Demersal Marine Fish,4,Fish and other fishing products,42,"Fish live, fresh or chilled for human consumption",429,"Other fish, live, fresh or chilled"
MSM,Mediterranean mussel,5,Molluscs,54,Mussels,1562,Molluscs excl. Cephalopods,4,Fish and other fishing products,44,"Molluscs live, fresh or chilled",443,"Mussels, live, fresh or chilled"
ZGC,Mediterranean sand eel,3,Marine fishes,33,Miscellaneous coastal fishes,1514,Demersal Marine Fish,4,Fish and other fishing products,42,"Fish live, fresh or chilled for human consumption",429,"Other fish, live, fresh or chilled"
AHH,Mediterranean sand smelt,3,Marine fishes,37,Miscellaneous pelagic fishes,1527,Pelagic Marine Fish,4,Fish and other fishing products,42,"Fish live, fresh or chilled for human consumption",426,"Other pelagic fish, live, fresh or chilled"
MSF,Mediterranean scaldfish,3,Marine fishes,31,"Flounders, halibuts, soles",1514,Demersal Marine Fish,4,Fish and other fishing products,42,"Fish live, fresh or chilled for human consumption",423,"Flatfish, live, fresh or chilled"
CMR,Mediterranean shore crab,4,Crustaceans,42,"Crabs, sea-spiders",1553,Crustaceans,4,Fish and other fishing products,43,"Crustaceans, live, fresh or chilled",431,"Crabs, live, fresh or chilled"
HPR,Mediterranean slimehead,3,Marine fishes,34,Miscellaneous demersal fishes,1514,Demersal Marine Fish,4,Fish and other fishing products,42,"Fish live, fresh or chilled for human consumption",429,"Other fish, live, fresh or chilled"
YLL,Mediterranean slipper lobster,4,Crustaceans,43,"Lobsters, spiny-rock lobsters",1553,Crustaceans,4,Fish and other fishing products,43,"Crustaceans, live, fresh or chilled",439,"Other crustaceans, live, fresh or chilled"
MSP,Mediterranean spearfish,3,Marine fishes,36,"Tunas, bonitos, billfishes",1527,Pelagic Marine Fish,4,Fish and other fishing products,42,"Fish live, fresh or chilled for human consumption",426,"Other pelagic fish, live, fresh or chilled"
JRS,Mediterranean starry ray,3,Marine fishes,38,"Sharks, rays, chimaeras",1514,Demersal Marine Fish,4,Fish and other fishing products,42,"Fish live, fresh or chilled for human consumption",429,"Other fish, live, fresh or chilled"
LPB,[Megaleporinus obtusidens],1,Freshwater fishes,13,Miscellaneous freshwater fishes,1501,Freshwater and Diadromous Fish,4,Fish and other fishing products,42,"Fish live, fresh or chilled for human consumption",421,"Freshwater fish, live, fresh or chilled"
MEG,Megrim,3,Marine fishes,31,"Flounders, halibuts, soles",1514,Demersal Marine Fish,4,Fish and other fishing products,42,"Fish live, fresh or chilled for human consumption",423,"Flatfish, live, fresh or chilled"
LEZ,Megrims NEI,3,Marine fishes,31,"Flounders, halibuts, soles",1514,Demersal Marine Fish,4,Fish and other fishing products,42,"Fish live, fresh or chilled for human consumption",423,"Flatfish, live, fresh or chilled"
MEW,Melon-headed whale,6,"Whales, seals and other aquatic mammals",62,"Sperm-whales, pilot-whales",1579,Aquatic Mammals,,,,,,
JZT,[Meristotheca senegalense],9,Aquatic plants,92,Red seaweeds,1594,Aquatic Plants,4,Fish and other fishing products,49,Other aquatic plants and animals,493,"Seaweeds and other algae, fresh, frozen or dried, whether or not ground"
HKZ,Merluccid hakes NEI,3,Marine fishes,32,"Cods, hakes, haddocks",1514,Demersal Marine Fish,4,Fish and other fishing products,42,"Fish live, fresh or chilled for human consumption",424,"Fish of Gadiformes, live, fresh or chilled"
MWF,Metanephrops lobsters NEI,4,Crustaceans,43,"Lobsters, spiny-rock lobsters",1553,Crustaceans,4,Fish and other fishing products,43,"Crustaceans, live, fresh or chilled",439,"Other crustaceans, live, fresh or chilled"
MET,Metapenaeus shrimps NEI,4,Crustaceans,45,"Shrimps, prawns",1553,Crustaceans,4,Fish and other fishing products,43,"Crustaceans, live, fresh or chilled",436,"Other shrimps and prawns, live, fresh or chilled"
YRE,Mexican barracuda,3,Marine fishes,37,Miscellaneous pelagic fishes,1527,Pelagic Marine Fish,4,Fish and other fishing products,42,"Fish live, fresh or chilled for human consumption",426,"Other pelagic fish, live, fresh or chilled"
HLG,Mexican barred snapper,3,Marine fishes,33,Miscellaneous coastal fishes,1514,Demersal Marine Fish,4,Fish and other fishing products,42,"Fish live, fresh or chilled for human consumption",429,"Other fish, live, fresh or chilled"
OQY,Mexican four-eyed octopus,5,Molluscs,57,"Squids, cuttlefishes, octopuses",1570,Cephalopods,4,Fish and other fishing products,44,"Molluscs live, fresh or chilled",447,"Octopus, live, fresh or chilled"
LNO,Mexican moonfish,3,Marine fishes,37,Miscellaneous pelagic fishes,1527,Pelagic Marine Fish,4,Fish and other fishing products,42,"Fish live, fresh or chilled for human consumption",426,"Other pelagic fish, live, fresh or chilled"
DLM,Mexican sand perch,3,Marine fishes,33,Miscellaneous coastal fishes,1514,Demersal Marine Fish,4,Fish and other fishing products,42,"Fish live, fresh or chilled for human consumption",429,"Other fish, live, fresh or chilled"
NUT,Mexican spiny lobster,4,Crustaceans,43,"Lobsters, spiny-rock lobsters",1553,Crustaceans,4,Fish and other fishing products,43,"Crustaceans, live, fresh or chilled",432,"Rock lobster and other sea crawfish, live, fresh or chilled"
OPM,Middling thread herring,3,Marine fishes,35,"Herrings, sardines, anchovies",1527,Pelagic Marine Fish,4,Fish and other fishing products,42,"Fish live, fresh or chilled for human consumption",426,"Other pelagic fish, live, fresh or chilled"
OUM,Midsize squid,5,Molluscs,57,"Squids, cuttlefishes, octopuses",1570,Cephalopods,4,Fish and other fishing products,44,"Molluscs live, fresh or chilled",446,"Cuttlefish and squid, live, fresh or chilled"
CDE,Midway deep-sea coral,8,Miscellaneous aquatic animal products,82,Corals,,,4,Fish and other fishing products,49,Other aquatic plants and animals,491,"Coral and similar products, shells of molluscs, crustaceans or echinoderms and cuttle-bone; live aquatic plants and animals for ornamental purpose"
MIH,Mi-iuy (brown) croaker,3,Marine fishes,33,Miscellaneous coastal fishes,1514,Demersal Marine Fish,4,Fish and other fishing products,42,"Fish live, fresh or chilled for human consumption",429,"Other fish, live, fresh or chilled"
MIL,Milkfish,2,Diadromous fishes,25,Miscellaneous diadromous fishes,1501,Freshwater and Diadromous Fish,4,Fish and other fishing products,42,"Fish live, fresh or chilled for human consumption",429,"Other fish, live, fresh or chilled"
RHA,Milk shark,3,Marine fishes,38,"Sharks, rays, chimaeras",1514,Demersal Marine Fish,4,Fish and other fishing products,42,"Fish live, fresh or chilled for human consumption",429,"Other fish, live, fresh or chilled"
MIW,Minke whale,6,"Whales, seals and other aquatic mammals",61,"Blue-whales, fin-whales",1579,Aquatic Mammals,,,,,,
EFI,Minor stardrum,3,Marine fishes,33,Miscellaneous coastal fishes,1514,Demersal Marine Fish,4,Fish and other fishing products,42,"Fish live, fresh or chilled for human consumption",429,"Other fish, live, fresh or chilled"
PKF,Minstrel sweetlips,3,Marine fishes,33,Miscellaneous coastal fishes,1514,Demersal Marine Fish,4,Fish and other fishing products,42,"Fish live, fresh or chilled for human consumption",429,"Other fish, live, fresh or chilled"
ZNE,Mirror dory,3,Marine fishes,34,Miscellaneous demersal fishes,1514,Demersal Marine Fish,4,Fish and other fishing products,42,"Fish live, fresh or chilled for human consumption",429,"Other fish, live, fresh or chilled"
PAM,Mississippi paddlefish,2,Diadromous fishes,21,"Sturgeons, paddlefishes",1501,Freshwater and Diadromous Fish,4,Fish and other fishing products,42,"Fish live, fresh or chilled for human consumption",429,"Other fish, live, fresh or chilled"
EEY,Misty grouper,3,Marine fishes,33,Miscellaneous coastal fishes,1514,Demersal Marine Fish,4,Fish and other fishing products,42,"Fish live, fresh or chilled for human consumption",429,"Other fish, live, fresh or chilled"
WHR,Mocosa ruff,3,Marine fishes,34,Miscellaneous demersal fishes,1514,Demersal Marine Fish,4,Fish and other fishing products,42,"Fish live, fresh or chilled for human consumption",429,"Other fish, live, fresh or chilled"
GDJ,"Mojarras, etc. NEI",3,Marine fishes,33,Miscellaneous coastal fishes,1514,Demersal Marine Fish,4,Fish and other fishing products,42,"Fish live, fresh or chilled for human consumption",429,"Other fish, live, fresh or chilled"
MOJ,Mojarras(=Silver-biddies) NEI,3,Marine fishes,33,Miscellaneous coastal fishes,1514,Demersal Marine Fish,4,Fish and other fishing products,42,"Fish live, fresh or chilled for human consumption",429,"Other fish, live, fresh or chilled"
CWE,Mola rock crab,4,Crustaceans,42,"Crabs, sea-spiders",1553,Crustaceans,4,Fish and other fishing products,43,"Crustaceans, live, fresh or chilled",431,"Crabs, live, fresh or chilled"
CEL,"Momo, boke magai, misu coral",8,Miscellaneous aquatic animal products,82,Corals,,,4,Fish and other fishing products,49,Other aquatic plants and animals,491,"Coral and similar products, shells of molluscs, crustaceans or echinoderms and cuttle-bone; live aquatic plants and animals for ornamental purpose"
YMS,Monaco shrimp,4,Crustaceans,45,"Shrimps, prawns",1553,Crustaceans,4,Fish and other fishing products,43,"Crustaceans, live, fresh or chilled",436,"Other shrimps and prawns, live, fresh or chilled"
CVI,Monkeyface prickleback,3,Marine fishes,33,Miscellaneous coastal fishes,1514,Demersal Marine Fish,4,Fish and other fishing products,42,"Fish live, fresh or chilled for human consumption",429,"Other fish, live, fresh or chilled"
BKR,Monkey river prawn,4,Crustaceans,41,Freshwater crustaceans,1553,Crustaceans,4,Fish and other fishing products,43,"Crustaceans, live, fresh or chilled",436,"Other shrimps and prawns, live, fresh or chilled"
MNZ,Monkfishes NEI,3,Marine fishes,34,Miscellaneous demersal fishes,1514,Demersal Marine Fish,4,Fish and other fishing products,42,"Fish live, fresh or chilled for human consumption",429,"Other fish, live, fresh or chilled"
MOB,Monocle breams,3,Marine fishes,33,Miscellaneous coastal fishes,1514,Demersal Marine Fish,4,Fish and other fishing products,42,"Fish live, fresh or chilled for human consumption",429,"Other fish, live, fresh or chilled"
MBM,Monsoon river prawn,4,Crustaceans,41,Freshwater crustaceans,1553,Crustaceans,4,Fish and other fishing products,43,"Crustaceans, live, fresh or chilled",436,"Other shrimps and prawns, live, fresh or chilled"
LIM,Montagus seasnail,3,Marine fishes,34,Miscellaneous demersal fishes,1514,Demersal Marine Fish,4,Fish and other fishing products,42,"Fish live, fresh or chilled for human consumption",429,"Other fish, live, fresh or chilled"
MOO,Moonfish,3,Marine fishes,33,Miscellaneous coastal fishes,1514,Demersal Marine Fish,4,Fish and other fishing products,42,"Fish live, fresh or chilled for human consumption",429,"Other fish, live, fresh or chilled"
BWH,Moontail bullseye,3,Marine fishes,33,Miscellaneous coastal fishes,1514,Demersal Marine Fish,4,Fish and other fishing products,42,"Fish live, fresh or chilled for human consumption",429,"Other fish, live, fresh or chilled"
TWO,Moon wrasse,3,Marine fishes,33,Miscellaneous coastal fishes,1514,Demersal Marine Fish,4,Fish and other fishing products,42,"Fish live, fresh or chilled for human consumption",429,"Other fish, live, fresh or chilled"
MOR,Moras NEI,3,Marine fishes,32,"Cods, hakes, haddocks",1514,Demersal Marine Fish,4,Fish and other fishing products,42,"Fish live, fresh or chilled for human consumption",424,"Fish of Gadiformes, live, fresh or chilled"
MRL,Moray cods NEI,3,Marine fishes,32,"Cods, hakes, haddocks",1514,Demersal Marine Fish,4,Fish and other fishing products,42,"Fish live, fresh or chilled for human consumption",424,"Fish of Gadiformes, live, fresh or chilled"
MUI,"Morays eels, etc. NEI",3,Marine fishes,33,Miscellaneous coastal fishes,1514,Demersal Marine Fish,4,Fish and other fishing products,42,"Fish live, fresh or chilled for human consumption",429,"Other fish, live, fresh or chilled"
CME,Morelet's crocodile,7,Miscellaneous aquatic animals,73,Crocodiles and alligators,,,,,,,,
DEM,Morocco dentex,3,Marine fishes,33,Miscellaneous coastal fishes,1514,Demersal Marine Fish,4,Fish and other fishing products,42,"Fish live, fresh or chilled for human consumption",429,"Other fish, live, fresh or chilled"
NDJ,Morotoge shrimp,4,Crustaceans,45,"Shrimps, prawns",1553,Crustaceans,4,Fish and other fishing products,43,"Crustaceans, live, fresh or chilled",435,"Cold-water shrimps and prawns (Pandalus spp., Crangon crangon), live, fresh or chilled"
MOW,Morwongs,3,Marine fishes,34,Miscellaneous demersal fishes,1514,Demersal Marine Fish,4,Fish and other fishing products,42,"Fish live, fresh or chilled for human consumption",429,"Other fish, live, fresh or chilled"
NRC,Mote sculpin,3,Marine fishes,33,Miscellaneous coastal fishes,1514,Demersal Marine Fish,4,Fish and other fishing products,42,"Fish live, fresh or chilled for human consumption",429,"Other fish, live, fresh or chilled"
MKU,Mottled grouper,3,Marine fishes,33,Miscellaneous coastal fishes,1514,Demersal Marine Fish,4,Fish and other fishing products,42,"Fish live, fresh or chilled for human consumption",429,"Other fish, live, fresh or chilled"
IGF,Mottled spinefoot,3,Marine fishes,33,Miscellaneous coastal fishes,1514,Demersal Marine Fish,4,Fish and other fishing products,42,"Fish live, fresh or chilled for human consumption",429,"Other fish, live, fresh or chilled"
AJW,Mountain mullet,3,Marine fishes,33,Miscellaneous coastal fishes,1514,Demersal Marine Fish,4,Fish and other fishing products,42,"Fish live, fresh or chilled for human consumption",429,"Other fish, live, fresh or chilled"
GAM,Mouse catshark,3,Marine fishes,38,"Sharks, rays, chimaeras",1514,Demersal Marine Fish,4,Fish and other fishing products,42,"Fish live, fresh or chilled for human consumption",429,"Other fish, live, fresh or chilled"
CIM,Mouthbrooding cichlids,1,Freshwater fishes,12,Tilapias and other cichlids,1501,Freshwater and Diadromous Fish,4,Fish and other fishing products,42,"Fish live, fresh or chilled for human consumption",421,"Freshwater fish, live, fresh or chilled"
KDK,Mouthless land crab,4,Crustaceans,42,"Crabs, sea-spiders",1553,Crustaceans,4,Fish and other fishing products,43,"Crustaceans, live, fresh or chilled",431,"Crabs, live, fresh or chilled"
NEM,Mozambique lobster,4,Crustaceans,43,"Lobsters, spiny-rock lobsters",1553,Crustaceans,4,Fish and other fishing products,43,"Crustaceans, live, fresh or chilled",439,"Other crustaceans, live, fresh or chilled"
TLM,Mozambique tilapia,1,Freshwater fishes,12,Tilapias and other cichlids,1501,Freshwater and Diadromous Fish,4,Fish and other fishing products,42,"Fish live, fresh or chilled for human consumption",421,"Freshwater fish, live, fresh or chilled"
CMG,Mrigal carp,1,Freshwater fishes,11,"Carps, barbels and other cyprinids",1501,Freshwater and Diadromous Fish,4,Fish and other fishing products,42,"Fish live, fresh or chilled for human consumption",421,"Freshwater fish, live, fresh or chilled"
MUC,Mud carp,1,Freshwater fishes,11,"Carps, barbels and other cyprinids",1501,Freshwater and Diadromous Fish,4,Fish and other fishing products,42,"Fish live, fresh or chilled for human consumption",421,"Freshwater fish, live, fresh or chilled"
CLN,Mudfish,1,Freshwater fishes,13,Miscellaneous freshwater fishes,1501,Freshwater and Diadromous Fish,4,Fish and other fishing products,42,"Fish live, fresh or chilled for human consumption",421,"Freshwater fish, live, fresh or chilled"
SOE,Mud sole,3,Marine fishes,31,"Flounders, halibuts, soles",1514,Demersal Marine Fish,4,Fish and other fishing products,42,"Fish live, fresh or chilled for human consumption",423,"Flatfish, live, fresh or chilled"
LMS,Mud spiny lobster,4,Crustaceans,43,"Lobsters, spiny-rock lobsters",1553,Crustaceans,4,Fish and other fishing products,43,"Crustaceans, live, fresh or chilled",432,"Rock lobster and other sea crawfish, live, fresh or chilled"
MGS,[Mugil spp],3,Marine fishes,33,Miscellaneous coastal fishes,1514,Demersal Marine Fish,4,Fish and other fishing products,42,"Fish live, fresh or chilled for human consumption",429,"Other fish, live, fresh or chilled"
LJR,Mullet snapper,3,Marine fishes,33,Miscellaneous coastal fishes,1514,Demersal Marine Fish,4,Fish and other fishing products,42,"Fish live, fresh or chilled for human consumption",429,"Other fish, live, fresh or chilled"
MUL,Mullets NEI,3,Marine fishes,33,Miscellaneous coastal fishes,1514,Demersal Marine Fish,4,Fish and other fishing products,42,"Fish live, fresh or chilled for human consumption",429,"Other fish, live, fresh or chilled"
UEX,[Munida spp],4,Crustaceans,44,"King crabs, squat-lobsters",1553,Crustaceans,4,Fish and other fishing products,43,"Crustaceans, live, fresh or chilled",439,"Other crustaceans, live, fresh or chilled"
MWK,[Muraena augusti],3,Marine fishes,33,Miscellaneous coastal fishes,1514,Demersal Marine Fish,4,Fish and other fishing products,42,"Fish live, fresh or chilled for human consumption",429,"Other fish, live, fresh or chilled"
MDZ,[Muraena spp],3,Marine fishes,33,Miscellaneous coastal fishes,1514,Demersal Marine Fish,4,Fish and other fishing products,42,"Fish live, fresh or chilled for human consumption",429,"Other fish, live, fresh or chilled"
IKX,[Muraenesocidae],3,Marine fishes,34,Miscellaneous demersal fishes,1514,Demersal Marine Fish,4,Fish and other fishing products,42,"Fish live, fresh or chilled for human consumption",429,"Other fish, live, fresh or chilled"
MUE,Murex,5,Molluscs,52,"Abalones, winkles, conchs",1562,Molluscs excl. Cephalopods,4,Fish and other fishing products,44,"Molluscs live, fresh or chilled",449,"Other molluscs, live, fresh or chilled"
JLX,Murex shells NEI,5,Molluscs,52,"Abalones, winkles, conchs",1562,Molluscs excl. Cephalopods,4,Fish and other fishing products,44,"Molluscs live, fresh or chilled",449,"Other molluscs, live, fresh or chilled"
MCP,Murray cod,1,Freshwater fishes,13,Miscellaneous freshwater fishes,1501,Freshwater and Diadromous Fish,4,Fish and other fishing products,42,"Fish live, fresh or chilled for human consumption",421,"Freshwater fish, live, fresh or chilled"
BMU,Murray's skate,3,Marine fishes,38,"Sharks, rays, chimaeras",1514,Demersal Marine Fish,4,Fish and other fishing products,42,"Fish live, fresh or chilled for human consumption",429,"Other fish, live, fresh or chilled"
EDT,Musky octopus,5,Molluscs,57,"Squids, cuttlefishes, octopuses",1570,Cephalopods,4,Fish and other fishing products,44,"Molluscs live, fresh or chilled",447,"Octopus, live, fresh or chilled"
LJN,Mutton snapper,3,Marine fishes,33,Miscellaneous coastal fishes,1514,Demersal Marine Fish,4,Fish and other fishing products,42,"Fish live, fresh or chilled for human consumption",429,"Other fish, live, fresh or chilled"
MIC,Myers' icefish,3,Marine fishes,34,Miscellaneous demersal fishes,1514,Demersal Marine Fish,4,Fish and other fishing products,42,"Fish live, fresh or chilled for human consumption",429,"Other fish, live, fresh or chilled"
MZP,[Mystacoleucus padangensis],1,Freshwater fishes,11,"Carps, barbels and other cyprinids",1501,Freshwater and Diadromous Fish,4,Fish and other fishing products,42,"Fish live, fresh or chilled for human consumption",421,"Freshwater fish, live, fresh or chilled"
BMZ,[Mystus nigriceps],1,Freshwater fishes,13,Miscellaneous freshwater fishes,1501,Freshwater and Diadromous Fish,4,Fish and other fishing products,42,"Fish live, fresh or chilled for human consumption",421,"Freshwater fish, live, fresh or chilled"
BXM,[Mystus spp],1,Freshwater fishes,13,Miscellaneous freshwater fishes,1501,Freshwater and Diadromous Fish,4,Fish and other fishing products,42,"Fish live, fresh or chilled for human consumption",421,"Freshwater fish, live, fresh or chilled"
MYV,Mytilus mussels NEI,5,Molluscs,54,Mussels,1562,Molluscs excl. Cephalopods,4,Fish and other fishing products,44,"Molluscs live, fresh or chilled",443,"Mussels, live, fresh or chilled"
CAN,Naked catfishes,1,Freshwater fishes,13,Miscellaneous freshwater fishes,1501,Freshwater and Diadromous Fish,4,Fish and other fishing products,42,"Fish live, fresh or chilled for human consumption",421,"Freshwater fish, live, fresh or chilled"
COM,Narrow-barred Spanish mackerel,3,Marine fishes,36,"Tunas, bonitos, billfishes",1527,Pelagic Marine Fish,4,Fish and other fishing products,42,"Fish live, fresh or chilled for human consumption",426,"Other pelagic fish, live, fresh or chilled"
SDP,Narrownose smooth-hound,3,Marine fishes,38,"Sharks, rays, chimaeras",1514,Demersal Marine Fish,4,Fish and other fishing products,42,"Fish live, fresh or chilled for human consumption",429,"Other fish, live, fresh or chilled"
PVJ,Narwal shrimp,4,Crustaceans,45,"Shrimps, prawns",1553,Crustaceans,4,Fish and other fishing products,43,"Crustaceans, live, fresh or chilled",435,"Cold-water shrimps and prawns (Pandalus spp., Crangon crangon), live, fresh or chilled"
NAR,Narwhal,6,"Whales, seals and other aquatic mammals",62,"Sperm-whales, pilot-whales",1579,Aquatic Mammals,,,,,,
NBX,[Nassarius spp],5,Molluscs,52,"Abalones, winkles, conchs",1562,Molluscs excl. Cephalopods,4,Fish and other fishing products,44,"Molluscs live, fresh or chilled",449,"Other molluscs, live, fresh or chilled"
GPN,Nassau grouper,3,Marine fishes,33,Miscellaneous coastal fishes,1514,Demersal Marine Fish,4,Fish and other fishing products,42,"Fish live, fresh or chilled for human consumption",429,"Other fish, live, fresh or chilled"
SLN,Natal spiny lobster,4,Crustaceans,43,"Lobsters, spiny-rock lobsters",1553,Crustaceans,4,Fish and other fishing products,43,"Crustaceans, live, fresh or chilled",432,"Rock lobster and other sea crawfish, live, fresh or chilled"
DCP,Natantian decapods NEI,4,Crustaceans,45,"Shrimps, prawns",1553,Crustaceans,4,Fish and other fishing products,43,"Crustaceans, live, fresh or chilled",436,"Other shrimps and prawns, live, fresh or chilled"
COW,Navaga(=Wachna cod),3,Marine fishes,32,"Cods, hakes, haddocks",1514,Demersal Marine Fish,4,Fish and other fishing products,42,"Fish live, fresh or chilled for human consumption",424,"Fish of Gadiformes, live, fresh or chilled"
BEN,"Needlefishes, etc. NEI",3,Marine fishes,37,Miscellaneous pelagic fishes,1527,Pelagic Marine Fish,4,Fish and other fishing products,42,"Fish live, fresh or chilled for human consumption",426,"Other pelagic fish, live, fresh or chilled"
NED,Needlefishes NEI,3,Marine fishes,37,Miscellaneous pelagic fishes,1527,Pelagic Marine Fish,4,Fish and other fishing products,42,"Fish live, fresh or chilled for human consumption",426,"Other pelagic fish, live, fresh or chilled"
OBJ,Needlescaled queenfish,3,Marine fishes,37,Miscellaneous pelagic fishes,1527,Pelagic Marine Fish,4,Fish and other fishing products,42,"Fish live, fresh or chilled for human consumption",426,"Other pelagic fish, live, fresh or chilled"
OFJ,Neon flying squid,5,Molluscs,57,"Squids, cuttlefishes, octopuses",1570,Cephalopods,4,Fish and other fishing products,44,"Molluscs live, fresh or chilled",446,"Cuttlefish and squid, live, fresh or chilled"
NIX,[Nerita spp],5,Molluscs,52,"Abalones, winkles, conchs",1562,Molluscs excl. Cephalopods,4,Fish and other fishing products,44,"Molluscs live, fresh or chilled",449,"Other molluscs, live, fresh or chilled"
IIR,Netted nassa,5,Molluscs,52,"Abalones, winkles, conchs",1562,Molluscs excl. Cephalopods,4,Fish and other fishing products,44,"Molluscs live, fresh or chilled",449,"Other molluscs, live, fresh or chilled"
PLR,Netted prochilod,1,Freshwater fishes,13,Miscellaneous freshwater fishes,1501,Freshwater and Diadromous Fish,4,Fish and other fishing products,42,"Fish live, fresh or chilled for human consumption",421,"Freshwater fish, live, fresh or chilled"
UTV,Network sole,3,Marine fishes,31,"Flounders, halibuts, soles",1514,Demersal Marine Fish,4,Fish and other fishing products,42,"Fish live, fresh or chilled for human consumption",423,"Flatfish, live, fresh or chilled"
CNG,New Guinea crocodile,7,Miscellaneous aquatic animals,73,Crocodiles and alligators,,,,,,,,
NEB,New Zealand blue cod,3,Marine fishes,33,Miscellaneous coastal fishes,1514,Demersal Marine Fish,4,Fish and other fishing products,42,"Fish live, fresh or chilled for human consumption",429,"Other fish, live, fresh or chilled"
ZCN,New Zealand dory,3,Marine fishes,34,Miscellaneous demersal fishes,1514,Demersal Marine Fish,4,Fish and other fishing products,42,"Fish live, fresh or chilled for human consumption",429,"Other fish, live, fresh or chilled"
SNZ,New Zealand fur seal,6,"Whales, seals and other aquatic mammals",63,"Eared seals, hair seals, walruses",1579,Aquatic Mammals,,,,,,
JPB,New Zealand geoduck,5,Molluscs,56,"Clams, cockles, arkshells",1562,Molluscs excl. Cephalopods,4,Fish and other fishing products,44,"Molluscs live, fresh or chilled",445,"Clams, cockles and ark shells, live, fresh or chilled"
MEC,New Zealand lobster,4,Crustaceans,43,"Lobsters, spiny-rock lobsters",1553,Crustaceans,4,Fish and other fishing products,43,"Crustaceans, live, fresh or chilled",439,"Other crustaceans, live, fresh or chilled"
AAQ,New Zealand longfin eel,2,Diadromous fishes,22,River eels,1501,Freshwater and Diadromous Fish,4,Fish and other fishing products,42,"Fish live, fresh or chilled for human consumption",429,"Other fish, live, fresh or chilled"
MUZ,New Zealand mussel,5,Molluscs,54,Mussels,1562,Molluscs excl. Cephalopods,4,Fish and other fishing products,44,"Molluscs live, fresh or chilled",443,"Mussels, live, fresh or chilled"
SCZ,New Zealand scallop,5,Molluscs,55,"Scallops, pectens",1562,Molluscs excl. Cephalopods,4,Fish and other fishing products,44,"Molluscs live, fresh or chilled",444,"Scallops, live, fresh or chilled"
NSL,New Zealand sea lion,6,"Whales, seals and other aquatic mammals",63,"Eared seals, hair seals, walruses",1579,Aquatic Mammals,,,,,,
DPQ,New Zealand smooth skate,3,Marine fishes,38,"Sharks, rays, chimaeras",1514,Demersal Marine Fish,4,Fish and other fishing products,42,"Fish live, fresh or chilled for human consumption",429,"Other fish, live, fresh or chilled"
TTF,New Zealand torpedo,3,Marine fishes,38,"Sharks, rays, chimaeras",1514,Demersal Marine Fish,4,Fish and other fishing products,42,"Fish live, fresh or chilled for human consumption",429,"Other fish, live, fresh or chilled"
GYN,Nichol's lanternfish,3,Marine fishes,34,Miscellaneous demersal fishes,1514,Demersal Marine Fish,4,Fish and other fishing products,42,"Fish live, fresh or chilled for human consumption",429,"Other fish, live, fresh or chilled"
CCS,Night shark,3,Marine fishes,38,"Sharks, rays, chimaeras",1514,Demersal Marine Fish,4,Fish and other fishing products,42,"Fish live, fresh or chilled for human consumption",429,"Other fish, live, fresh or chilled"
CRI,Nile crocodile,7,Miscellaneous aquatic animals,73,Crocodiles and alligators,,,,,,,,
FCN,Nilem carp,1,Freshwater fishes,11,"Carps, barbels and other cyprinids",1501,Freshwater and Diadromous Fish,4,Fish and other fishing products,42,"Fish live, fresh or chilled for human consumption",421,"Freshwater fish, live, fresh or chilled"
NIP,Nile perch,1,Freshwater fishes,13,Miscellaneous freshwater fishes,1501,Freshwater and Diadromous Fish,4,Fish and other fishing products,42,"Fish live, fresh or chilled for human consumption",421,"Freshwater fish, live, fresh or chilled"
TLN,Nile tilapia,1,Freshwater fishes,12,Tilapias and other cichlids,1501,Freshwater and Diadromous Fish,4,Fish and other fishing products,42,"Fish live, fresh or chilled for human consumption",421,"Freshwater fish, live, fresh or chilled"
NBZ,Nimble spray crab,4,Crustaceans,42,"Crabs, sea-spiders",1553,Crustaceans,4,Fish and other fishing products,43,"Crustaceans, live, fresh or chilled",431,"Crabs, live, fresh or chilled"
LOC,Ningu,1,Freshwater fishes,11,"Carps, barbels and other cyprinids",1501,Freshwater and Diadromous Fish,4,Fish and other fishing products,42,"Fish live, fresh or chilled for human consumption",421,"Freshwater fish, live, fresh or chilled"
RKQ,Noah's ark,5,Molluscs,56,"Clams, cockles, arkshells",1562,Molluscs excl. Cephalopods,4,Fish and other fishing products,44,"Molluscs live, fresh or chilled",445,"Clams, cockles and ark shells, live, fresh or chilled"
AAS,Noble crayfish,4,Crustaceans,41,Freshwater crustaceans,1553,Crustaceans,4,Fish and other fishing products,43,"Crustaceans, live, fresh or chilled",439,"Other crustaceans, live, fresh or chilled"
FYS,Nori NEI,9,Aquatic plants,92,Red seaweeds,1594,Aquatic Plants,4,Fish and other fishing products,49,Other aquatic plants and animals,493,"Seaweeds and other algae, fresh, frozen or dried, whether or not ground"
CLZ,North African catfish,1,Freshwater fishes,13,Miscellaneous freshwater fishes,1501,Freshwater and Diadromous Fish,4,Fish and other fishing products,42,"Fish live, fresh or chilled for human consumption",421,"Freshwater fish, live, fresh or chilled"
LPS,North Atlantic codling,3,Marine fishes,32,"Cods, hakes, haddocks",1514,Demersal Marine Fish,4,Fish and other fishing products,42,"Fish live, fresh or chilled for human consumption",424,"Fish of Gadiformes, live, fresh or chilled"
ASN,North Atlantic rockweed,9,Aquatic plants,91,Brown seaweeds,1594,Aquatic Plants,4,Fish and other fishing products,49,Other aquatic plants and animals,493,"Seaweeds and other algae, fresh, frozen or dried, whether or not ground"
PBV,Northern bastard codling,3,Marine fishes,32,"Cods, hakes, haddocks",1514,Demersal Marine Fish,4,Fish and other fishing products,42,"Fish live, fresh or chilled for human consumption",424,"Fish of Gadiformes, live, fresh or chilled"
BOW,Northern bottlenose whale,6,"Whales, seals and other aquatic mammals",62,"Sperm-whales, pilot-whales",1579,Aquatic Mammals,,,,,,
ABS,Northern brown shrimp,4,Crustaceans,45,"Shrimps, prawns",1553,Crustaceans,4,Fish and other fishing products,43,"Crustaceans, live, fresh or chilled",436,"Other shrimps and prawns, live, fresh or chilled"
CDZ,Northern cods NEI,3,Marine fishes,32,"Cods, hakes, haddocks",1514,Demersal Marine Fish,4,Fish and other fishing products,42,"Fish live, fresh or chilled for human consumption",424,"Fish of Gadiformes, live, fresh or chilled"
SEN,Northern fur seal,6,"Whales, seals and other aquatic mammals",63,"Eared seals, hair seals, walruses",1579,Aquatic Mammals,,,,,,
KGF,Northern kingfish,3,Marine fishes,33,Miscellaneous coastal fishes,1514,Demersal Marine Fish,4,Fish and other fishing products,42,"Fish live, fresh or chilled for human consumption",429,"Other fish, live, fresh or chilled"
HUV,Northern nylon shrimp,4,Crustaceans,45,"Shrimps, prawns",1553,Crustaceans,4,Fish and other fishing products,43,"Crustaceans, live, fresh or chilled",435,"Cold-water shrimps and prawns (Pandalus spp., Crangon crangon), live, fresh or chilled"
FPI,Northern pike,1,Freshwater fishes,13,Miscellaneous freshwater fishes,1501,Freshwater and Diadromous Fish,4,Fish and other fishing products,42,"Fish live, fresh or chilled for human consumption",421,"Freshwater fish, live, fresh or chilled"
APS,Northern pink shrimp,4,Crustaceans,45,"Shrimps, prawns",1553,Crustaceans,4,Fish and other fishing products,43,"Crustaceans, live, fresh or chilled",436,"Other shrimps and prawns, live, fresh or chilled"
PRA,Northern prawn,4,Crustaceans,45,"Shrimps, prawns",1553,Crustaceans,4,Fish and other fishing products,43,"Crustaceans, live, fresh or chilled",435,"Cold-water shrimps and prawns (Pandalus spp., Crangon crangon), live, fresh or chilled"
PUF,Northern puffer,3,Marine fishes,33,Miscellaneous coastal fishes,1514,Demersal Marine Fish,4,Fish and other fishing products,42,"Fish live, fresh or chilled for human consumption",429,"Other fish, live, fresh or chilled"
CLH,Northern quahog(=Hard clam),5,Molluscs,56,"Clams, cockles, arkshells",1562,Molluscs excl. Cephalopods,4,Fish and other fishing products,44,"Molluscs live, fresh or chilled",445,"Clams, cockles and ark shells, live, fresh or chilled"
SNR,Northern red snapper,3,Marine fishes,33,Miscellaneous coastal fishes,1514,Demersal Marine Fish,4,Fish and other fishing products,42,"Fish live, fresh or chilled for human consumption",429,"Other fish, live, fresh or chilled"
EUG,Northern right whale,6,"Whales, seals and other aquatic mammals",61,"Blue-whales, fin-whales",1579,Aquatic Mammals,,,,,,
RNW,Northern right whale dolphin,6,"Whales, seals and other aquatic mammals",62,"Sperm-whales, pilot-whales",1579,Aquatic Mammals,,,,,,
PFF,Northern sand flathead,3,Marine fishes,33,Miscellaneous coastal fishes,1514,Demersal Marine Fish,4,Fish and other fishing products,42,"Fish live, fresh or chilled for human consumption",429,"Other fish, live, fresh or chilled"
PQC,Northern searobin,3,Marine fishes,34,Miscellaneous demersal fishes,1514,Demersal Marine Fish,4,Fish and other fishing products,42,"Fish live, fresh or chilled for human consumption",429,"Other fish, live, fresh or chilled"
SQI,Northern shortfin squid,5,Molluscs,57,"Squids, cuttlefishes, octopuses",1570,Cephalopods,4,Fish and other fishing products,44,"Molluscs live, fresh or chilled",446,"Cuttlefish and squid, live, fresh or chilled"
UAG,Northern stargazer,3,Marine fishes,34,Miscellaneous demersal fishes,1514,Demersal Marine Fish,4,Fish and other fishing products,42,"Fish live, fresh or chilled for human consumption",429,"Other fish, live, fresh or chilled"
NMU,Northern velvet shrimp,4,Crustaceans,45,"Shrimps, prawns",1553,Crustaceans,4,Fish and other fishing products,43,"Crustaceans, live, fresh or chilled",436,"Other shrimps and prawns, live, fresh or chilled"
PST,Northern white shrimp,4,Crustaceans,45,"Shrimps, prawns",1553,Crustaceans,4,Fish and other fishing products,43,"Crustaceans, live, fresh or chilled",436,"Other shrimps and prawns, live, fresh or chilled"
CAB,Northern wolffish,3,Marine fishes,34,Miscellaneous demersal fishes,1514,Demersal Marine Fish,4,Fish and other fishing products,42,"Fish live, fresh or chilled for human consumption",429,"Other fish, live, fresh or chilled"
LAH,North European kelp,9,Aquatic plants,91,Brown seaweeds,1594,Aquatic Plants,4,Fish and other fishing products,49,Other aquatic plants and animals,493,"Seaweeds and other algae, fresh, frozen or dried, whether or not ground"
NHA,North Pacific hake,3,Marine fishes,32,"Cods, hakes, haddocks",1514,Demersal Marine Fish,4,Fish and other fishing products,42,"Fish live, fresh or chilled for human consumption",424,"Fish of Gadiformes, live, fresh or chilled"
NEP,Norway lobster,4,Crustaceans,43,"Lobsters, spiny-rock lobsters",1553,Crustaceans,4,Fish and other fishing products,43,"Crustaceans, live, fresh or chilled",434,"Norway lobsters, live, fresh or chilled"
NOP,Norway pout,3,Marine fishes,32,"Cods, hakes, haddocks",1514,Demersal Marine Fish,4,Fish and other fishing products,42,"Fish live, fresh or chilled for human consumption",424,"Fish of Gadiformes, live, fresh or chilled"
SFV,Norway redfish,3,Marine fishes,34,Miscellaneous demersal fishes,1514,Demersal Marine Fish,4,Fish and other fishing products,42,"Fish live, fresh or chilled for human consumption",429,"Other fish, live, fresh or chilled"
LVC,Norwegian egg cockle,5,Molluscs,56,"Clams, cockles, arkshells",1562,Molluscs excl. Cephalopods,4,Fish and other fishing products,44,"Molluscs live, fresh or chilled",445,"Clams, cockles and ark shells, live, fresh or chilled"
NKR,Norwegian krill,4,Crustaceans,46,"Krill, planktonic crustaceans",1553,Crustaceans,4,Fish and other fishing products,43,"Crustaceans, live, fresh or chilled",439,"Other crustaceans, live, fresh or chilled"
JAD,Norwegian skate,3,Marine fishes,38,"Sharks, rays, chimaeras",1514,Demersal Marine Fish,4,Fish and other fishing products,42,"Fish live, fresh or chilled for human consumption",429,"Other fish, live, fresh or chilled"
NNY,[Nototheniops nybelini],3,Marine fishes,33,Miscellaneous coastal fishes,1514,Demersal Marine Fish,4,Fish and other fishing products,42,"Fish live, fresh or chilled for human consumption",429,"Other fish, live, fresh or chilled"
SYT,Nursehound,3,Marine fishes,38,"Sharks, rays, chimaeras",1514,Demersal Marine Fish,4,Fish and other fishing products,42,"Fish live, fresh or chilled for human consumption",429,"Other fish, live, fresh or chilled"
GNC,Nurse shark,3,Marine fishes,38,"Sharks, rays, chimaeras",1514,Demersal Marine Fish,4,Fish and other fishing products,42,"Fish live, fresh or chilled for human consumption",429,"Other fish, live, fresh or chilled"
BZC,Nurse tetra,1,Freshwater fishes,13,Miscellaneous freshwater fishes,1501,Freshwater and Diadromous Fish,4,Fish and other fishing products,42,"Fish live, fresh or chilled for human consumption",421,"Freshwater fish, live, fresh or chilled"
HZK,Nylon shrimps NEI,4,Crustaceans,45,"Shrimps, prawns",1553,Crustaceans,4,Fish and other fishing products,43,"Crustaceans, live, fresh or chilled",435,"Cold-water shrimps and prawns (Pandalus spp., Crangon crangon), live, fresh or chilled"
LWZ,Oblique-banded snapper,3,Marine fishes,33,Miscellaneous coastal fishes,1514,Demersal Marine Fish,4,Fish and other fishing products,42,"Fish live, fresh or chilled for human consumption",429,"Other fish, live, fresh or chilled"
UTM,Oblong otter shell,5,Molluscs,56,"Clams, cockles, arkshells",1562,Molluscs excl. Cephalopods,4,Fish and other fishing products,44,"Molluscs live, fresh or chilled",445,"Clams, cockles and ark shells, live, fresh or chilled"
TZO,Obscure pufferfish,3,Marine fishes,33,Miscellaneous coastal fishes,1514,Demersal Marine Fish,4,Fish and other fishing products,42,"Fish live, fresh or chilled for human consumption",429,"Other fish, live, fresh or chilled"
YRB,Obtuse barracuda,3,Marine fishes,37,Miscellaneous pelagic fishes,1527,Pelagic Marine Fish,4,Fish and other fishing products,42,"Fish live, fresh or chilled for human consumption",426,"Other pelagic fish, live, fresh or chilled"
CJF,Oceanian crayfishes NEI,4,Crustaceans,41,Freshwater crustaceans,1553,Crustaceans,4,Fish and other fishing products,43,"Crustaceans, live, fresh or chilled",439,"Other crustaceans, live, fresh or chilled"
LGH,Oceanic puffer,3,Marine fishes,33,Miscellaneous coastal fishes,1514,Demersal Marine Fish,4,Fish and other fishing products,42,"Fish live, fresh or chilled for human consumption",429,"Other fish, live, fresh or chilled"
OCS,Oceanic whitetip shark,3,Marine fishes,38,"Sharks, rays, chimaeras",1514,Demersal Marine Fish,4,Fish and other fishing products,42,"Fish live, fresh or chilled for human consumption",429,"Other fish, live, fresh or chilled"
OPT,Ocean pout,3,Marine fishes,33,Miscellaneous coastal fishes,1514,Demersal Marine Fish,4,Fish and other fishing products,42,"Fish live, fresh or chilled for human consumption",429,"Other fish, live, fresh or chilled"
CLQ,Ocean quahog,5,Molluscs,56,"Clams, cockles, arkshells",1562,Molluscs excl. Cephalopods,4,Fish and other fishing products,44,"Molluscs live, fresh or chilled",445,"Clams, cockles and ark shells, live, fresh or chilled"
PJK,Ocean shrimp,4,Crustaceans,45,"Shrimps, prawns",1553,Crustaceans,4,Fish and other fishing products,43,"Crustaceans, live, fresh or chilled",435,"Cold-water shrimps and prawns (Pandalus spp., Crangon crangon), live, fresh or chilled"
MOX,Ocean sunfish,3,Marine fishes,37,Miscellaneous pelagic fishes,1527,Pelagic Marine Fish,4,Fish and other fishing products,42,"Fish live, fresh or chilled for human consumption",426,"Other pelagic fish, live, fresh or chilled"
CZT,Ocean triggerfish,3,Marine fishes,33,Miscellaneous coastal fishes,1514,Demersal Marine Fish,4,Fish and other fishing products,42,"Fish live, fresh or chilled for human consumption",429,"Other fish, live, fresh or chilled"
ULP,Ocean whitefish,3,Marine fishes,34,Miscellaneous demersal fishes,1514,Demersal Marine Fish,4,Fish and other fishing products,42,"Fish live, fresh or chilled for human consumption",429,"Other fish, live, fresh or chilled"
KIF,Ocellated icefish,3,Marine fishes,34,Miscellaneous demersal fishes,1514,Demersal Marine Fish,4,Fish and other fishing products,42,"Fish live, fresh or chilled for human consumption",429,"Other fish, live, fresh or chilled"
DHZ,Ocellated wedge sole,3,Marine fishes,31,"Flounders, halibuts, soles",1514,Demersal Marine Fish,4,Fish and other fishing products,42,"Fish live, fresh or chilled for human consumption",423,"Flatfish, live, fresh or chilled"
OCT,"Octopuses, etc. NEI",5,Molluscs,57,"Squids, cuttlefishes, octopuses",1570,Cephalopods,4,Fish and other fishing products,44,"Molluscs live, fresh or chilled",447,"Octopus, live, fresh or chilled"
OCZ,Octopuses NEI,5,Molluscs,57,"Squids, cuttlefishes, octopuses",1570,Cephalopods,4,Fish and other fishing products,44,"Molluscs live, fresh or chilled",447,"Octopus, live, fresh or chilled"
QIX,[Ocypode spp],4,Crustaceans,42,"Crabs, sea-spiders",1553,Crustaceans,4,Fish and other fishing products,43,"Crustaceans, live, fresh or chilled",431,"Crabs, live, fresh or chilled"
OWM,[Odontesthes smitti],3,Marine fishes,37,Miscellaneous pelagic fishes,1527,Pelagic Marine Fish,4,Fish and other fishing products,42,"Fish live, fresh or chilled for human consumption",426,"Other pelagic fish, live, fresh or chilled"
POI,Offshore rockfish,3,Marine fishes,34,Miscellaneous demersal fishes,1514,Demersal Marine Fish,4,Fish and other fishing products,42,"Fish live, fresh or chilled for human consumption",429,"Other fish, live, fresh or chilled"
HOF,Offshore silver hake,3,Marine fishes,32,"Cods, hakes, haddocks",1514,Demersal Marine Fish,4,Fish and other fishing products,42,"Fish live, fresh or chilled for human consumption",424,"Fish of Gadiformes, live, fresh or chilled"
QFP,Ohrid trout,2,Diadromous fishes,23,"Salmons, trouts, smelts",1501,Freshwater and Diadromous Fish,4,Fish and other fishing products,42,"Fish live, fresh or chilled for human consumption",422,"Salmonidae, live, fresh or chilled"
OIL,Oilfish,3,Marine fishes,34,Miscellaneous demersal fishes,1514,Demersal Marine Fish,4,Fish and other fishing products,42,"Fish live, fresh or chilled for human consumption",429,"Other fish, live, fresh or chilled"
ATK,Okhotsk atka mackerel,3,Marine fishes,33,Miscellaneous coastal fishes,1514,Demersal Marine Fish,4,Fish and other fishing products,42,"Fish live, fresh or chilled for human consumption",429,"Other fish, live, fresh or chilled"
PUS,Olive barb,1,Freshwater fishes,11,"Carps, barbels and other cyprinids",1501,Freshwater and Diadromous Fish,4,Fish and other fishing products,42,"Fish live, fresh or chilled for human consumption",421,"Freshwater fish, live, fresh or chilled"
KTG,Olive green cockle,5,Molluscs,56,"Clams, cockles, arkshells",1562,Molluscs excl. Cephalopods,4,Fish and other fishing products,44,"Molluscs live, fresh or chilled",445,"Clams, cockles and ark shells, live, fresh or chilled"
EPF,Olive grouper,3,Marine fishes,33,Miscellaneous coastal fishes,1514,Demersal Marine Fish,4,Fish and other fishing products,42,"Fish live, fresh or chilled for human consumption",429,"Other fish, live, fresh or chilled"
SED,Olive rockfish,3,Marine fishes,34,Miscellaneous demersal fishes,1514,Demersal Marine Fish,4,Fish and other fishing products,42,"Fish live, fresh or chilled for human consumption",429,"Other fish, live, fresh or chilled"
OYH,Olympia oyster,5,Molluscs,53,Oysters,1562,Molluscs excl. Cephalopods,4,Fish and other fishing products,44,"Molluscs live, fresh or chilled",442,"Oysters, live, fresh or chilled"
OMZ,Ommastrephidae squids NEI,5,Molluscs,57,"Squids, cuttlefishes, octopuses",1570,Cephalopods,4,Fish and other fishing products,44,"Molluscs live, fresh or chilled",446,"Cuttlefish and squid, live, fresh or chilled"
LAG,Opah,3,Marine fishes,37,Miscellaneous pelagic fishes,1527,Pelagic Marine Fish,4,Fish and other fishing products,42,"Fish live, fresh or chilled for human consumption",426,"Other pelagic fish, live, fresh or chilled"
LAP,Opahs NEI,3,Marine fishes,37,Miscellaneous pelagic fishes,1527,Pelagic Marine Fish,4,Fish and other fishing products,42,"Fish live, fresh or chilled for human consumption",426,"Other pelagic fish, live, fresh or chilled"
SQO,Opalescent inshore squid,5,Molluscs,57,"Squids, cuttlefishes, octopuses",1570,Cephalopods,4,Fish and other fishing products,44,"Molluscs live, fresh or chilled",446,"Cuttlefish and squid, live, fresh or chilled"
OFT,[Ophioblennius atlanticus],3,Marine fishes,33,Miscellaneous coastal fishes,1514,Demersal Marine Fish,4,Fish and other fishing products,42,"Fish live, fresh or chilled for human consumption",429,"Other fish, live, fresh or chilled"
OZL,[Ophioderma brevispinum],7,Miscellaneous aquatic animals,76,Sea-urchins and other echinoderms,1587,Aquatic Animals NEI,4,Fish and other fishing products,45,"Other aquatic invertebrates, live, fresh or chilled",459,"Other aquatic invertebrates, live, fresh or chilled, n.e.c."
OLF,[Oplegnathus fasciatus],3,Marine fishes,33,Miscellaneous coastal fishes,1514,Demersal Marine Fish,4,Fish and other fishing products,42,"Fish live, fresh or chilled for human consumption",429,"Other fish, live, fresh or chilled"
OFE,Orangeback flying squid,5,Molluscs,57,"Squids, cuttlefishes, octopuses",1570,Cephalopods,4,Fish and other fishing products,44,"Molluscs live, fresh or chilled",446,"Cuttlefish and squid, live, fresh or chilled"
LCB,Orangefin labeo,1,Freshwater fishes,11,"Carps, barbels and other cyprinids",1501,Freshwater and Diadromous Fish,4,Fish and other fishing products,42,"Fish live, fresh or chilled for human consumption",421,"Freshwater fish, live, fresh or chilled"
YYP,Orange goatfish,3,Marine fishes,33,Miscellaneous coastal fishes,1514,Demersal Marine Fish,4,Fish and other fishing products,42,"Fish live, fresh or chilled for human consumption",429,"Other fish, live, fresh or chilled"
YLW,Orange mud crab,4,Crustaceans,42,"Crabs, sea-spiders",1553,Crustaceans,4,Fish and other fishing products,43,"Crustaceans, live, fresh or chilled",431,"Crabs, live, fresh or chilled"
LDP,Orange perch,3,Marine fishes,33,Miscellaneous coastal fishes,1514,Demersal Marine Fish,4,Fish and other fishing products,42,"Fish live, fresh or chilled for human consumption",429,"Other fish, live, fresh or chilled"
ORY,Orange roughy,3,Marine fishes,34,Miscellaneous demersal fishes,1514,Demersal Marine Fish,4,Fish and other fishing products,42,"Fish live, fresh or chilled for human consumption",429,"Other fish, live, fresh or chilled"
NAI,Orangespine unicornfish,3,Marine fishes,33,Miscellaneous coastal fishes,1514,Demersal Marine Fish,4,Fish and other fishing products,42,"Fish live, fresh or chilled for human consumption",429,"Other fish, live, fresh or chilled"
AQV,Orangespot surgeonfish,3,Marine fishes,33,Miscellaneous coastal fishes,1514,Demersal Marine Fish,4,Fish and other fishing products,42,"Fish live, fresh or chilled for human consumption",429,"Other fish, live, fresh or chilled"
ENI,Orange-spotted grouper,3,Marine fishes,33,Miscellaneous coastal fishes,1514,Demersal Marine Fish,4,Fish and other fishing products,42,"Fish live, fresh or chilled for human consumption",429,"Other fish, live, fresh or chilled"
NGJ,Orangespotted trevally,3,Marine fishes,37,Miscellaneous pelagic fishes,1527,Pelagic Marine Fish,4,Fish and other fishing products,42,"Fish live, fresh or chilled for human consumption",426,"Other pelagic fish, live, fresh or chilled"
LWO,Orange-striped emperor,3,Marine fishes,33,Miscellaneous coastal fishes,1514,Demersal Marine Fish,4,Fish and other fishing products,42,"Fish live, fresh or chilled for human consumption",429,"Other fish, live, fresh or chilled"
LXR,Orbicular batfish,3,Marine fishes,33,Miscellaneous coastal fishes,1514,Demersal Marine Fish,4,Fish and other fishing products,42,"Fish live, fresh or chilled for human consumption",429,"Other fish, live, fresh or chilled"
WIY,Ordway's brotula,3,Marine fishes,34,Miscellaneous demersal fishes,1514,Demersal Marine Fish,4,Fish and other fishing products,42,"Fish live, fresh or chilled for human consumption",429,"Other fish, live, fresh or chilled"
OIT,[Oreochromis tanganicae],1,Freshwater fishes,12,Tilapias and other cichlids,1501,Freshwater and Diadromous Fish,4,Fish and other fishing products,42,"Fish live, fresh or chilled for human consumption",421,"Freshwater fish, live, fresh or chilled"
ORD,Oreo dories NEI,3,Marine fishes,34,Miscellaneous demersal fishes,1514,Demersal Marine Fish,4,Fish and other fishing products,42,"Fish live, fresh or chilled for human consumption",429,"Other fish, live, fresh or chilled"
FID,Orfe(=Ide),1,Freshwater fishes,11,"Carps, barbels and other cyprinids",1501,Freshwater and Diadromous Fish,4,Fish and other fishing products,42,"Fish live, fresh or chilled for human consumption",421,"Freshwater fish, live, fresh or chilled"
KNJ,Oriental cyclina,5,Molluscs,56,"Clams, cockles, arkshells",1562,Molluscs excl. Cephalopods,4,Fish and other fishing products,44,"Molluscs live, fresh or chilled",445,"Clams, cockles and ark shells, live, fresh or chilled"
MNX,Oriental river prawn,4,Crustaceans,41,Freshwater crustaceans,1553,Crustaceans,4,Fish and other fishing products,43,"Crustaceans, live, fresh or chilled",436,"Other shrimps and prawns, live, fresh or chilled"
WLL,Oriental sole,3,Marine fishes,31,"Flounders, halibuts, soles",1514,Demersal Marine Fish,4,Fish and other fishing products,42,"Fish live, fresh or chilled for human consumption",423,"Flatfish, live, fresh or chilled"
NUR,Ornate spiny lobster,4,Crustaceans,43,"Lobsters, spiny-rock lobsters",1553,Crustaceans,4,Fish and other fishing products,43,"Crustaceans, live, fresh or chilled",432,"Rock lobster and other sea crawfish, live, fresh or chilled"
TMP,Ornate wrasse,3,Marine fishes,33,Miscellaneous coastal fishes,1514,Demersal Marine Fish,4,Fish and other fishing products,42,"Fish live, fresh or chilled for human consumption",429,"Other fish, live, fresh or chilled"
TOC,Oscar,1,Freshwater fishes,12,Tilapias and other cichlids,1501,Freshwater and Diadromous Fish,4,Fish and other fishing products,42,"Fish live, fresh or chilled for human consumption",421,"Freshwater fish, live, fresh or chilled"
LRO,Oxeye scad,3,Marine fishes,37,Miscellaneous pelagic fishes,1527,Pelagic Marine Fish,4,Fish and other fishing products,42,"Fish live, fresh or chilled for human consumption",426,"Other pelagic fish, live, fresh or chilled"
OXK,[Oxydoras kneri],1,Freshwater fishes,13,Miscellaneous freshwater fishes,1501,Freshwater and Diadromous Fish,4,Fish and other fishing products,42,"Fish live, fresh or chilled for human consumption",421,"Freshwater fish, live, fresh or chilled"
VEP,Pacific anchoveta,3,Marine fishes,35,"Herrings, sardines, anchovies",1527,Pelagic Marine Fish,4,Fish and other fishing products,42,"Fish live, fresh or chilled for human consumption",426,"Other pelagic fish, live, fresh or chilled"
SUC,Pacific angelshark,3,Marine fishes,38,"Sharks, rays, chimaeras",1514,Demersal Marine Fish,4,Fish and other fishing products,42,"Fish live, fresh or chilled for human consumption",429,"Other fish, live, fresh or chilled"
FSV,Pacific asaphis,5,Molluscs,56,"Clams, cockles, arkshells",1562,Molluscs excl. Cephalopods,4,Fish and other fishing products,44,"Molluscs live, fresh or chilled",445,"Clams, cockles and ark shells, live, fresh or chilled"
YRG,Pacific barracuda,3,Marine fishes,37,Miscellaneous pelagic fishes,1527,Pelagic Marine Fish,4,Fish and other fishing products,42,"Fish live, fresh or chilled for human consumption",426,"Other pelagic fish, live, fresh or chilled"
PBF,Pacific bluefin tuna,3,Marine fishes,36,"Tunas, bonitos, billfishes",1527,Pelagic Marine Fish,4,Fish and other fishing products,42,"Fish live, fresh or chilled for human consumption",425,"Tunas, skipjack or stripe-bellied bonito, live, fresh or chilled"
HSO,Pacific bumper,3,Marine fishes,37,Miscellaneous pelagic fishes,1527,Pelagic Marine Fish,4,Fish and other fishing products,42,"Fish live, fresh or chilled for human consumption",426,"Other pelagic fish, live, fresh or chilled"
SCH,Pacific calico scallop,5,Molluscs,55,"Scallops, pectens",1562,Molluscs excl. Cephalopods,4,Fish and other fishing products,44,"Molluscs live, fresh or chilled",444,"Scallops, live, fresh or chilled"
MAS,Pacific chub mackerel,3,Marine fishes,37,Miscellaneous pelagic fishes,1527,Pelagic Marine Fish,4,Fish and other fishing products,42,"Fish live, fresh or chilled for human consumption",426,"Other pelagic fish, live, fresh or chilled"
PCO,Pacific cod,3,Marine fishes,32,"Cods, hakes, haddocks",1514,Demersal Marine Fish,4,Fish and other fishing products,42,"Fish live, fresh or chilled for human consumption",424,"Fish of Gadiformes, live, fresh or chilled"
FUC,Pacific cornetfish,3,Marine fishes,33,Miscellaneous coastal fishes,1514,Demersal Marine Fish,4,Fish and other fishing products,42,"Fish live, fresh or chilled for human consumption",429,"Other fish, live, fresh or chilled"
FNI,Pacific creole-fish,3,Marine fishes,33,Miscellaneous coastal fishes,1514,Demersal Marine Fish,4,Fish and other fishing products,42,"Fish live, fresh or chilled for human consumption",429,"Other fish, live, fresh or chilled"
NXN,Pacific crevalle jack,3,Marine fishes,37,Miscellaneous pelagic fishes,1527,Pelagic Marine Fish,4,Fish and other fishing products,42,"Fish live, fresh or chilled for human consumption",426,"Other pelagic fish, live, fresh or chilled"
OYG,Pacific cupped oyster,5,Molluscs,53,Oysters,1562,Molluscs excl. Cephalopods,4,Fish and other fishing products,44,"Molluscs live, fresh or chilled",442,"Oysters, live, fresh or chilled"
LJW,Pacific dog snapper,3,Marine fishes,33,Miscellaneous coastal fishes,1514,Demersal Marine Fish,4,Fish and other fishing products,42,"Fish live, fresh or chilled for human consumption",429,"Other fish, live, fresh or chilled"
LSI,Pacific drum,3,Marine fishes,33,Miscellaneous coastal fishes,1514,Demersal Marine Fish,4,Fish and other fishing products,42,"Fish live, fresh or chilled for human consumption",429,"Other fish, live, fresh or chilled"
DOM,Pacific fat sleeper,1,Freshwater fishes,13,Miscellaneous freshwater fishes,1501,Freshwater and Diadromous Fish,4,Fish and other fishing products,42,"Fish live, fresh or chilled for human consumption",421,"Freshwater fish, live, fresh or chilled"
UUZ,Pacific flagfin mojarra,3,Marine fishes,33,Miscellaneous coastal fishes,1514,Demersal Marine Fish,4,Fish and other fishing products,42,"Fish live, fresh or chilled for human consumption",429,"Other fish, live, fresh or chilled"
HCT,Pacific flatiron herring,3,Marine fishes,35,"Herrings, sardines, anchovies",1527,Pelagic Marine Fish,4,Fish and other fishing products,42,"Fish live, fresh or chilled for human consumption",426,"Other pelagic fish, live, fresh or chilled"
GEC,Pacific geoduck,5,Molluscs,56,"Clams, cockles, arkshells",1562,Molluscs excl. Cephalopods,4,Fish and other fishing products,44,"Molluscs live, fresh or chilled",445,"Clams, cockles and ark shells, live, fresh or chilled"
HBJ,Pacific golden crab,4,Crustaceans,42,"Crabs, sea-spiders",1553,Crustaceans,4,Fish and other fishing products,43,"Crustaceans, live, fresh or chilled",431,"Crabs, live, fresh or chilled"
EZQ,Pacific goliath grouper,3,Marine fishes,33,Miscellaneous coastal fishes,1514,Demersal Marine Fish,4,Fish and other fishing products,42,"Fish live, fresh or chilled for human consumption",429,"Other fish, live, fresh or chilled"
ZPE,Pacific goose barnacle,4,Crustaceans,47,Miscellaneous marine crustaceans,1553,Crustaceans,4,Fish and other fishing products,43,"Crustaceans, live, fresh or chilled",439,"Other crustaceans, live, fresh or chilled"
CKE,Pacific grenadier,3,Marine fishes,32,"Cods, hakes, haddocks",1514,Demersal Marine Fish,4,Fish and other fishing products,42,"Fish live, fresh or chilled for human consumption",424,"Fish of Gadiformes, live, fresh or chilled"
GUF,Pacific guitarfish,3,Marine fishes,38,"Sharks, rays, chimaeras",1514,Demersal Marine Fish,4,Fish and other fishing products,42,"Fish live, fresh or chilled for human consumption",429,"Other fish, live, fresh or chilled"
MYU,Pacific hagfish,3,Marine fishes,33,Miscellaneous coastal fishes,1514,Demersal Marine Fish,4,Fish and other fishing products,42,"Fish live, fresh or chilled for human consumption",429,"Other fish, live, fresh or chilled"
HAP,Pacific halibut,3,Marine fishes,31,"Flounders, halibuts, soles",1514,Demersal Marine Fish,4,Fish and other fishing products,42,"Fish live, fresh or chilled for human consumption",423,"Flatfish, live, fresh or chilled"
WPM,Pacific harvestfish,3,Marine fishes,37,Miscellaneous pelagic fishes,1527,Pelagic Marine Fish,4,Fish and other fishing products,42,"Fish live, fresh or chilled for human consumption",426,"Other pelagic fish, live, fresh or chilled"
HEP,Pacific herring,3,Marine fishes,35,"Herrings, sardines, anchovies",1527,Pelagic Marine Fish,4,Fish and other fishing products,42,"Fish live, fresh or chilled for human consumption",426,"Other pelagic fish, live, fresh or chilled"
TQU,Pacific horse clam,5,Molluscs,56,"Clams, cockles, arkshells",1562,Molluscs excl. Cephalopods,4,Fish and other fishing products,44,"Molluscs live, fresh or chilled",445,"Clams, cockles and ark shells, live, fresh or chilled"
TQZ,Pacific horse clams NEI,5,Molluscs,56,"Clams, cockles, arkshells",1562,Molluscs excl. Cephalopods,4,Fish and other fishing products,44,"Molluscs live, fresh or chilled",445,"Clams, cockles and ark shells, live, fresh or chilled"
PJM,Pacific jack mackerel,3,Marine fishes,37,Miscellaneous pelagic fishes,1527,Pelagic Marine Fish,4,Fish and other fishing products,42,"Fish live, fresh or chilled for human consumption",426,"Other pelagic fish, live, fresh or chilled"
PTS,Pacific littleneck clam,5,Molluscs,56,"Clams, cockles, arkshells",1562,Molluscs excl. Cephalopods,4,Fish and other fishing products,44,"Molluscs live, fresh or chilled",445,"Clams, cockles and ark shells, live, fresh or chilled"
NFO,Pacific lobsterette,4,Crustaceans,43,"Lobsters, spiny-rock lobsters",1553,Crustaceans,4,Fish and other fishing products,43,"Crustaceans, live, fresh or chilled",439,"Other crustaceans, live, fresh or chilled"
MGZ,Pacific melongena,5,Molluscs,52,"Abalones, winkles, conchs",1562,Molluscs excl. Cephalopods,4,Fish and other fishing products,44,"Molluscs live, fresh or chilled",449,"Other molluscs, live, fresh or chilled"
MES,Pacific menhaden,3,Marine fishes,35,"Herrings, sardines, anchovies",1527,Pelagic Marine Fish,4,Fish and other fishing products,42,"Fish live, fresh or chilled for human consumption",426,"Other pelagic fish, live, fresh or chilled"
LWV,Pacific mutton hamlet,3,Marine fishes,33,Miscellaneous coastal fishes,1514,Demersal Marine Fish,4,Fish and other fishing products,42,"Fish live, fresh or chilled for human consumption",429,"Other fish, live, fresh or chilled"
OPP,Pacific ocean perch,3,Marine fishes,34,Miscellaneous demersal fishes,1514,Demersal Marine Fish,4,Fish and other fishing products,42,"Fish live, fresh or chilled for human consumption",429,"Other fish, live, fresh or chilled"
LCS,Pacific piquitinga,3,Marine fishes,35,"Herrings, sardines, anchovies",1527,Pelagic Marine Fish,4,Fish and other fishing products,42,"Fish live, fresh or chilled for human consumption",426,"Other pelagic fish, live, fresh or chilled"
BPQ,Pacific pomfret,3,Marine fishes,37,Miscellaneous pelagic fishes,1527,Pelagic Marine Fish,4,Fish and other fishing products,42,"Fish live, fresh or chilled for human consumption",426,"Other pelagic fish, live, fresh or chilled"
PPO,Pacific pompano,3,Marine fishes,37,Miscellaneous pelagic fishes,1527,Pelagic Marine Fish,4,Fish and other fishing products,42,"Fish live, fresh or chilled for human consumption",426,"Other pelagic fish, live, fresh or chilled"
CKQ,Pacific porgy,3,Marine fishes,33,Miscellaneous coastal fishes,1514,Demersal Marine Fish,4,Fish and other fishing products,42,"Fish live, fresh or chilled for human consumption",429,"Other fish, live, fresh or chilled"
RAP,Pacific razor clam,5,Molluscs,56,"Clams, cockles, arkshells",1562,Molluscs excl. Cephalopods,4,Fish and other fishing products,44,"Molluscs live, fresh or chilled",445,"Clams, cockles and ark shells, live, fresh or chilled"
LWP,Pacific red snapper,3,Marine fishes,33,Miscellaneous coastal fishes,1514,Demersal Marine Fish,4,Fish and other fishing products,42,"Fish live, fresh or chilled for human consumption",429,"Other fish, live, fresh or chilled"
ROC,Pacific rock crab,4,Crustaceans,42,"Crabs, sea-spiders",1553,Crustaceans,4,Fish and other fishing products,43,"Crustaceans, live, fresh or chilled",431,"Crabs, live, fresh or chilled"
YII,Pacific rock shrimp,4,Crustaceans,45,"Shrimps, prawns",1553,Crustaceans,4,Fish and other fishing products,43,"Crustaceans, live, fresh or chilled",436,"Other shrimps and prawns, live, fresh or chilled"
BUP,Pacific rudderfish,3,Marine fishes,34,Miscellaneous demersal fishes,1514,Demersal Marine Fish,4,Fish and other fishing products,42,"Fish live, fresh or chilled for human consumption",429,"Other fish, live, fresh or chilled"
ORC,Pacific salmons NEI,2,Diadromous fishes,23,"Salmons, trouts, smelts",1501,Freshwater and Diadromous Fish,4,Fish and other fishing products,42,"Fish live, fresh or chilled for human consumption",422,"Salmonidae, live, fresh or chilled"
IYO,Pacific sanddab,3,Marine fishes,31,"Flounders, halibuts, soles",1514,Demersal Marine Fish,4,Fish and other fishing products,42,"Fish live, fresh or chilled for human consumption",423,"Flatfish, live, fresh or chilled"
PAS,Pacific sandlance,3,Marine fishes,33,Miscellaneous coastal fishes,1514,Demersal Marine Fish,4,Fish and other fishing products,42,"Fish live, fresh or chilled for human consumption",429,"Other fish, live, fresh or chilled"
ROJ,Pacific sandperch,3,Marine fishes,33,Miscellaneous coastal fishes,1514,Demersal Marine Fish,4,Fish and other fishing products,42,"Fish live, fresh or chilled for human consumption",429,"Other fish, live, fresh or chilled"
YSE,Pacific sand sole,3,Marine fishes,31,"Flounders, halibuts, soles",1514,Demersal Marine Fish,4,Fish and other fishing products,42,"Fish live, fresh or chilled for human consumption",423,"Flatfish, live, fresh or chilled"
CHP,Pacific sardine,3,Marine fishes,35,"Herrings, sardines, anchovies",1527,Pelagic Marine Fish,4,Fish and other fishing products,42,"Fish live, fresh or chilled for human consumption",426,"Other pelagic fish, live, fresh or chilled"
SAP,Pacific saury,3,Marine fishes,37,Miscellaneous pelagic fishes,1527,Pelagic Marine Fish,4,Fish and other fishing products,42,"Fish live, fresh or chilled for human consumption",426,"Other pelagic fish, live, fresh or chilled"
TIT,Pacific seabob,4,Crustaceans,45,"Shrimps, prawns",1553,Crustaceans,4,Fish and other fishing products,43,"Crustaceans, live, fresh or chilled",436,"Other shrimps and prawns, live, fresh or chilled"
BOS,Pacific seabobs,4,Crustaceans,45,"Shrimps, prawns",1553,Crustaceans,4,Fish and other fishing products,43,"Crustaceans, live, fresh or chilled",436,"Other shrimps and prawns, live, fresh or chilled"
PSH,Pacific shrimps NEI,4,Crustaceans,45,"Shrimps, prawns",1553,Crustaceans,4,Fish and other fishing products,43,"Crustaceans, live, fresh or chilled",435,"Cold-water shrimps and prawns (Pandalus spp., Crangon crangon), live, fresh or chilled"
SIE,Pacific sierra,3,Marine fishes,36,"Tunas, bonitos, billfishes",1527,Pelagic Marine Fish,4,Fish and other fishing products,42,"Fish live, fresh or chilled for human consumption",426,"Other pelagic fish, live, fresh or chilled"
SON,Pacific sleeper shark,3,Marine fishes,38,"Sharks, rays, chimaeras",1514,Demersal Marine Fish,4,Fish and other fishing products,42,"Fish live, fresh or chilled for human consumption",429,"Other fish, live, fresh or chilled"
NBO,Pacific smalleye croaker,3,Marine fishes,33,Miscellaneous coastal fishes,1514,Demersal Marine Fish,4,Fish and other fishing products,42,"Fish live, fresh or chilled for human consumption",429,"Other fish, live, fresh or chilled"
HTZ,Pacific spadefish,3,Marine fishes,33,Miscellaneous coastal fishes,1514,Demersal Marine Fish,4,Fish and other fishing products,42,"Fish live, fresh or chilled for human consumption",429,"Other fish, live, fresh or chilled"
THP,Pacific thread herring,3,Marine fishes,35,"Herrings, sardines, anchovies",1527,Pelagic Marine Fish,4,Fish and other fishing products,42,"Fish live, fresh or chilled for human consumption",426,"Other pelagic fish, live, fresh or chilled"
MGX,Pacific tomcod,3,Marine fishes,32,"Cods, hakes, haddocks",1514,Demersal Marine Fish,4,Fish and other fishing products,42,"Fish live, fresh or chilled for human consumption",424,"Fish of Gadiformes, live, fresh or chilled"
LOZ,Pacific tripletail,3,Marine fishes,34,Miscellaneous demersal fishes,1514,Demersal Marine Fish,4,Fish and other fishing products,42,"Fish live, fresh or chilled for human consumption",429,"Other fish, live, fresh or chilled"
DWP,Pacific white-sided dolphin,6,"Whales, seals and other aquatic mammals",62,"Sperm-whales, pilot-whales",1579,Aquatic Mammals,,,,,,
LGN,Pacora,1,Freshwater fishes,13,Miscellaneous freshwater fishes,1501,Freshwater and Diadromous Fish,4,Fish and other fishing products,42,"Fish live, fresh or chilled for human consumption",421,"Freshwater fish, live, fresh or chilled"
CSO,Pacu,1,Freshwater fishes,13,Miscellaneous freshwater fishes,1501,Freshwater and Diadromous Fish,4,Fish and other fishing products,42,"Fish live, fresh or chilled for human consumption",421,"Freshwater fish, live, fresh or chilled"
SRK,Painted comber,3,Marine fishes,33,Miscellaneous coastal fishes,1514,Demersal Marine Fish,4,Fish and other fishing products,42,"Fish live, fresh or chilled for human consumption",429,"Other fish, live, fresh or chilled"
AOM,Painted eel,3,Marine fishes,33,Miscellaneous coastal fishes,1514,Demersal Marine Fish,4,Fish and other fishing products,42,"Fish live, fresh or chilled for human consumption",429,"Other fish, live, fresh or chilled"
NOL,Painted notie,3,Marine fishes,33,Miscellaneous coastal fishes,1514,Demersal Marine Fish,4,Fish and other fishing products,42,"Fish live, fresh or chilled for human consumption",429,"Other fish, live, fresh or chilled"
NUV,Painted spiny lobster,4,Crustaceans,43,"Lobsters, spiny-rock lobsters",1553,Crustaceans,4,Fish and other fishing products,43,"Crustaceans, live, fresh or chilled",432,"Rock lobster and other sea crawfish, live, fresh or chilled"
DGP,Painted sweetlips,3,Marine fishes,33,Miscellaneous coastal fishes,1514,Demersal Marine Fish,4,Fish and other fishing products,42,"Fish live, fresh or chilled for human consumption",429,"Other fish, live, fresh or chilled"
PAL,Palaemonid shrimps NEI,4,Crustaceans,45,"Shrimps, prawns",1553,Crustaceans,4,Fish and other fishing products,43,"Crustaceans, live, fresh or chilled",436,"Other shrimps and prawns, live, fresh or chilled"
QPX,Palaemon shrimps NEI,4,Crustaceans,45,"Shrimps, prawns",1553,Crustaceans,4,Fish and other fishing products,43,"Crustaceans, live, fresh or chilled",436,"Other shrimps and prawns, live, fresh or chilled"
NEG,Pale toadfish,3,Marine fishes,34,Miscellaneous demersal fishes,1514,Demersal Marine Fish,4,Fish and other fishing products,42,"Fish live, fresh or chilled for human consumption",429,"Other fish, live, fresh or chilled"
CRW,Palinurid spiny lobsters NEI,4,Crustaceans,43,"Lobsters, spiny-rock lobsters",1553,Crustaceans,4,Fish and other fishing products,43,"Crustaceans, live, fresh or chilled",432,"Rock lobster and other sea crawfish, live, fresh or chilled"
TAP,Paloma pompano,3,Marine fishes,37,Miscellaneous pelagic fishes,1527,Pelagic Marine Fish,4,Fish and other fishing products,42,"Fish live, fresh or chilled for human consumption",426,"Other pelagic fish, live, fresh or chilled"
EAP,Panama anchovy,3,Marine fishes,35,"Herrings, sardines, anchovies",1527,Pelagic Marine Fish,4,Fish and other fishing products,42,"Fish live, fresh or chilled for human consumption",426,"Other pelagic fish, live, fresh or chilled"
YSZ,Panama grunt,3,Marine fishes,33,Miscellaneous coastal fishes,1514,Demersal Marine Fish,4,Fish and other fishing products,42,"Fish live, fresh or chilled for human consumption",429,"Other fish, live, fresh or chilled"
RSM,Panama spadefish,3,Marine fishes,33,Miscellaneous coastal fishes,1514,Demersal Marine Fish,4,Fish and other fishing products,42,"Fish live, fresh or chilled for human consumption",429,"Other fish, live, fresh or chilled"
PDZ,Pandalid shrimps NEI,4,Crustaceans,45,"Shrimps, prawns",1553,Crustaceans,4,Fish and other fishing products,43,"Crustaceans, live, fresh or chilled",435,"Cold-water shrimps and prawns (Pandalus spp., Crangon crangon), live, fresh or chilled"
PAN,Pandalus shrimps NEI,4,Crustaceans,45,"Shrimps, prawns",1553,Crustaceans,4,Fish and other fishing products,43,"Crustaceans, live, fresh or chilled",435,"Cold-water shrimps and prawns (Pandalus spp., Crangon crangon), live, fresh or chilled"
PAX,Pandoras NEI,3,Marine fishes,33,Miscellaneous coastal fishes,1514,Demersal Marine Fish,4,Fish and other fishing products,42,"Fish live, fresh or chilled for human consumption",429,"Other fish, live, fresh or chilled"
PGP,Pangas catfish,1,Freshwater fishes,13,Miscellaneous freshwater fishes,1501,Freshwater and Diadromous Fish,4,Fish and other fishing products,42,"Fish live, fresh or chilled for human consumption",421,"Freshwater fish, live, fresh or chilled"
PGZ,Pangas catfishes NEI,1,Freshwater fishes,13,Miscellaneous freshwater fishes,1501,Freshwater and Diadromous Fish,4,Fish and other fishing products,42,"Fish live, fresh or chilled for human consumption",421,"Freshwater fish, live, fresh or chilled"
PGA,Panga seabream,3,Marine fishes,33,Miscellaneous coastal fishes,1514,Demersal Marine Fish,4,Fish and other fishing products,42,"Fish live, fresh or chilled for human consumption",429,"Other fish, live, fresh or chilled"
PQZ,[Pangasius djambal],1,Freshwater fishes,13,Miscellaneous freshwater fishes,1501,Freshwater and Diadromous Fish,4,Fish and other fishing products,42,"Fish live, fresh or chilled for human consumption",421,"Freshwater fish, live, fresh or chilled"
GEX,[Panopea spp],5,Molluscs,56,"Clams, cockles, arkshells",1562,Molluscs excl. Cephalopods,4,Fish and other fishing products,44,"Molluscs live, fresh or chilled",445,"Clams, cockles and ark shells, live, fresh or chilled"
DPN,Pantropical spotted dolphin,6,"Whales, seals and other aquatic mammals",62,"Sperm-whales, pilot-whales",1579,Aquatic Mammals,,,,,,
AKX,[Paphies spp],5,Molluscs,56,"Clams, cockles, arkshells",1562,Molluscs excl. Cephalopods,4,Fish and other fishing products,44,"Molluscs live, fresh or chilled",445,"Clams, cockles and ark shells, live, fresh or chilled"
LVG,Papuan black snapper,3,Marine fishes,33,Miscellaneous coastal fishes,1514,Demersal Marine Fish,4,Fish and other fishing products,42,"Fish live, fresh or chilled for human consumption",429,"Other fish, live, fresh or chilled"
PGE,[Parachaenichthys georgianus],3,Marine fishes,34,Miscellaneous demersal fishes,1514,Demersal Marine Fish,4,Fish and other fishing products,42,"Fish live, fresh or chilled for human consumption",429,"Other fish, live, fresh or chilled"
QRX,Parachanna snakeheads NEI,1,Freshwater fishes,13,Miscellaneous freshwater fishes,1501,Freshwater and Diadromous Fish,4,Fish and other fishing products,42,"Fish live, fresh or chilled for human consumption",421,"Freshwater fish, live, fresh or chilled"
IMY,Paraguayan caiman,7,Miscellaneous aquatic animals,73,Crocodiles and alligators,,,,,,,,
XBX,[Paralabrax spp],3,Marine fishes,33,Miscellaneous coastal fishes,1514,Demersal Marine Fish,4,Fish and other fishing products,42,"Fish live, fresh or chilled for human consumption",429,"Other fish, live, fresh or chilled"
PAI,[Paralomis spp],4,Crustaceans,44,"King crabs, squat-lobsters",1553,Crustaceans,4,Fish and other fishing products,43,"Crustaceans, live, fresh or chilled",439,"Other crustaceans, live, fresh or chilled"
NPP,Parapenaeopsis shrimps NEI,4,Crustaceans,45,"Shrimps, prawns",1553,Crustaceans,4,Fish and other fishing products,43,"Crustaceans, live, fresh or chilled",436,"Other shrimps and prawns, live, fresh or chilled"
MGI,Parassi mullet,3,Marine fishes,33,Miscellaneous coastal fishes,1514,Demersal Marine Fish,4,Fish and other fishing products,42,"Fish live, fresh or chilled for human consumption",429,"Other fish, live, fresh or chilled"
SBP,Pargo breams NEI,3,Marine fishes,33,Miscellaneous coastal fishes,1514,Demersal Marine Fish,4,Fish and other fishing products,42,"Fish live, fresh or chilled for human consumption",429,"Other fish, live, fresh or chilled"
OLV,Paromola,4,Crustaceans,42,"Crabs, sea-spiders",1553,Crustaceans,4,Fish and other fishing products,43,"Crustaceans, live, fresh or chilled",431,"Crabs, live, fresh or chilled"
PAO,Parona leatherjacket,3,Marine fishes,37,Miscellaneous pelagic fishes,1527,Pelagic Marine Fish,4,Fish and other fishing products,42,"Fish live, fresh or chilled for human consumption",426,"Other pelagic fish, live, fresh or chilled"
GIY,Parore,3,Marine fishes,33,Miscellaneous coastal fishes,1514,Demersal Marine Fish,4,Fish and other fishing products,42,"Fish live, fresh or chilled for human consumption",429,"Other fish, live, fresh or chilled"
PRR,Parrotfish,3,Marine fishes,33,Miscellaneous coastal fishes,1514,Demersal Marine Fish,4,Fish and other fishing products,42,"Fish live, fresh or chilled for human consumption",429,"Other fish, live, fresh or chilled"
PWT,Parrotfishes NEI,3,Marine fishes,33,Miscellaneous coastal fishes,1514,Demersal Marine Fish,4,Fish and other fishing products,42,"Fish live, fresh or chilled for human consumption",429,"Other fish, live, fresh or chilled"
PKE,Parrot grunt,3,Marine fishes,33,Miscellaneous coastal fishes,1514,Demersal Marine Fish,4,Fish and other fishing products,42,"Fish live, fresh or chilled for human consumption",429,"Other fish, live, fresh or chilled"
IRS,Parrot shrimp,4,Crustaceans,45,"Shrimps, prawns",1553,Crustaceans,4,Fish and other fishing products,43,"Crustaceans, live, fresh or chilled",436,"Other shrimps and prawns, live, fresh or chilled"
BLP,Patagonian blennie,3,Marine fishes,33,Miscellaneous coastal fishes,1514,Demersal Marine Fish,4,Fish and other fishing products,42,"Fish live, fresh or chilled for human consumption",429,"Other fish, live, fresh or chilled"
GRM,Patagonian grenadier,3,Marine fishes,32,"Cods, hakes, haddocks",1514,Demersal Marine Fish,4,Fish and other fishing products,42,"Fish live, fresh or chilled for human consumption",424,"Fish of Gadiformes, live, fresh or chilled"
REQ,Patagonian redfish,3,Marine fishes,34,Miscellaneous demersal fishes,1514,Demersal Marine Fish,4,Fish and other fishing products,42,"Fish live, fresh or chilled for human consumption",429,"Other fish, live, fresh or chilled"
NOT,Patagonian rockcod,3,Marine fishes,34,Miscellaneous demersal fishes,1514,Demersal Marine Fish,4,Fish and other fishing products,42,"Fish live, fresh or chilled for human consumption",429,"Other fish, live, fresh or chilled"
ZYP,Patagonian scallop,5,Molluscs,55,"Scallops, pectens",1562,Molluscs excl. Cephalopods,4,Fish and other fishing products,44,"Molluscs live, fresh or chilled",444,"Scallops, live, fresh or chilled"
BZM,Patagonian skate,3,Marine fishes,38,"Sharks, rays, chimaeras",1514,Demersal Marine Fish,4,Fish and other fishing products,42,"Fish live, fresh or chilled for human consumption",429,"Other fish, live, fresh or chilled"
SQP,Patagonian squid,5,Molluscs,57,"Squids, cuttlefishes, octopuses",1570,Cephalopods,4,Fish and other fishing products,44,"Molluscs live, fresh or chilled",446,"Cuttlefish and squid, live, fresh or chilled"
TOP,Patagonian toothfish,3,Marine fishes,34,Miscellaneous demersal fishes,1514,Demersal Marine Fish,4,Fish and other fishing products,42,"Fish live, fresh or chilled for human consumption",429,"Other fish, live, fresh or chilled"
LAX,Patchwork lampfishes,3,Marine fishes,34,Miscellaneous demersal fishes,1514,Demersal Marine Fish,4,Fish and other fishing products,42,"Fish live, fresh or chilled for human consumption",429,"Other fish, live, fresh or chilled"
LPI,Pati,1,Freshwater fishes,13,Miscellaneous freshwater fishes,1501,Freshwater and Diadromous Fish,4,Fish and other fishing products,42,"Fish live, fresh or chilled for human consumption",421,"Freshwater fish, live, fresh or chilled"
DBP,Pawnee dragonfish,3,Marine fishes,34,Miscellaneous demersal fishes,1514,Demersal Marine Fish,4,Fish and other fishing products,42,"Fish live, fresh or chilled for human consumption",429,"Other fish, live, fresh or chilled"
HWV,Payara,1,Freshwater fishes,13,Miscellaneous freshwater fishes,1501,Freshwater and Diadromous Fish,4,Fish and other fishing products,42,"Fish live, fresh or chilled for human consumption",421,"Freshwater fish, live, fresh or chilled"
CLO,Peacock cichlid,1,Freshwater fishes,12,Tilapias and other cichlids,1501,Freshwater and Diadromous Fish,4,Fish and other fishing products,42,"Fish live, fresh or chilled for human consumption",421,"Freshwater fish, live, fresh or chilled"
CFF,Peacock hind,3,Marine fishes,33,Miscellaneous coastal fishes,1514,Demersal Marine Fish,4,Fish and other fishing products,42,"Fish live, fresh or chilled for human consumption",429,"Other fish, live, fresh or chilled"
ILG,Peacock wrasse,3,Marine fishes,33,Miscellaneous coastal fishes,1514,Demersal Marine Fish,4,Fish and other fishing products,42,"Fish live, fresh or chilled for human consumption",429,"Other fish, live, fresh or chilled"
PLD,Peale's dolphin,6,"Whales, seals and other aquatic mammals",62,"Sperm-whales, pilot-whales",1579,Aquatic Mammals,,,,,,
SIU,Peanut worm,7,Miscellaneous aquatic animals,77,Miscellaneous aquatic invertebrates,1587,Aquatic Animals NEI,4,Fish and other fishing products,45,"Other aquatic invertebrates, live, fresh or chilled",459,"Other aquatic invertebrates, live, fresh or chilled, n.e.c."
OSH,Pearl oyster shells NEI,8,Miscellaneous aquatic animal products,81,"Pearls, mother-of-pearl, shells",,,4,Fish and other fishing products,49,Other aquatic plants and animals,491,"Coral and similar products, shells of molluscs, crustaceans or echinoderms and cuttle-bone; live aquatic plants and animals for ornamental purpose"
QZJ,Pearly goatfish,3,Marine fishes,33,Miscellaneous coastal fishes,1514,Demersal Marine Fish,4,Fish and other fishing products,42,"Fish live, fresh or chilled for human consumption",429,"Other fish, live, fresh or chilled"
XYN,Pearly razorfish,3,Marine fishes,33,Miscellaneous coastal fishes,1514,Demersal Marine Fish,4,Fish and other fishing products,42,"Fish live, fresh or chilled for human consumption",429,"Other fish, live, fresh or chilled"
AMP,Pebbletooth moray,3,Marine fishes,33,Miscellaneous coastal fishes,1514,Demersal Marine Fish,4,Fish and other fishing products,42,"Fish live, fresh or chilled for human consumption",429,"Other fish, live, fresh or chilled"
EDR,Pelagic armourhead,3,Marine fishes,34,Miscellaneous demersal fishes,1514,Demersal Marine Fish,4,Fish and other fishing products,42,"Fish live, fresh or chilled for human consumption",429,"Other fish, live, fresh or chilled"
HWB,Pelagic basslet,3,Marine fishes,34,Miscellaneous demersal fishes,1514,Demersal Marine Fish,4,Fish and other fishing products,42,"Fish live, fresh or chilled for human consumption",429,"Other fish, live, fresh or chilled"
PEL,Pelagic fishes NEI,3,Marine fishes,39,Marine fishes not identified,1540,Marine Fish NEI,4,Fish and other fishing products,42,"Fish live, fresh or chilled for human consumption",429,"Other fish, live, fresh or chilled"
PPX,Pelagic percomorphs NEI,3,Marine fishes,37,Miscellaneous pelagic fishes,1527,Pelagic Marine Fish,4,Fish and other fishing products,42,"Fish live, fresh or chilled for human consumption",426,"Other pelagic fish, live, fresh or chilled"
LQL,Pelagic red crab,4,Crustaceans,44,"King crabs, squat-lobsters",1553,Crustaceans,4,Fish and other fishing products,43,"Crustaceans, live, fresh or chilled",439,"Other crustaceans, live, fresh or chilled"
PLS,Pelagic stingray,3,Marine fishes,38,"Sharks, rays, chimaeras",1514,Demersal Marine Fish,4,Fish and other fishing products,42,"Fish live, fresh or chilled for human consumption",429,"Other fish, live, fresh or chilled"
PTH,Pelagic thresher,3,Marine fishes,38,"Sharks, rays, chimaeras",1514,Demersal Marine Fish,4,Fish and other fishing products,42,"Fish live, fresh or chilled for human consumption",429,"Other fish, live, fresh or chilled"
CIJ,Peled,2,Diadromous fishes,23,"Salmons, trouts, smelts",1501,Freshwater and Diadromous Fish,4,Fish and other fishing products,42,"Fish live, fresh or chilled for human consumption",429,"Other fish, live, fresh or chilled"
YRI,Pelican barracuda,3,Marine fishes,37,Miscellaneous pelagic fishes,1527,Pelagic Marine Fish,4,Fish and other fishing products,42,"Fish live, fresh or chilled for human consumption",426,"Other pelagic fish, live, fresh or chilled"
HDW,Pemarco blackfish,3,Marine fishes,34,Miscellaneous demersal fishes,1514,Demersal Marine Fish,4,Fish and other fishing products,42,"Fish live, fresh or chilled for human consumption",429,"Other fish, live, fresh or chilled"
PEZ,Penaeid shrimps NEI,4,Crustaceans,45,"Shrimps, prawns",1553,Crustaceans,4,Fish and other fishing products,43,"Crustaceans, live, fresh or chilled",436,"Other shrimps and prawns, live, fresh or chilled"
PEN,Penaeus shrimps NEI,4,Crustaceans,45,"Shrimps, prawns",1553,Crustaceans,4,Fish and other fishing products,43,"Crustaceans, live, fresh or chilled",436,"Other shrimps and prawns, live, fresh or chilled"
EGD,Pencil cardinal,3,Marine fishes,34,Miscellaneous demersal fishes,1514,Demersal Marine Fish,4,Fish and other fishing products,42,"Fish live, fresh or chilled for human consumption",429,"Other fish, live, fresh or chilled"
PTE,Penguin wing oyster,8,Miscellaneous aquatic animal products,81,"Pearls, mother-of-pearl, shells",,,4,Fish and other fishing products,49,Other aquatic plants and animals,491,"Coral and similar products, shells of molluscs, crustaceans or echinoderms and cuttle-bone; live aquatic plants and animals for ornamental purpose"
TQY,Pen shells NEI,5,Molluscs,55,"Scallops, pectens",1562,Molluscs excl. Cephalopods,4,Fish and other fishing products,44,"Molluscs live, fresh or chilled",449,"Other molluscs, live, fresh or chilled"
PND,Percarina,1,Freshwater fishes,13,Miscellaneous freshwater fishes,1501,Freshwater and Diadromous Fish,4,Fish and other fishing products,42,"Fish live, fresh or chilled for human consumption",421,"Freshwater fish, live, fresh or chilled"
PRC,Percoids NEI,3,Marine fishes,33,Miscellaneous coastal fishes,1514,Demersal Marine Fish,4,Fish and other fishing products,42,"Fish live, fresh or chilled for human consumption",429,"Other fish, live, fresh or chilled"
PER,Periwinkles NEI,5,Molluscs,52,"Abalones, winkles, conchs",1562,Molluscs excl. Cephalopods,4,Fish and other fishing products,44,"Molluscs live, fresh or chilled",449,"Other molluscs, live, fresh or chilled"
ABP,Perlemoen abalone,5,Molluscs,52,"Abalones, winkles, conchs",1562,Molluscs excl. Cephalopods,4,Fish and other fishing products,44,"Molluscs live, fresh or chilled",441,"Abalone, live, fresh or chilled"
TNF,Permit,3,Marine fishes,37,Miscellaneous pelagic fishes,1527,Pelagic Marine Fish,4,Fish and other fishing products,42,"Fish live, fresh or chilled for human consumption",426,"Other pelagic fish, live, fresh or chilled"
PDR,Peruvian banded croaker,3,Marine fishes,33,Miscellaneous coastal fishes,1514,Demersal Marine Fish,4,Fish and other fishing products,42,"Fish live, fresh or chilled for human consumption",429,"Other fish, live, fresh or chilled"
SCQ,Peruvian calico scallop,5,Molluscs,55,"Scallops, pectens",1562,Molluscs excl. Cephalopods,4,Fish and other fishing products,44,"Molluscs live, fresh or chilled",444,"Scallops, live, fresh or chilled"
HRC,Peruvian chromis,3,Marine fishes,33,Miscellaneous coastal fishes,1514,Demersal Marine Fish,4,Fish and other fishing products,42,"Fish live, fresh or chilled for human consumption",429,"Other fish, live, fresh or chilled"
DUH,Peruvian mojarra,3,Marine fishes,33,Miscellaneous coastal fishes,1514,Demersal Marine Fish,4,Fish and other fishing products,42,"Fish live, fresh or chilled for human consumption",429,"Other fish, live, fresh or chilled"
LNP,Peruvian moonfish,3,Marine fishes,37,Miscellaneous pelagic fishes,1527,Pelagic Marine Fish,4,Fish and other fishing products,42,"Fish live, fresh or chilled for human consumption",426,"Other pelagic fish, live, fresh or chilled"
HAW,Peruvian morwong,3,Marine fishes,34,Miscellaneous demersal fishes,1514,Demersal Marine Fish,4,Fish and other fishing products,42,"Fish live, fresh or chilled for human consumption",429,"Other fish, live, fresh or chilled"
BAP,Peruvian rock seabass,3,Marine fishes,33,Miscellaneous coastal fishes,1514,Demersal Marine Fish,4,Fish and other fishing products,42,"Fish live, fresh or chilled for human consumption",429,"Other fish, live, fresh or chilled"
GYP,Peruvian sea catfish,3,Marine fishes,33,Miscellaneous coastal fishes,1514,Demersal Marine Fish,4,Fish and other fishing products,42,"Fish live, fresh or chilled for human consumption",429,"Other fish, live, fresh or chilled"
WEP,Peruvian weakfish,3,Marine fishes,33,Miscellaneous coastal fishes,1514,Demersal Marine Fish,4,Fish and other fishing products,42,"Fish live, fresh or chilled for human consumption",429,"Other fish, live, fresh or chilled"
EOJ,Petrale sole,3,Marine fishes,31,"Flounders, halibuts, soles",1514,Demersal Marine Fish,4,Fish and other fishing products,42,"Fish live, fresh or chilled for human consumption",423,"Flatfish, live, fresh or chilled"
IAH,Pharaoh cuttlefish,5,Molluscs,57,"Squids, cuttlefishes, octopuses",1570,Cephalopods,4,Fish and other fishing products,44,"Molluscs live, fresh or chilled",446,"Cuttlefish and squid, live, fresh or chilled"
CBT,Philippine catfish,1,Freshwater fishes,13,Miscellaneous freshwater fishes,1501,Freshwater and Diadromous Fish,4,Fish and other fishing products,42,"Fish live, fresh or chilled for human consumption",421,"Freshwater fish, live, fresh or chilled"
YFQ,Phyllophora NEI,9,Aquatic plants,92,Red seaweeds,1594,Aquatic Plants,4,Fish and other fishing products,49,Other aquatic plants and animals,493,"Seaweeds and other algae, fresh, frozen or dried, whether or not ground"
SPC,Picarel,3,Marine fishes,33,Miscellaneous coastal fishes,1514,Demersal Marine Fish,4,Fish and other fishing products,42,"Fish live, fresh or chilled for human consumption",429,"Other fish, live, fresh or chilled"
PIC,Picarels NEI,3,Marine fishes,33,Miscellaneous coastal fishes,1514,Demersal Marine Fish,4,Fish and other fishing products,42,"Fish live, fresh or chilled for human consumption",429,"Other fish, live, fresh or chilled"
DGS,Picked dogfish,3,Marine fishes,38,"Sharks, rays, chimaeras",1514,Demersal Marine Fish,4,Fish and other fishing products,42,"Fish live, fresh or chilled for human consumption",429,"Other fish, live, fresh or chilled"
BAC,Pickhandle barracuda,3,Marine fishes,37,Miscellaneous pelagic fishes,1527,Pelagic Marine Fish,4,Fish and other fishing products,42,"Fish live, fresh or chilled for human consumption",426,"Other pelagic fish, live, fresh or chilled"
CCF,Pigeye shark,3,Marine fishes,38,"Sharks, rays, chimaeras",1514,Demersal Marine Fish,4,Fish and other fishing products,42,"Fish live, fresh or chilled for human consumption",429,"Other fish, live, fresh or chilled"
PIG,Pigfish,3,Marine fishes,33,Miscellaneous coastal fishes,1514,Demersal Marine Fish,4,Fish and other fishing products,42,"Fish live, fresh or chilled for human consumption",429,"Other fish, live, fresh or chilled"
YBC,Pig's snout volute,5,Molluscs,52,"Abalones, winkles, conchs",1562,Molluscs excl. Cephalopods,4,Fish and other fishing products,44,"Molluscs live, fresh or chilled",449,"Other molluscs, live, fresh or chilled"
PCX,Pike-congers NEI,3,Marine fishes,34,Miscellaneous demersal fishes,1514,Demersal Marine Fish,4,Fish and other fishing products,42,"Fish live, fresh or chilled for human consumption",429,"Other fish, live, fresh or chilled"
CES,Pike icefish,3,Marine fishes,34,Miscellaneous demersal fishes,1514,Demersal Marine Fish,4,Fish and other fishing products,42,"Fish live, fresh or chilled for human consumption",429,"Other fish, live, fresh or chilled"
FPP,Pike-perch,1,Freshwater fishes,13,Miscellaneous freshwater fishes,1501,Freshwater and Diadromous Fish,4,Fish and other fishing products,42,"Fish live, fresh or chilled for human consumption",421,"Freshwater fish, live, fresh or chilled"
NAU,Pilotfish,3,Marine fishes,37,Miscellaneous pelagic fishes,1527,Pelagic Marine Fish,4,Fish and other fishing products,42,"Fish live, fresh or chilled for human consumption",426,"Other pelagic fish, live, fresh or chilled"
GLO,Pilot whales NEI,6,"Whales, seals and other aquatic mammals",62,"Sperm-whales, pilot-whales",1579,Aquatic Mammals,,,,,,
PMB,[Pimelodus albicans],1,Freshwater fishes,13,Miscellaneous freshwater fishes,1501,Freshwater and Diadromous Fish,4,Fish and other fishing products,42,"Fish live, fresh or chilled for human consumption",421,"Freshwater fish, live, fresh or chilled"
MDM,[Pimelodus maculatus],1,Freshwater fishes,13,Miscellaneous freshwater fishes,1501,Freshwater and Diadromous Fish,4,Fish and other fishing products,42,"Fish live, fresh or chilled for human consumption",421,"Freshwater fish, live, fresh or chilled"
MXW,[Pimelodus spp],1,Freshwater fishes,13,Miscellaneous freshwater fishes,1501,Freshwater and Diadromous Fish,4,Fish and other fishing products,42,"Fish live, fresh or chilled for human consumption",421,"Freshwater fish, live, fresh or chilled"
HMJ,Pinecone soldierfish,3,Marine fishes,33,Miscellaneous coastal fishes,1514,Demersal Marine Fish,4,Fish and other fishing products,42,"Fish live, fresh or chilled for human consumption",429,"Other fish, live, fresh or chilled"
LGO,Pinfish,3,Marine fishes,33,Miscellaneous coastal fishes,1514,Demersal Marine Fish,4,Fish and other fishing products,42,"Fish live, fresh or chilled for human consumption",429,"Other fish, live, fresh or chilled"
MGG,[Pinirampus argentina],1,Freshwater fishes,13,Miscellaneous freshwater fishes,1501,Freshwater and Diadromous Fish,4,Fish and other fishing products,42,"Fish live, fresh or chilled for human consumption",421,"Freshwater fish, live, fresh or chilled"
PJP,Pinjalo,3,Marine fishes,33,Miscellaneous coastal fishes,1514,Demersal Marine Fish,4,Fish and other fishing products,42,"Fish live, fresh or chilled for human consumption",429,"Other fish, live, fresh or chilled"
CUS,Pink cusk-eel,3,Marine fishes,34,Miscellaneous demersal fishes,1514,Demersal Marine Fish,4,Fish and other fishing products,42,"Fish live, fresh or chilled for human consumption",429,"Other fish, live, fresh or chilled"
IAR,Pink cuttlefish,5,Molluscs,57,"Squids, cuttlefishes, octopuses",1570,Cephalopods,4,Fish and other fishing products,44,"Molluscs live, fresh or chilled",446,"Cuttlefish and squid, live, fresh or chilled"
DEP,Pink dentex,3,Marine fishes,33,Miscellaneous coastal fishes,1514,Demersal Marine Fish,4,Fish and other fishing products,42,"Fish live, fresh or chilled for human consumption",429,"Other fish, live, fresh or chilled"
LTS,Pink ear emperor,3,Marine fishes,33,Miscellaneous coastal fishes,1514,Demersal Marine Fish,4,Fish and other fishing products,42,"Fish live, fresh or chilled for human consumption",429,"Other fish, live, fresh or chilled"
HNQ,Pink geryon,4,Crustaceans,42,"Crabs, sea-spiders",1553,Crustaceans,4,Fish and other fishing products,43,"Crustaceans, live, fresh or chilled",431,"Crabs, live, fresh or chilled"
FAM,Pink glass shrimp,4,Crustaceans,45,"Shrimps, prawns",1553,Crustaceans,4,Fish and other fishing products,43,"Crustaceans, live, fresh or chilled",436,"Other shrimps and prawns, live, fresh or chilled"
PIN,Pink(=Humpback) salmon,2,Diadromous fishes,23,"Salmons, trouts, smelts",1501,Freshwater and Diadromous Fish,4,Fish and other fishing products,42,"Fish live, fresh or chilled for human consumption",422,"Salmonidae, live, fresh or chilled"
RNL,Pink maomao,3,Marine fishes,33,Miscellaneous coastal fishes,1514,Demersal Marine Fish,4,Fish and other fishing products,42,"Fish live, fresh or chilled for human consumption",429,"Other fish, live, fresh or chilled"
PSL,Pink spiny lobster,4,Crustaceans,43,"Lobsters, spiny-rock lobsters",1553,Crustaceans,4,Fish and other fishing products,43,"Crustaceans, live, fresh or chilled",432,"Rock lobster and other sea crawfish, live, fresh or chilled"
OGV,[Pinnoctopus cordiformis],5,Molluscs,57,"Squids, cuttlefishes, octopuses",1570,Cephalopods,4,Fish and other fishing products,44,"Molluscs live, fresh or chilled",447,"Octopus, live, fresh or chilled"
GUN,Piper gurnard,3,Marine fishes,34,Miscellaneous demersal fishes,1514,Demersal Marine Fish,4,Fish and other fishing products,42,"Fish live, fresh or chilled for human consumption",429,"Other fish, live, fresh or chilled"
AFQ,Pipi wedge clam,5,Molluscs,56,"Clams, cockles, arkshells",1562,Molluscs excl. Cephalopods,4,Fish and other fishing products,44,"Molluscs live, fresh or chilled",445,"Clams, cockles and ark shells, live, fresh or chilled"
EAQ,Piquitinga anchovy,3,Marine fishes,35,"Herrings, sardines, anchovies",1527,Pelagic Marine Fish,4,Fish and other fishing products,42,"Fish live, fresh or chilled for human consumption",426,"Other pelagic fish, live, fresh or chilled"
RRX,Piranhas NEI,1,Freshwater fishes,13,Miscellaneous freshwater fishes,1501,Freshwater and Diadromous Fish,4,Fish and other fishing products,42,"Fish live, fresh or chilled for human consumption",421,"Freshwater fish, live, fresh or chilled"
CSD,Pirapatinga,1,Freshwater fishes,13,Miscellaneous freshwater fishes,1501,Freshwater and Diadromous Fish,4,Fish and other fishing products,42,"Fish live, fresh or chilled for human consumption",421,"Freshwater fish, live, fresh or chilled"
BOP,Plain bonito,3,Marine fishes,36,"Tunas, bonitos, billfishes",1527,Pelagic Marine Fish,4,Fish and other fishing products,42,"Fish live, fresh or chilled for human consumption",426,"Other pelagic fish, live, fresh or chilled"
YDZ,Plain squeaker,1,Freshwater fishes,13,Miscellaneous freshwater fishes,1501,Freshwater and Diadromous Fish,4,Fish and other fishing products,42,"Fish live, fresh or chilled for human consumption",421,"Freshwater fish, live, fresh or chilled"
FIK,Planehead filefish,3,Marine fishes,33,Miscellaneous coastal fishes,1514,Demersal Marine Fish,4,Fish and other fishing products,42,"Fish live, fresh or chilled for human consumption",429,"Other fish, live, fresh or chilled"
SIQ,Player scorpionfish,3,Marine fishes,34,Miscellaneous demersal fishes,1514,Demersal Marine Fish,4,Fish and other fishing products,42,"Fish live, fresh or chilled for human consumption",429,"Other fish, live, fresh or chilled"
XKX,Plesionika shrimps NEI,4,Crustaceans,45,"Shrimps, prawns",1553,Crustaceans,4,Fish and other fishing products,43,"Crustaceans, live, fresh or chilled",435,"Cold-water shrimps and prawns (Pandalus spp., Crangon crangon), live, fresh or chilled"
CHJ,Plownose chimaera,3,Marine fishes,38,"Sharks, rays, chimaeras",1514,Demersal Marine Fish,4,Fish and other fishing products,42,"Fish live, fresh or chilled for human consumption",429,"Other fish, live, fresh or chilled"
PGR,Plunderfish,3,Marine fishes,34,Miscellaneous demersal fishes,1514,Demersal Marine Fish,4,Fish and other fishing products,42,"Fish live, fresh or chilled for human consumption",429,"Other fish, live, fresh or chilled"
EQE,Pod razor shell,5,Molluscs,56,"Clams, cockles, arkshells",1562,Molluscs excl. Cephalopods,4,Fish and other fishing products,44,"Molluscs live, fresh or chilled",445,"Clams, cockles and ark shells, live, fresh or chilled"
PFU,[Poecilia araguaiensis],1,Freshwater fishes,13,Miscellaneous freshwater fishes,1501,Freshwater and Diadromous Fish,4,Fish and other fishing products,42,"Fish live, fresh or chilled for human consumption",421,"Freshwater fish, live, fresh or chilled"
POG,[Pogonophryne spp],3,Marine fishes,34,Miscellaneous demersal fishes,1514,Demersal Marine Fish,4,Fish and other fishing products,42,"Fish live, fresh or chilled for human consumption",429,"Other fish, live, fresh or chilled"
POC,Polar cod,3,Marine fishes,32,"Cods, hakes, haddocks",1514,Demersal Marine Fish,4,Fish and other fishing products,42,"Fish live, fresh or chilled for human consumption",424,"Fish of Gadiformes, live, fresh or chilled"
POL,Pollack,3,Marine fishes,32,"Cods, hakes, haddocks",1514,Demersal Marine Fish,4,Fish and other fishing products,42,"Fish live, fresh or chilled for human consumption",424,"Fish of Gadiformes, live, fresh or chilled"
UMX,Polla drum,3,Marine fishes,33,Miscellaneous coastal fishes,1514,Demersal Marine Fish,4,Fish and other fishing products,42,"Fish live, fresh or chilled for human consumption",429,"Other fish, live, fresh or chilled"
JLB,[Polycheles typhlops],4,Crustaceans,43,"Lobsters, spiny-rock lobsters",1553,Crustaceans,4,Fish and other fishing products,43,"Crustaceans, live, fresh or chilled",439,"Other crustaceans, live, fresh or chilled"
AGI,Polygon moray,3,Marine fishes,33,Miscellaneous coastal fishes,1514,Demersal Marine Fish,4,Fish and other fishing products,42,"Fish live, fresh or chilled for human consumption",429,"Other fish, live, fresh or chilled"
OLC,[Polymetme corythaeola],3,Marine fishes,34,Miscellaneous demersal fishes,1514,Demersal Marine Fish,4,Fish and other fishing products,42,"Fish live, fresh or chilled for human consumption",429,"Other fish, live, fresh or chilled"
BGX,[Pomadasys spp],3,Marine fishes,33,Miscellaneous coastal fishes,1514,Demersal Marine Fish,4,Fish and other fishing products,42,"Fish live, fresh or chilled for human consumption",429,"Other fish, live, fresh or chilled"
BRZ,"Pomfrets, ocean breams NEI",3,Marine fishes,37,Miscellaneous pelagic fishes,1527,Pelagic Marine Fish,4,Fish and other fishing products,42,"Fish live, fresh or chilled for human consumption",426,"Other pelagic fish, live, fresh or chilled"
POP,Pompano,3,Marine fishes,37,Miscellaneous pelagic fishes,1527,Pelagic Marine Fish,4,Fish and other fishing products,42,"Fish live, fresh or chilled for human consumption",426,"Other pelagic fish, live, fresh or chilled"
CFW,Pompano dolphinfish,3,Marine fishes,37,Miscellaneous pelagic fishes,1527,Pelagic Marine Fish,4,Fish and other fishing products,42,"Fish live, fresh or chilled for human consumption",426,"Other pelagic fish, live, fresh or chilled"
POX,Pompanos NEI,3,Marine fishes,37,Miscellaneous pelagic fishes,1527,Pelagic Marine Fish,4,Fish and other fishing products,42,"Fish live, fresh or chilled for human consumption",426,"Other pelagic fish, live, fresh or chilled"
KUR,Pond loach,1,Freshwater fishes,11,"Carps, barbels and other cyprinids",1501,Freshwater and Diadromous Fish,4,Fish and other fishing products,42,"Fish live, fresh or chilled for human consumption",421,"Freshwater fish, live, fresh or chilled"
PSM,Pond smelt,2,Diadromous fishes,23,"Salmons, trouts, smelts",1501,Freshwater and Diadromous Fish,4,Fish and other fishing products,42,"Fish live, fresh or chilled for human consumption",429,"Other fish, live, fresh or chilled"
SHC,Pontic shad,2,Diadromous fishes,24,Shads,1501,Freshwater and Diadromous Fish,4,Fish and other fishing products,42,"Fish live, fresh or chilled for human consumption",429,"Other fish, live, fresh or chilled"
POY,Ponyfishes(=Slipmouths),3,Marine fishes,33,Miscellaneous coastal fishes,1514,Demersal Marine Fish,4,Fish and other fishing products,42,"Fish live, fresh or chilled for human consumption",429,"Other fish, live, fresh or chilled"
PON,Ponyfishes(=Slipmouths) NEI,3,Marine fishes,33,Miscellaneous coastal fishes,1514,Demersal Marine Fish,4,Fish and other fishing products,42,"Fish live, fresh or chilled for human consumption",429,"Other fish, live, fresh or chilled"
POD,Poor cod,3,Marine fishes,32,"Cods, hakes, haddocks",1514,Demersal Marine Fish,4,Fish and other fishing products,42,"Fish live, fresh or chilled for human consumption",424,"Fish of Gadiformes, live, fresh or chilled"
CDD,Porae,3,Marine fishes,34,Miscellaneous demersal fishes,1514,Demersal Marine Fish,4,Fish and other fishing products,42,"Fish live, fresh or chilled for human consumption",429,"Other fish, live, fresh or chilled"
POR,Porbeagle,3,Marine fishes,38,"Sharks, rays, chimaeras",1514,Demersal Marine Fish,4,Fish and other fishing products,42,"Fish live, fresh or chilled for human consumption",429,"Other fish, live, fresh or chilled"
PRG,Porgies,3,Marine fishes,33,Miscellaneous coastal fishes,1514,Demersal Marine Fish,4,Fish and other fishing products,42,"Fish live, fresh or chilled for human consumption",429,"Other fish, live, fresh or chilled"
SBX,"Porgies, seabreams NEI",3,Marine fishes,33,Miscellaneous coastal fishes,1514,Demersal Marine Fish,4,Fish and other fishing products,42,"Fish live, fresh or chilled for human consumption",429,"Other fish, live, fresh or chilled"
PFR,[Porifera],8,Miscellaneous aquatic animal products,83,Sponges,,,4,Fish and other fishing products,49,Other aquatic plants and animals,492,Natural sponges of aquatic animal origin
HNR,Porkfish,3,Marine fishes,33,Miscellaneous coastal fishes,1514,Demersal Marine Fish,4,Fish and other fishing products,42,"Fish live, fresh or chilled for human consumption",429,"Other fish, live, fresh or chilled"
UPH,Por's goatfish,3,Marine fishes,33,Miscellaneous coastal fishes,1514,Demersal Marine Fish,4,Fish and other fishing products,42,"Fish live, fresh or chilled for human consumption",429,"Other fish, live, fresh or chilled"
HBY,Porthole shovelnose catfish,1,Freshwater fishes,13,Miscellaneous freshwater fishes,1501,Freshwater and Diadromous Fish,4,Fish and other fishing products,42,"Fish live, fresh or chilled for human consumption",421,"Freshwater fish, live, fresh or chilled"
KEM,Portly spider crab,4,Crustaceans,42,"Crabs, sea-spiders",1553,Crustaceans,4,Fish and other fishing products,43,"Crustaceans, live, fresh or chilled",431,"Crabs, live, fresh or chilled"
CYO,Portuguese dogfish,3,Marine fishes,38,"Sharks, rays, chimaeras",1514,Demersal Marine Fish,4,Fish and other fishing products,42,"Fish live, fresh or chilled for human consumption",429,"Other fish, live, fresh or chilled"
YNU,Portuguese sole,3,Marine fishes,31,"Flounders, halibuts, soles",1514,Demersal Marine Fish,4,Fish and other fishing products,42,"Fish live, fresh or chilled for human consumption",423,"Flatfish, live, fresh or chilled"
CRS,Portunus swimcrabs NEI,4,Crustaceans,42,"Crabs, sea-spiders",1553,Crustaceans,4,Fish and other fishing products,43,"Crustaceans, live, fresh or chilled",431,"Crabs, live, fresh or chilled"
PNL,[Potamorhina laticeps],1,Freshwater fishes,13,Miscellaneous freshwater fishes,1501,Freshwater and Diadromous Fish,4,Fish and other fishing products,42,"Fish live, fresh or chilled for human consumption",421,"Freshwater fish, live, fresh or chilled"
EWL,Potato grouper,3,Marine fishes,33,Miscellaneous coastal fishes,1514,Demersal Marine Fish,4,Fish and other fishing products,42,"Fish live, fresh or chilled for human consumption",429,"Other fish, live, fresh or chilled"
BIB,Pouting(=Bib),3,Marine fishes,32,"Cods, hakes, haddocks",1514,Demersal Marine Fish,4,Fish and other fishing products,42,"Fish live, fresh or chilled for human consumption",424,"Fish of Gadiformes, live, fresh or chilled"
ERJ,Prickly croaker,3,Marine fishes,33,Miscellaneous coastal fishes,1514,Demersal Marine Fish,4,Fish and other fishing products,42,"Fish live, fresh or chilled for human consumption",429,"Other fish, live, fresh or chilled"
OXB,Prickly dogfish,3,Marine fishes,38,"Sharks, rays, chimaeras",1514,Demersal Marine Fish,4,Fish and other fishing products,42,"Fish live, fresh or chilled for human consumption",429,"Other fish, live, fresh or chilled"
TFQ,Prickly redfish,7,Miscellaneous aquatic animals,76,Sea-urchins and other echinoderms,1587,Aquatic Animals NEI,4,Fish and other fishing products,45,"Other aquatic invertebrates, live, fresh or chilled",451,"Sea cucumbers, live, fresh or chilled"
USN,Princess parrotfish,3,Marine fishes,33,Miscellaneous coastal fishes,1514,Demersal Marine Fish,4,Fish and other fishing products,42,"Fish live, fresh or chilled for human consumption",429,"Other fish, live, fresh or chilled"
PRL,Prochilods NEI,1,Freshwater fishes,13,Miscellaneous freshwater fishes,1501,Freshwater and Diadromous Fish,4,Fish and other fishing products,42,"Fish live, fresh or chilled for human consumption",421,"Freshwater fish, live, fresh or chilled"
QMR,[Prochilodus mariae],1,Freshwater fishes,13,Miscellaneous freshwater fishes,1501,Freshwater and Diadromous Fish,4,Fish and other fishing products,42,"Fish live, fresh or chilled for human consumption",421,"Freshwater fish, live, fresh or chilled"
NUP,Pronghorn spiny lobster,4,Crustaceans,43,"Lobsters, spiny-rock lobsters",1553,Crustaceans,4,Fish and other fishing products,43,"Crustaceans, live, fresh or chilled",432,"Rock lobster and other sea crawfish, live, fresh or chilled"
CWG,Prussian carp,1,Freshwater fishes,11,"Carps, barbels and other cyprinids",1501,Freshwater and Diadromous Fish,4,Fish and other fishing products,42,"Fish live, fresh or chilled for human consumption",421,"Freshwater fish, live, fresh or chilled"
PSZ,[Psectrogaster amazonica],1,Freshwater fishes,13,Miscellaneous freshwater fishes,1501,Freshwater and Diadromous Fish,4,Fish and other fishing products,42,"Fish live, fresh or chilled for human consumption",421,"Freshwater fish, live, fresh or chilled"
PDB,[Pseudocurimata boulengeri],1,Freshwater fishes,13,Miscellaneous freshwater fishes,1501,Freshwater and Diadromous Fish,4,Fish and other fishing products,42,"Fish live, fresh or chilled for human consumption",421,"Freshwater fish, live, fresh or chilled"
UYX,[Pseudopercis spp],3,Marine fishes,33,Miscellaneous coastal fishes,1514,Demersal Marine Fish,4,Fish and other fishing products,42,"Fish live, fresh or chilled for human consumption",429,"Other fish, live, fresh or chilled"
QVC,[Pseudoplatystoma magdaleniatum],1,Freshwater fishes,13,Miscellaneous freshwater fishes,1501,Freshwater and Diadromous Fish,4,Fish and other fishing products,42,"Fish live, fresh or chilled for human consumption",421,"Freshwater fish, live, fresh or chilled"
QTU,[Pterocladia lucida],9,Aquatic plants,92,Red seaweeds,1594,Aquatic Plants,4,Fish and other fishing products,49,Other aquatic plants and animals,493,"Seaweeds and other algae, fresh, frozen or dried, whether or not ground"
OSG,Pudgy cuskeel,3,Marine fishes,34,Miscellaneous demersal fishes,1514,Demersal Marine Fish,4,Fish and other fishing products,42,"Fish live, fresh or chilled for human consumption",429,"Other fish, live, fresh or chilled"
TXV,Pufferfishes NEI,3,Marine fishes,33,Miscellaneous coastal fishes,1514,Demersal Marine Fish,4,Fish and other fishing products,42,"Fish live, fresh or chilled for human consumption",429,"Other fish, live, fresh or chilled"
PUX,Puffers NEI,3,Marine fishes,33,Miscellaneous coastal fishes,1514,Demersal Marine Fish,4,Fish and other fishing products,42,"Fish live, fresh or chilled for human consumption",429,"Other fish, live, fresh or chilled"
LEJ,Pumpkinseed,1,Freshwater fishes,13,Miscellaneous freshwater fishes,1501,Freshwater and Diadromous Fish,4,Fish and other fishing products,42,"Fish live, fresh or chilled for human consumption",421,"Freshwater fish, live, fresh or chilled"
OOH,Punctuated snake-eel,3,Marine fishes,33,Miscellaneous coastal fishes,1514,Demersal Marine Fish,4,Fish and other fishing products,42,"Fish live, fresh or chilled for human consumption",429,"Other fish, live, fresh or chilled"
PUQ,[Puntioplites bulu],1,Freshwater fishes,11,"Carps, barbels and other cyprinids",1501,Freshwater and Diadromous Fish,4,Fish and other fishing products,42,"Fish live, fresh or chilled for human consumption",421,"Freshwater fish, live, fresh or chilled"
WPU,[Puntioplites waandersi],1,Freshwater fishes,11,"Carps, barbels and other cyprinids",1501,Freshwater and Diadromous Fish,4,Fish and other fishing products,42,"Fish live, fresh or chilled for human consumption",421,"Freshwater fish, live, fresh or chilled"
BOY,Purple dye murex,5,Molluscs,52,"Abalones, winkles, conchs",1562,Molluscs excl. Cephalopods,4,Fish and other fishing products,44,"Molluscs live, fresh or chilled",449,"Other molluscs, live, fresh or chilled"
PBJ,Purplemouth grunt,3,Marine fishes,33,Miscellaneous coastal fishes,1514,Demersal Marine Fish,4,Fish and other fishing products,42,"Fish live, fresh or chilled for human consumption",429,"Other fish, live, fresh or chilled"
UKQ,Purple Pacific sea urchin,7,Miscellaneous aquatic animals,76,Sea-urchins and other echinoderms,1587,Aquatic Animals NEI,4,Fish and other fishing products,45,"Other aquatic invertebrates, live, fresh or chilled",452,"Sea urchins, live, fresh or chilled"
OQJ,Pygmy octopus,5,Molluscs,57,"Squids, cuttlefishes, octopuses",1570,Cephalopods,4,Fish and other fishing products,44,"Molluscs live, fresh or chilled",447,"Octopus, live, fresh or chilled"
PYW,Pygmy sperm whale,6,"Whales, seals and other aquatic mammals",62,"Sperm-whales, pilot-whales",1579,Aquatic Mammals,,,,,,
KGR,Queen angelfish,3,Marine fishes,33,Miscellaneous coastal fishes,1514,Demersal Marine Fish,4,Fish and other fishing products,42,"Fish live, fresh or chilled for human consumption",429,"Other fish, live, fresh or chilled"
CRQ,Queen crab,4,Crustaceans,42,"Crabs, sea-spiders",1553,Crustaceans,4,Fish and other fishing products,43,"Crustaceans, live, fresh or chilled",431,"Crabs, live, fresh or chilled"
QUE,Queenfishes,3,Marine fishes,37,Miscellaneous pelagic fishes,1527,Pelagic Marine Fish,4,Fish and other fishing products,42,"Fish live, fresh or chilled for human consumption",426,"Other pelagic fish, live, fresh or chilled"
UVT,Queen parrotfish,3,Marine fishes,33,Miscellaneous coastal fishes,1514,Demersal Marine Fish,4,Fish and other fishing products,42,"Fish live, fresh or chilled for human consumption",429,"Other fish, live, fresh or chilled"
QSC,Queen scallop,5,Molluscs,55,"Scallops, pectens",1562,Molluscs excl. Cephalopods,4,Fish and other fishing products,44,"Molluscs live, fresh or chilled",444,"Scallops, live, fresh or chilled"
EEO,Queen snapper,3,Marine fishes,33,Miscellaneous coastal fishes,1514,Demersal Marine Fish,4,Fish and other fishing products,42,"Fish live, fresh or chilled for human consumption",429,"Other fish, live, fresh or chilled"
BLV,Queen triggerfish,3,Marine fishes,33,Miscellaneous coastal fishes,1514,Demersal Marine Fish,4,Fish and other fishing products,42,"Fish live, fresh or chilled for human consumption",429,"Other fish, live, fresh or chilled"
SFG,Quillback rockfish,3,Marine fishes,34,Miscellaneous demersal fishes,1514,Demersal Marine Fish,4,Fish and other fishing products,42,"Fish live, fresh or chilled for human consumption",429,"Other fish, live, fresh or chilled"
GZP,Quoy's garfish,3,Marine fishes,37,Miscellaneous pelagic fishes,1527,Pelagic Marine Fish,4,Fish and other fishing products,42,"Fish live, fresh or chilled for human consumption",426,"Other pelagic fish, live, fresh or chilled"
CMO,Rabbit fish,3,Marine fishes,38,"Sharks, rays, chimaeras",1514,Demersal Marine Fish,4,Fish and other fishing products,42,"Fish live, fresh or chilled for human consumption",429,"Other fish, live, fresh or chilled"
DZS,Rainbow abalone,5,Molluscs,52,"Abalones, winkles, conchs",1562,Molluscs excl. Cephalopods,4,Fish and other fishing products,44,"Molluscs live, fresh or chilled",441,"Abalone, live, fresh or chilled"
RRU,Rainbow runner,3,Marine fishes,37,Miscellaneous pelagic fishes,1527,Pelagic Marine Fish,4,Fish and other fishing products,42,"Fish live, fresh or chilled for human consumption",426,"Other pelagic fish, live, fresh or chilled"
RAS,Rainbow sardine,3,Marine fishes,35,"Herrings, sardines, anchovies",1527,Pelagic Marine Fish,4,Fish and other fishing products,42,"Fish live, fresh or chilled for human consumption",426,"Other pelagic fish, live, fresh or chilled"
SMR,Rainbow smelt,2,Diadromous fishes,23,"Salmons, trouts, smelts",1501,Freshwater and Diadromous Fish,4,Fish and other fishing products,42,"Fish live, fresh or chilled for human consumption",429,"Other fish, live, fresh or chilled"
TRR,Rainbow trout,2,Diadromous fishes,23,"Salmons, trouts, smelts",1501,Freshwater and Diadromous Fish,4,Fish and other fishing products,42,"Fish live, fresh or chilled for human consumption",422,"Salmonidae, live, fresh or chilled"
COU,Rainbow wrasse,3,Marine fishes,33,Miscellaneous coastal fishes,1514,Demersal Marine Fish,4,Fish and other fishing products,42,"Fish live, fresh or chilled for human consumption",429,"Other fish, live, fresh or chilled"
SKA,Raja rays NEI,3,Marine fishes,38,"Sharks, rays, chimaeras",1514,Demersal Marine Fish,4,Fish and other fishing products,42,"Fish live, fresh or chilled for human consumption",429,"Other fish, live, fresh or chilled"
RJV,[Rajella kukujevi],3,Marine fishes,38,"Sharks, rays, chimaeras",1514,Demersal Marine Fish,4,Fish and other fishing products,42,"Fish live, fresh or chilled for human consumption",429,"Other fish, live, fresh or chilled"
NNZ,Randall's threadfin bream,3,Marine fishes,33,Miscellaneous coastal fishes,1514,Demersal Marine Fish,4,Fish and other fishing products,42,"Fish live, fresh or chilled for human consumption",429,"Other fish, live, fresh or chilled"
PYS,Raphael catfish,1,Freshwater fishes,13,Miscellaneous freshwater fishes,1501,Freshwater and Diadromous Fish,4,Fish and other fishing products,42,"Fish live, fresh or chilled for human consumption",421,"Freshwater fish, live, fresh or chilled"
HYD,Ratfishes NEI,3,Marine fishes,38,"Sharks, rays, chimaeras",1514,Demersal Marine Fish,4,Fish and other fishing products,42,"Fish live, fresh or chilled for human consumption",429,"Other fish, live, fresh or chilled"
PKU,Raucous grunt,3,Marine fishes,33,Miscellaneous coastal fishes,1514,Demersal Marine Fish,4,Fish and other fishing products,42,"Fish live, fresh or chilled for human consumption",429,"Other fish, live, fresh or chilled"
RAJ,Rays and skates NEI,3,Marine fishes,38,"Sharks, rays, chimaeras",1514,Demersal Marine Fish,4,Fish and other fishing products,42,"Fish live, fresh or chilled for human consumption",429,"Other fish, live, fresh or chilled"
SRX,"Rays, stingrays, mantas NEI",3,Marine fishes,38,"Sharks, rays, chimaeras",1514,Demersal Marine Fish,4,Fish and other fishing products,42,"Fish live, fresh or chilled for human consumption",429,"Other fish, live, fresh or chilled"
SOI,"Razor clams, knife clams NEI",5,Molluscs,56,"Clams, cockles, arkshells",1562,Molluscs excl. Cephalopods,4,Fish and other fishing products,44,"Molluscs live, fresh or chilled",445,"Clams, cockles and ark shells, live, fresh or chilled"
ABF,Red abalone,5,Molluscs,52,"Abalones, winkles, conchs",1562,Molluscs excl. Cephalopods,4,Fish and other fishing products,44,"Molluscs live, fresh or chilled",441,"Abalone, live, fresh or chilled"
SSR,Red bait,7,Miscellaneous aquatic animals,74,Sea-squirts and other tunicates,1587,Aquatic Animals NEI,4,Fish and other fishing products,45,"Other aquatic invertebrates, live, fresh or chilled",459,"Other aquatic invertebrates, live, fresh or chilled, n.e.c."
RVB,Redbanded rockfish,3,Marine fishes,34,Miscellaneous demersal fishes,1514,Demersal Marine Fish,4,Fish and other fishing products,42,"Fish live, fresh or chilled for human consumption",429,"Other fish, live, fresh or chilled"
REA,Redbanded seabream,3,Marine fishes,33,Miscellaneous coastal fishes,1514,Demersal Marine Fish,4,Fish and other fishing products,42,"Fish live, fresh or chilled for human consumption",429,"Other fish, live, fresh or chilled"
CBC,Red bandfish,3,Marine fishes,34,Miscellaneous demersal fishes,1514,Demersal Marine Fish,4,Fish and other fishing products,42,"Fish live, fresh or chilled for human consumption",429,"Other fish, live, fresh or chilled"
RMF,Redband parrotfish,3,Marine fishes,33,Miscellaneous coastal fishes,1514,Demersal Marine Fish,4,Fish and other fishing products,42,"Fish live, fresh or chilled for human consumption",429,"Other fish, live, fresh or chilled"
DYZ,Redbarred lizardfish,3,Marine fishes,33,Miscellaneous coastal fishes,1514,Demersal Marine Fish,4,Fish and other fishing products,42,"Fish live, fresh or chilled for human consumption",429,"Other fish, live, fresh or chilled"
TLZ,Redbelly tilapia,1,Freshwater fishes,12,Tilapias and other cichlids,1501,Freshwater and Diadromous Fish,4,Fish and other fishing products,42,"Fish live, fresh or chilled for human consumption",421,"Freshwater fish, live, fresh or chilled"
BIR,Red bigeye,3,Marine fishes,33,Miscellaneous coastal fishes,1514,Demersal Marine Fish,4,Fish and other fishing products,42,"Fish live, fresh or chilled for human consumption",429,"Other fish, live, fresh or chilled"
TLR,Redbreast tilapia,1,Freshwater fishes,12,Tilapias and other cichlids,1501,Freshwater and Diadromous Fish,4,Fish and other fishing products,42,"Fish live, fresh or chilled for human consumption",421,"Freshwater fish, live, fresh or chilled"
CRP,Red claw crayfish,4,Crustaceans,41,Freshwater crustaceans,1553,Crustaceans,4,Fish and other fishing products,43,"Crustaceans, live, fresh or chilled",439,"Other crustaceans, live, fresh or chilled"
HWH,Redcoat,3,Marine fishes,33,Miscellaneous coastal fishes,1514,Demersal Marine Fish,4,Fish and other fishing products,42,"Fish live, fresh or chilled for human consumption",429,"Other fish, live, fresh or chilled"
NEC,Red codling,3,Marine fishes,32,"Cods, hakes, haddocks",1514,Demersal Marine Fish,4,Fish and other fishing products,42,"Fish live, fresh or chilled for human consumption",424,"Fish of Gadiformes, live, fresh or chilled"
FIP,Red cornetfish,3,Marine fishes,33,Miscellaneous coastal fishes,1514,Demersal Marine Fish,4,Fish and other fishing products,42,"Fish live, fresh or chilled for human consumption",429,"Other fish, live, fresh or chilled"
CRR,Red crab,4,Crustaceans,42,"Crabs, sea-spiders",1553,Crustaceans,4,Fish and other fishing products,43,"Crustaceans, live, fresh or chilled",431,"Crabs, live, fresh or chilled"
CUC,Red cusk-eel,3,Marine fishes,34,Miscellaneous demersal fishes,1514,Demersal Marine Fish,4,Fish and other fishing products,42,"Fish live, fresh or chilled for human consumption",429,"Other fish, live, fresh or chilled"
RDM,Red drum,3,Marine fishes,33,Miscellaneous coastal fishes,1514,Demersal Marine Fish,4,Fish and other fishing products,42,"Fish live, fresh or chilled for human consumption",429,"Other fish, live, fresh or chilled"
RRH,Red-eye round herring,3,Marine fishes,35,"Herrings, sardines, anchovies",1527,Pelagic Marine Fish,4,Fish and other fishing products,42,"Fish live, fresh or chilled for human consumption",426,"Other pelagic fish, live, fresh or chilled"
CXF,Redfish,3,Marine fishes,34,Miscellaneous demersal fishes,1514,Demersal Marine Fish,4,Fish and other fishing products,42,"Fish live, fresh or chilled for human consumption",429,"Other fish, live, fresh or chilled"
FKU,Red forkweed,9,Aquatic plants,92,Red seaweeds,1594,Aquatic Plants,4,Fish and other fishing products,49,Other aquatic plants and animals,493,"Seaweeds and other algae, fresh, frozen or dried, whether or not ground"
GPR,Red grouper,3,Marine fishes,33,Miscellaneous coastal fishes,1514,Demersal Marine Fish,4,Fish and other fishing products,42,"Fish live, fresh or chilled for human consumption",429,"Other fish, live, fresh or chilled"
GUR,Red gurnard,3,Marine fishes,34,Miscellaneous demersal fishes,1514,Demersal Marine Fish,4,Fish and other fishing products,42,"Fish live, fresh or chilled for human consumption",429,"Other fish, live, fresh or chilled"
HFR,Red gurnard perch,3,Marine fishes,34,Miscellaneous demersal fishes,1514,Demersal Marine Fish,4,Fish and other fishing products,42,"Fish live, fresh or chilled for human consumption",429,"Other fish, live, fresh or chilled"
HKR,Red hake,3,Marine fishes,32,"Cods, hakes, haddocks",1514,Demersal Marine Fish,4,Fish and other fishing products,42,"Fish live, fresh or chilled for human consumption",424,"Fish of Gadiformes, live, fresh or chilled"
EEU,Red hind,3,Marine fishes,33,Miscellaneous coastal fishes,1514,Demersal Marine Fish,4,Fish and other fishing products,42,"Fish live, fresh or chilled for human consumption",429,"Other fish, live, fresh or chilled"
DWX,Red hydrocorals NEI,8,Miscellaneous aquatic animal products,82,Corals,,,4,Fish and other fishing products,49,Other aquatic plants and animals,491,"Coral and similar products, shells of molluscs, crustaceans or echinoderms and cuttle-bone; live aquatic plants and animals for ornamental purpose"
KCD,Red king crab,4,Crustaceans,44,"King crabs, squat-lobsters",1553,Crustaceans,4,Fish and other fishing products,43,"Crustaceans, live, fresh or chilled",439,"Other crustaceans, live, fresh or chilled"
PZO,Red lionfish,3,Marine fishes,34,Miscellaneous demersal fishes,1514,Demersal Marine Fish,4,Fish and other fishing products,42,"Fish live, fresh or chilled for human consumption",429,"Other fish, live, fresh or chilled"
GCR,Red-mouthed goby,3,Marine fishes,33,Miscellaneous coastal fishes,1514,Demersal Marine Fish,4,Fish and other fishing products,42,"Fish live, fresh or chilled for human consumption",429,"Other fish, live, fresh or chilled"
EHG,Redmouth grouper,3,Marine fishes,33,Miscellaneous coastal fishes,1514,Demersal Marine Fish,4,Fish and other fishing products,42,"Fish live, fresh or chilled for human consumption",429,"Other fish, live, fresh or chilled"
MUT,Red mullet,3,Marine fishes,33,Miscellaneous coastal fishes,1514,Demersal Marine Fish,4,Fish and other fishing products,42,"Fish live, fresh or chilled for human consumption",429,"Other fish, live, fresh or chilled"
HYZ,Red oyas,7,Miscellaneous aquatic animals,74,Sea-squirts and other tunicates,1587,Aquatic Animals NEI,4,Fish and other fishing products,45,"Other aquatic invertebrates, live, fresh or chilled",459,"Other aquatic invertebrates, live, fresh or chilled, n.e.c."
PAR,Red pandora,3,Marine fishes,33,Miscellaneous coastal fishes,1514,Demersal Marine Fish,4,Fish and other fishing products,42,"Fish live, fresh or chilled for human consumption",429,"Other fish, live, fresh or chilled"
CXP,Red pike conger,3,Marine fishes,34,Miscellaneous demersal fishes,1514,Demersal Marine Fish,4,Fish and other fishing products,42,"Fish live, fresh or chilled for human consumption",429,"Other fish, live, fresh or chilled"
PYE,Red piranha,1,Freshwater fishes,13,Miscellaneous freshwater fishes,1501,Freshwater and Diadromous Fish,4,Fish and other fishing products,42,"Fish live, fresh or chilled for human consumption",421,"Freshwater fish, live, fresh or chilled"
RPG,Red porgy,3,Marine fishes,33,Miscellaneous coastal fishes,1514,Demersal Marine Fish,4,Fish and other fishing products,42,"Fish live, fresh or chilled for human consumption",429,"Other fish, live, fresh or chilled"
LOR,Red rock lobster,4,Crustaceans,43,"Lobsters, spiny-rock lobsters",1553,Crustaceans,4,Fish and other fishing products,43,"Crustaceans, live, fresh or chilled",432,"Rock lobster and other sea crawfish, live, fresh or chilled"
RSE,Red scorpionfish,3,Marine fishes,34,Miscellaneous demersal fishes,1514,Demersal Marine Fish,4,Fish and other fishing products,42,"Fish live, fresh or chilled for human consumption",429,"Other fish, live, fresh or chilled"
REV,Red seabream,3,Marine fishes,33,Miscellaneous coastal fishes,1514,Demersal Marine Fish,4,Fish and other fishing products,42,"Fish live, fresh or chilled for human consumption",429,"Other fish, live, fresh or chilled"
DGM,Red seabroom,9,Aquatic plants,92,Red seaweeds,1594,Aquatic Plants,4,Fish and other fishing products,49,Other aquatic plants and animals,493,"Seaweeds and other algae, fresh, frozen or dried, whether or not ground"
BEC,Red sea catfish,3,Marine fishes,33,Miscellaneous coastal fishes,1514,Demersal Marine Fish,4,Fish and other fishing products,42,"Fish live, fresh or chilled for human consumption",429,"Other fish, live, fresh or chilled"
RPF,Red Sea goatfish,3,Marine fishes,33,Miscellaneous coastal fishes,1514,Demersal Marine Fish,4,Fish and other fishing products,42,"Fish live, fresh or chilled for human consumption",429,"Other fish, live, fresh or chilled"
TBH,Red Sea houndfish,3,Marine fishes,37,Miscellaneous pelagic fishes,1527,Pelagic Marine Fish,4,Fish and other fishing products,42,"Fish live, fresh or chilled for human consumption",426,"Other pelagic fish, live, fresh or chilled"
YMD,Red sea lettuce,9,Aquatic plants,92,Red seaweeds,1594,Aquatic Plants,4,Fish and other fishing products,49,Other aquatic plants and animals,493,"Seaweeds and other algae, fresh, frozen or dried, whether or not ground"
OQM,Red sea mantis shrimp,4,Crustaceans,47,Miscellaneous marine crustaceans,1553,Crustaceans,4,Fish and other fishing products,43,"Crustaceans, live, fresh or chilled",439,"Other crustaceans, live, fresh or chilled"
SWJ,Red Sea seabream,3,Marine fishes,33,Miscellaneous coastal fishes,1514,Demersal Marine Fish,4,Fish and other fishing products,42,"Fish live, fresh or chilled for human consumption",429,"Other fish, live, fresh or chilled"
SSE,Red sea squirt,7,Miscellaneous aquatic animals,74,Sea-squirts and other tunicates,1587,Aquatic Animals NEI,4,Fish and other fishing products,45,"Other aquatic invertebrates, live, fresh or chilled",459,"Other aquatic invertebrates, live, fresh or chilled, n.e.c."
SWR,Red seaweeds,9,Aquatic plants,92,Red seaweeds,1594,Aquatic Plants,4,Fish and other fishing products,49,Other aquatic plants and animals,493,"Seaweeds and other algae, fresh, frozen or dried, whether or not ground"
FEL,Red snapping shrimp,4,Crustaceans,45,"Shrimps, prawns",1553,Crustaceans,4,Fish and other fishing products,43,"Crustaceans, live, fresh or chilled",436,"Other shrimps and prawns, live, fresh or chilled"
CWJ,Red snow crab,4,Crustaceans,42,"Crabs, sea-spiders",1553,Crustaceans,4,Fish and other fishing products,43,"Crustaceans, live, fresh or chilled",431,"Crabs, live, fresh or chilled"
PNB,Redspotted shrimp,4,Crustaceans,45,"Shrimps, prawns",1553,Crustaceans,4,Fish and other fishing products,43,"Crustaceans, live, fresh or chilled",436,"Other shrimps and prawns, live, fresh or chilled"
STH,Red starfish,7,Miscellaneous aquatic animals,76,Sea-urchins and other echinoderms,1587,Aquatic Animals NEI,4,Fish and other fishing products,45,"Other aquatic invertebrates, live, fresh or chilled",459,"Other aquatic invertebrates, live, fresh or chilled, n.e.c."
RER,Red steenbras,3,Marine fishes,33,Miscellaneous coastal fishes,1514,Demersal Marine Fish,4,Fish and other fishing products,42,"Fish live, fresh or chilled for human consumption",429,"Other fish, live, fresh or chilled"
KCU,Red stone crab,4,Crustaceans,44,"King crabs, squat-lobsters",1553,Crustaceans,4,Fish and other fishing products,43,"Crustaceans, live, fresh or chilled",439,"Other crustaceans, live, fresh or chilled"
RPJ,Redstripe rockfish,3,Marine fishes,34,Miscellaneous demersal fishes,1514,Demersal Marine Fish,4,Fish and other fishing products,42,"Fish live, fresh or chilled for human consumption",429,"Other fish, live, fresh or chilled"
RCW,Red swamp crawfish,4,Crustaceans,41,Freshwater crustaceans,1553,Crustaceans,4,Fish and other fishing products,43,"Crustaceans, live, fresh or chilled",439,"Other crustaceans, live, fresh or chilled"
PEH,Redtail catfish,1,Freshwater fishes,13,Miscellaneous freshwater fishes,1501,Freshwater and Diadromous Fish,4,Fish and other fishing products,42,"Fish live, fresh or chilled for human consumption",421,"Freshwater fish, live, fresh or chilled"
RSY,Redtail parrotfish,3,Marine fishes,33,Miscellaneous coastal fishes,1514,Demersal Marine Fish,4,Fish and other fishing products,42,"Fish live, fresh or chilled for human consumption",429,"Other fish, live, fresh or chilled"
REP,Redtail prawn,4,Crustaceans,45,"Shrimps, prawns",1553,Crustaceans,4,Fish and other fishing products,43,"Crustaceans, live, fresh or chilled",436,"Other shrimps and prawns, live, fresh or chilled"
ONI,Red-toothed triggerfish,3,Marine fishes,33,Miscellaneous coastal fishes,1514,Demersal Marine Fish,4,Fish and other fishing products,42,"Fish live, fresh or chilled for human consumption",429,"Other fish, live, fresh or chilled"
KVV,Red vermillion crab,4,Crustaceans,44,"King crabs, squat-lobsters",1553,Crustaceans,4,Fish and other fishing products,43,"Crustaceans, live, fresh or chilled",439,"Other crustaceans, live, fresh or chilled"
EAA,Regan's anchovy,3,Marine fishes,35,"Herrings, sardines, anchovies",1527,Pelagic Marine Fish,4,Fish and other fishing products,42,"Fish live, fresh or chilled for human consumption",426,"Other pelagic fish, live, fresh or chilled"
ONW,Remo flounder,3,Marine fishes,31,"Flounders, halibuts, soles",1514,Demersal Marine Fish,4,Fish and other fishing products,42,"Fish live, fresh or chilled for human consumption",423,"Flatfish, live, fresh or chilled"
RSK,Requiem sharks NEI,3,Marine fishes,38,"Sharks, rays, chimaeras",1514,Demersal Marine Fish,4,Fish and other fishing products,42,"Fish live, fresh or chilled for human consumption",429,"Other fish, live, fresh or chilled"
KOY,Reticulated leatherjacket,3,Marine fishes,33,Miscellaneous coastal fishes,1514,Demersal Marine Fish,4,Fish and other fishing products,42,"Fish live, fresh or chilled for human consumption",429,"Other fish, live, fresh or chilled"
ONP,Reticulate knifefish,1,Freshwater fishes,13,Miscellaneous freshwater fishes,1501,Freshwater and Diadromous Fish,4,Fish and other fishing products,42,"Fish live, fresh or chilled for human consumption",421,"Freshwater fish, live, fresh or chilled"
MMR,Reticulate moray,3,Marine fishes,33,Miscellaneous coastal fishes,1514,Demersal Marine Fish,4,Fish and other fishing products,42,"Fish live, fresh or chilled for human consumption",429,"Other fish, live, fresh or chilled"
GLZ,Rex sole,3,Marine fishes,31,"Flounders, halibuts, soles",1514,Demersal Marine Fish,4,Fish and other fishing products,42,"Fish live, fresh or chilled for human consumption",423,"Flatfish, live, fresh or chilled"
EDI,Rhinoceros leatherjacket,3,Marine fishes,33,Miscellaneous coastal fishes,1514,Demersal Marine Fish,4,Fish and other fishing products,42,"Fish live, fresh or chilled for human consumption",429,"Other fish, live, fresh or chilled"
RHI,Rhinofishes NEI,1,Freshwater fishes,11,"Carps, barbels and other cyprinids",1501,Freshwater and Diadromous Fish,4,Fish and other fishing products,42,"Fish live, fresh or chilled for human consumption",421,"Freshwater fish, live, fresh or chilled"
RHJ,[Rhinoraja longicauda],3,Marine fishes,38,"Sharks, rays, chimaeras",1514,Demersal Marine Fish,4,Fish and other fishing products,42,"Fish live, fresh or chilled for human consumption",429,"Other fish, live, fresh or chilled"
RQU,[Rhopilema esculentum],7,Miscellaneous aquatic animals,77,Miscellaneous aquatic invertebrates,1587,Aquatic Animals NEI,4,Fish and other fishing products,45,"Other aquatic invertebrates, live, fresh or chilled",453,"Jellyfish, live, fresh or chilled"
OFN,Ribboned nori,9,Aquatic plants,92,Red seaweeds,1594,Aquatic Plants,4,Fish and other fishing products,49,Other aquatic plants and animals,493,"Seaweeds and other algae, fresh, frozen or dried, whether or not ground"
TRX,Ribbonfishes,3,Marine fishes,37,Miscellaneous pelagic fishes,1527,Pelagic Marine Fish,4,Fish and other fishing products,42,"Fish live, fresh or chilled for human consumption",426,"Other pelagic fish, live, fresh or chilled"
SLR,Ribbon seal,6,"Whales, seals and other aquatic mammals",63,"Eared seals, hair seals, walruses",1579,Aquatic Mammals,,,,,,
MCC,Ridge scaled rattail,3,Marine fishes,32,"Cods, hakes, haddocks",1514,Demersal Marine Fish,4,Fish and other fishing products,42,"Fish live, fresh or chilled for human consumption",424,"Fish of Gadiformes, live, fresh or chilled"
BZQ,Righteye flounders,3,Marine fishes,31,"Flounders, halibuts, soles",1514,Demersal Marine Fish,4,Fish and other fishing products,42,"Fish live, fresh or chilled for human consumption",423,"Flatfish, live, fresh or chilled"
PLZ,Righteye flounders NEI,3,Marine fishes,31,"Flounders, halibuts, soles",1514,Demersal Marine Fish,4,Fish and other fishing products,42,"Fish live, fresh or chilled for human consumption",423,"Flatfish, live, fresh or chilled"
CZM,Right-handed hermit crabs NEI,4,Crustaceans,44,"King crabs, squat-lobsters",1553,Crustaceans,4,Fish and other fishing products,43,"Crustaceans, live, fresh or chilled",439,"Other crustaceans, live, fresh or chilled"
SER,Ringed seal,6,"Whales, seals and other aquatic mammals",63,"Eared seals, hair seals, walruses",1579,Aquatic Mammals,,,,,,
GWQ,Ringeye conger,3,Marine fishes,34,Miscellaneous demersal fishes,1514,Demersal Marine Fish,4,Fish and other fishing products,42,"Fish live, fresh or chilled for human consumption",429,"Other fish, live, fresh or chilled"
DGV,Ringtail surgeonfish,3,Marine fishes,33,Miscellaneous coastal fishes,1514,Demersal Marine Fish,4,Fish and other fishing products,42,"Fish live, fresh or chilled for human consumption",429,"Other fish, live, fresh or chilled"
RRW,Rio skate,3,Marine fishes,38,"Sharks, rays, chimaeras",1514,Demersal Marine Fish,4,Fish and other fishing products,42,"Fish live, fresh or chilled for human consumption",429,"Other fish, live, fresh or chilled"
BBU,Ripon barbel,1,Freshwater fishes,11,"Carps, barbels and other cyprinids",1501,Freshwater and Diadromous Fish,4,Fish and other fishing products,42,"Fish live, fresh or chilled for human consumption",421,"Freshwater fish, live, fresh or chilled"
DRR,Risso's dolphin,6,"Whales, seals and other aquatic mammals",62,"Sperm-whales, pilot-whales",1579,Aquatic Mammals,,,,,,
PHO,Risso's smooth-head,3,Marine fishes,34,Miscellaneous demersal fishes,1514,Demersal Marine Fish,4,Fish and other fishing products,42,"Fish live, fresh or chilled for human consumption",429,"Other fish, live, fresh or chilled"
TUL,River and lake turtles NEI,7,Miscellaneous aquatic animals,72,Turtles,1587,Aquatic Animals NEI,,,,,,
CDO,River carpsucker,1,Freshwater fishes,11,"Carps, barbels and other cyprinids",1501,Freshwater and Diadromous Fish,4,Fish and other fishing products,42,"Fish live, fresh or chilled for human consumption",421,"Freshwater fish, live, fresh or chilled"
ELX,River eels NEI,2,Diadromous fishes,22,River eels,1501,Freshwater and Diadromous Fish,4,Fish and other fishing products,42,"Fish live, fresh or chilled for human consumption",429,"Other fish, live, fresh or chilled"
LAR,River lamprey,2,Diadromous fishes,25,Miscellaneous diadromous fishes,1501,Freshwater and Diadromous Fish,4,Fish and other fishing products,42,"Fish live, fresh or chilled for human consumption",429,"Other fish, live, fresh or chilled"
MSR,River Plata mussel,5,Molluscs,54,Mussels,1562,Molluscs excl. Cephalopods,4,Fish and other fishing products,44,"Molluscs live, fresh or chilled",443,"Mussels, live, fresh or chilled"
PPF,River prawns NEI,4,Crustaceans,41,Freshwater crustaceans,1553,Crustaceans,4,Fish and other fishing products,43,"Crustaceans, live, fresh or chilled",436,"Other shrimps and prawns, live, fresh or chilled"
LST,Rivulated mutton hamlet,3,Marine fishes,33,Miscellaneous coastal fishes,1514,Demersal Marine Fish,4,Fish and other fishing products,42,"Fish live, fresh or chilled for human consumption",429,"Other fish, live, fresh or chilled"
FRO,Roach,1,Freshwater fishes,11,"Carps, barbels and other cyprinids",1501,Freshwater and Diadromous Fish,4,Fish and other fishing products,42,"Fish live, fresh or chilled for human consumption",421,"Freshwater fish, live, fresh or chilled"
FRX,Roaches NEI,1,Freshwater fishes,11,"Carps, barbels and other cyprinids",1501,Freshwater and Diadromous Fish,4,Fish and other fishing products,42,"Fish live, fresh or chilled for human consumption",421,"Freshwater fish, live, fresh or chilled"
UHB,Robust clubhook squid,5,Molluscs,57,"Squids, cuttlefishes, octopuses",1570,Cephalopods,4,Fish and other fishing products,44,"Molluscs live, fresh or chilled",446,"Cuttlefish and squid, live, fresh or chilled"
AKR,Rock bass,1,Freshwater fishes,13,Miscellaneous freshwater fishes,1501,Freshwater and Diadromous Fish,4,Fish and other fishing products,42,"Fish live, fresh or chilled for human consumption",421,"Freshwater fish, live, fresh or chilled"
ENX,Rock cook,3,Marine fishes,33,Miscellaneous coastal fishes,1514,Demersal Marine Fish,4,Fish and other fishing products,42,"Fish live, fresh or chilled for human consumption",429,"Other fish, live, fresh or chilled"
GON,Rock goby,3,Marine fishes,33,Miscellaneous coastal fishes,1514,Demersal Marine Fish,4,Fish and other fishing products,42,"Fish live, fresh or chilled for human consumption",429,"Other fish, live, fresh or chilled"
EFD,Rock hind,3,Marine fishes,33,Miscellaneous coastal fishes,1514,Demersal Marine Fish,4,Fish and other fishing products,42,"Fish live, fresh or chilled for human consumption",429,"Other fish, live, fresh or chilled"
ROL,Rocklings NEI,3,Marine fishes,32,"Cods, hakes, haddocks",1514,Demersal Marine Fish,4,Fish and other fishing products,42,"Fish live, fresh or chilled for human consumption",424,"Fish of Gadiformes, live, fresh or chilled"
PNQ,Rockpool prawn,4,Crustaceans,45,"Shrimps, prawns",1553,Crustaceans,4,Fish and other fishing products,43,"Crustaceans, live, fresh or chilled",436,"Other shrimps and prawns, live, fresh or chilled"
FHC,Rock sea bass,3,Marine fishes,33,Miscellaneous coastal fishes,1514,Demersal Marine Fish,4,Fish and other fishing products,42,"Fish live, fresh or chilled for human consumption",429,"Other fish, live, fresh or chilled"
RSH,Rock shrimp,4,Crustaceans,45,"Shrimps, prawns",1553,Crustaceans,4,Fish and other fishing products,43,"Crustaceans, live, fresh or chilled",436,"Other shrimps and prawns, live, fresh or chilled"
ROS,Rock sole,3,Marine fishes,31,"Flounders, halibuts, soles",1514,Demersal Marine Fish,4,Fish and other fishing products,42,"Fish live, fresh or chilled for human consumption",423,"Flatfish, live, fresh or chilled"
LRH,Roho labeo,1,Freshwater fishes,11,"Carps, barbels and other cyprinids",1501,Freshwater and Diadromous Fish,4,Fish and other fishing products,42,"Fish live, fresh or chilled for human consumption",421,"Freshwater fish, live, fresh or chilled"
NMP,Roosterfish,3,Marine fishes,33,Miscellaneous coastal fishes,1514,Demersal Marine Fish,4,Fish and other fishing products,42,"Fish live, fresh or chilled for human consumption",429,"Other fish, live, fresh or chilled"
EFC,Rooster hind,3,Marine fishes,33,Miscellaneous coastal fishes,1514,Demersal Marine Fish,4,Fish and other fishing products,42,"Fish live, fresh or chilled for human consumption",429,"Other fish, live, fresh or chilled"
FAG,Rooster venus,5,Molluscs,56,"Clams, cockles, arkshells",1562,Molluscs excl. Cephalopods,4,Fish and other fishing products,44,"Molluscs live, fresh or chilled",445,"Clams, cockles and ark shells, live, fresh or chilled"
ROK,Rosefishes NEI,3,Marine fishes,34,Miscellaneous demersal fishes,1514,Demersal Marine Fish,4,Fish and other fishing products,42,"Fish live, fresh or chilled for human consumption",429,"Other fish, live, fresh or chilled"
RVH,Rosethorn rockfish,3,Marine fishes,34,Miscellaneous demersal fishes,1514,Demersal Marine Fish,4,Fish and other fishing products,42,"Fish live, fresh or chilled for human consumption",429,"Other fish, live, fresh or chilled"
ITT,Rostrate pitar,5,Molluscs,56,"Clams, cockles, arkshells",1562,Molluscs excl. Cephalopods,4,Fish and other fishing products,44,"Molluscs live, fresh or chilled",445,"Clams, cockles and ark shells, live, fresh or chilled"
QZH,Rosy goatfish,3,Marine fishes,33,Miscellaneous coastal fishes,1514,Demersal Marine Fish,4,Fish and other fishing products,42,"Fish live, fresh or chilled for human consumption",429,"Other fish, live, fresh or chilled"
SEQ,Rosy rockfish,3,Marine fishes,34,Miscellaneous demersal fishes,1514,Demersal Marine Fish,4,Fish and other fishing products,42,"Fish live, fresh or chilled for human consumption",429,"Other fish, live, fresh or chilled"
PRP,Roudi escolar,3,Marine fishes,34,Miscellaneous demersal fishes,1514,Demersal Marine Fish,4,Fish and other fishing products,42,"Fish live, fresh or chilled for human consumption",429,"Other fish, live, fresh or chilled"
SFT,Rougheye rockfish,3,Marine fishes,34,Miscellaneous demersal fishes,1514,Demersal Marine Fish,4,Fish and other fishing products,42,"Fish live, fresh or chilled for human consumption",429,"Other fish, live, fresh or chilled"
RHG,Roughhead grenadier,3,Marine fishes,32,"Cods, hakes, haddocks",1514,Demersal Marine Fish,4,Fish and other fishing products,42,"Fish live, fresh or chilled for human consumption",424,"Fish of Gadiformes, live, fresh or chilled"
AUR,Rough-head sea catfish,3,Marine fishes,33,Miscellaneous coastal fishes,1514,Demersal Marine Fish,4,Fish and other fishing products,42,"Fish live, fresh or chilled for human consumption",429,"Other fish, live, fresh or chilled"
LQY,Rough limpet,5,Molluscs,52,"Abalones, winkles, conchs",1562,Molluscs excl. Cephalopods,4,Fish and other fishing products,44,"Molluscs live, fresh or chilled",449,"Other molluscs, live, fresh or chilled"
SDH,Rough longnose dogfish,3,Marine fishes,38,"Sharks, rays, chimaeras",1514,Demersal Marine Fish,4,Fish and other fishing products,42,"Fish live, fresh or chilled for human consumption",429,"Other fish, live, fresh or chilled"
QLE,Rough mantis shrimp,4,Crustaceans,47,Miscellaneous marine crustaceans,1553,Crustaceans,4,Fish and other fishing products,43,"Crustaceans, live, fresh or chilled",439,"Other crustaceans, live, fresh or chilled"
JAR,Rough ray,3,Marine fishes,38,"Sharks, rays, chimaeras",1514,Demersal Marine Fish,4,Fish and other fishing products,42,"Fish live, fresh or chilled for human consumption",429,"Other fish, live, fresh or chilled"
RSC,Rough scad,3,Marine fishes,37,Miscellaneous pelagic fishes,1527,Pelagic Marine Fish,4,Fish and other fishing products,42,"Fish live, fresh or chilled for human consumption",426,"Other pelagic fish, live, fresh or chilled"
JAT,Rough skate,3,Marine fishes,38,"Sharks, rays, chimaeras",1514,Demersal Marine Fish,4,Fish and other fishing products,42,"Fish live, fresh or chilled for human consumption",429,"Other fish, live, fresh or chilled"
CYW,Roughskin dogfish,3,Marine fishes,38,"Sharks, rays, chimaeras",1514,Demersal Marine Fish,4,Fish and other fishing products,42,"Fish live, fresh or chilled for human consumption",429,"Other fish, live, fresh or chilled"
TSU,Roughsnout grenadier,3,Marine fishes,32,"Cods, hakes, haddocks",1514,Demersal Marine Fish,4,Fish and other fishing products,42,"Fish live, fresh or chilled for human consumption",424,"Fish of Gadiformes, live, fresh or chilled"
RDC,Roughtail stingray,3,Marine fishes,38,"Sharks, rays, chimaeras",1514,Demersal Marine Fish,4,Fish and other fishing products,42,"Fish live, fresh or chilled for human consumption",429,"Other fish, live, fresh or chilled"
RTD,Rough-toothed dolphin,6,"Whales, seals and other aquatic mammals",62,"Sperm-whales, pilot-whales",1579,Aquatic Mammals,,,,,,
CNT,Rough triggerfish,3,Marine fishes,33,Miscellaneous coastal fishes,1514,Demersal Marine Fish,4,Fish and other fishing products,42,"Fish live, fresh or chilled for human consumption",429,"Other fish, live, fresh or chilled"
UOS,Rough turban,5,Molluscs,52,"Abalones, winkles, conchs",1562,Molluscs excl. Cephalopods,4,Fish and other fishing products,44,"Molluscs live, fresh or chilled",449,"Other molluscs, live, fresh or chilled"
NBU,Round goby,1,Freshwater fishes,13,Miscellaneous freshwater fishes,1501,Freshwater and Diadromous Fish,4,Fish and other fishing products,42,"Fish live, fresh or chilled for human consumption",421,"Freshwater fish, live, fresh or chilled"
UMF,Roundhead parrotfish,3,Marine fishes,33,Miscellaneous coastal fishes,1514,Demersal Marine Fish,4,Fish and other fishing products,42,"Fish live, fresh or chilled for human consumption",429,"Other fish, live, fresh or chilled"
BGV,Roundjaw bonefish,3,Marine fishes,33,Miscellaneous coastal fishes,1514,Demersal Marine Fish,4,Fish and other fishing products,42,"Fish live, fresh or chilled for human consumption",429,"Other fish, live, fresh or chilled"
RNG,Roundnose grenadier,3,Marine fishes,32,"Cods, hakes, haddocks",1514,Demersal Marine Fish,4,Fish and other fishing products,42,"Fish live, fresh or chilled for human consumption",424,"Fish of Gadiformes, live, fresh or chilled"
RJY,Round ray,3,Marine fishes,38,"Sharks, rays, chimaeras",1514,Demersal Marine Fish,4,Fish and other fishing products,42,"Fish live, fresh or chilled for human consumption",429,"Other fish, live, fresh or chilled"
SAA,Round sardinella,3,Marine fishes,35,"Herrings, sardines, anchovies",1527,Pelagic Marine Fish,4,Fish and other fishing products,42,"Fish live, fresh or chilled for human consumption",426,"Other pelagic fish, live, fresh or chilled"
RSP,Roundscale spearfish,3,Marine fishes,36,"Tunas, bonitos, billfishes",1527,Pelagic Marine Fish,4,Fish and other fishing products,42,"Fish live, fresh or chilled for human consumption",426,"Other pelagic fish, live, fresh or chilled"
PCY,Round whitefish,2,Diadromous fishes,23,"Salmons, trouts, smelts",1501,Freshwater and Diadromous Fish,4,Fish and other fishing products,42,"Fish live, fresh or chilled for human consumption",429,"Other fish, live, fresh or chilled"
EMU,Roving coralgrouper,3,Marine fishes,33,Miscellaneous coastal fishes,1514,Demersal Marine Fish,4,Fish and other fishing products,42,"Fish live, fresh or chilled for human consumption",429,"Other fish, live, fresh or chilled"
JCR,Royal cucumber,7,Miscellaneous aquatic animals,76,Sea-urchins and other echinoderms,1587,Aquatic Animals NEI,4,Fish and other fishing products,45,"Other aquatic invertebrates, live, fresh or chilled",451,"Sea cucumbers, live, fresh or chilled"
ULF,Royal flagfin,3,Marine fishes,33,Miscellaneous coastal fishes,1514,Demersal Marine Fish,4,Fish and other fishing products,42,"Fish live, fresh or chilled for human consumption",429,"Other fish, live, fresh or chilled"
RRS,Royal red shrimp,4,Crustaceans,45,"Shrimps, prawns",1553,Crustaceans,4,Fish and other fishing products,43,"Crustaceans, live, fresh or chilled",436,"Other shrimps and prawns, live, fresh or chilled"
LOY,Royal spiny lobster,4,Crustaceans,43,"Lobsters, spiny-rock lobsters",1553,Crustaceans,4,Fish and other fishing products,43,"Crustaceans, live, fresh or chilled",432,"Rock lobster and other sea crawfish, live, fresh or chilled"
PET,Royal threadfin,3,Marine fishes,33,Miscellaneous coastal fishes,1514,Demersal Marine Fish,4,Fish and other fishing products,42,"Fish live, fresh or chilled for human consumption",429,"Other fish, live, fresh or chilled"
GBR,Rubberlip grunt,3,Marine fishes,33,Miscellaneous coastal fishes,1514,Demersal Marine Fish,4,Fish and other fishing products,42,"Fish live, fresh or chilled for human consumption",429,"Other fish, live, fresh or chilled"
RYG,Rubyfish,3,Marine fishes,34,Miscellaneous demersal fishes,1514,Demersal Marine Fish,4,Fish and other fishing products,42,"Fish live, fresh or chilled for human consumption",429,"Other fish, live, fresh or chilled"
SRE,Rudd,1,Freshwater fishes,11,"Carps, barbels and other cyprinids",1501,Freshwater and Diadromous Fish,4,Fish and other fishing products,42,"Fish live, fresh or chilled for human consumption",421,"Freshwater fish, live, fresh or chilled"
CEO,Rudderfish,3,Marine fishes,34,Miscellaneous demersal fishes,1514,Demersal Marine Fish,4,Fish and other fishing products,42,"Fish live, fresh or chilled for human consumption",429,"Other fish, live, fresh or chilled"
RUF,Ruff,3,Marine fishes,33,Miscellaneous coastal fishes,1514,Demersal Marine Fish,4,Fish and other fishing products,42,"Fish live, fresh or chilled for human consumption",429,"Other fish, live, fresh or chilled"
ACC,Ruffe,1,Freshwater fishes,13,Miscellaneous freshwater fishes,1501,Freshwater and Diadromous Fish,4,Fish and other fishing products,42,"Fish live, fresh or chilled for human consumption",421,"Freshwater fish, live, fresh or chilled"
CEN,"Ruffs, barrelfishes NEI",3,Marine fishes,34,Miscellaneous demersal fishes,1514,Demersal Marine Fish,4,Fish and other fishing products,42,"Fish live, fresh or chilled for human consumption",429,"Other fish, live, fresh or chilled"
KDH,Rugose bonnet,5,Molluscs,52,"Abalones, winkles, conchs",1562,Molluscs excl. Cephalopods,4,Fish and other fishing products,44,"Molluscs live, fresh or chilled",449,"Other molluscs, live, fresh or chilled"
URQ,Rugose squat lobster,4,Crustaceans,44,"King crabs, squat-lobsters",1553,Crustaceans,4,Fish and other fishing products,43,"Crustaceans, live, fresh or chilled",439,"Other crustaceans, live, fresh or chilled"
SNU,Russell's snapper,3,Marine fishes,33,Miscellaneous coastal fishes,1514,Demersal Marine Fish,4,Fish and other fishing products,42,"Fish live, fresh or chilled for human consumption",429,"Other fish, live, fresh or chilled"
ARQ,Rusty jobfish,3,Marine fishes,33,Miscellaneous coastal fishes,1514,Demersal Marine Fish,4,Fish and other fishing products,42,"Fish live, fresh or chilled for human consumption",429,"Other fish, live, fresh or chilled"
TLL,Sabaki tilapia,1,Freshwater fishes,12,Tilapias and other cichlids,1501,Freshwater and Diadromous Fish,4,Fish and other fishing products,42,"Fish live, fresh or chilled for human consumption",421,"Freshwater fish, live, fresh or chilled"
SAB,Sablefish,3,Marine fishes,34,Miscellaneous demersal fishes,1514,Demersal Marine Fish,4,Fish and other fishing products,42,"Fish live, fresh or chilled for human consumption",429,"Other fish, live, fresh or chilled"
HVS,Sabre squirrelfish,3,Marine fishes,33,Miscellaneous coastal fishes,1514,Demersal Marine Fish,4,Fish and other fishing products,42,"Fish live, fresh or chilled for human consumption",429,"Other fish, live, fresh or chilled"
FMS,Saburon helmet,5,Molluscs,52,"Abalones, winkles, conchs",1562,Molluscs excl. Cephalopods,4,Fish and other fishing products,44,"Molluscs live, fresh or chilled",449,"Other molluscs, live, fresh or chilled"
SBS,Saddled seabream,3,Marine fishes,33,Miscellaneous coastal fishes,1514,Demersal Marine Fish,4,Fish and other fishing products,42,"Fish live, fresh or chilled for human consumption",429,"Other fish, live, fresh or chilled"
SAF,Saffron cod,3,Marine fishes,32,"Cods, hakes, haddocks",1514,Demersal Marine Fish,4,Fish and other fishing products,42,"Fish live, fresh or chilled for human consumption",424,"Fish of Gadiformes, live, fresh or chilled"
PXB,Sailfin flyingfish,3,Marine fishes,37,Miscellaneous pelagic fishes,1527,Pelagic Marine Fish,4,Fish and other fishing products,42,"Fish live, fresh or chilled for human consumption",426,"Other pelagic fish, live, fresh or chilled"
OXN,Sailfin roughshark,3,Marine fishes,38,"Sharks, rays, chimaeras",1514,Demersal Marine Fish,4,Fish and other fishing products,42,"Fish live, fresh or chilled for human consumption",429,"Other fish, live, fresh or chilled"
ZEV,Sailfin tang,3,Marine fishes,33,Miscellaneous coastal fishes,1514,Demersal Marine Fish,4,Fish and other fishing products,42,"Fish live, fresh or chilled for human consumption",429,"Other fish, live, fresh or chilled"
RJK,Sailray,3,Marine fishes,38,"Sharks, rays, chimaeras",1514,Demersal Marine Fish,4,Fish and other fishing products,42,"Fish live, fresh or chilled for human consumption",429,"Other fish, live, fresh or chilled"
POK,Saithe(=Pollock),3,Marine fishes,32,"Cods, hakes, haddocks",1514,Demersal Marine Fish,4,Fish and other fishing products,42,"Fish live, fresh or chilled for human consumption",424,"Fish of Gadiformes, live, fresh or chilled"
SLM,Salema,3,Marine fishes,33,Miscellaneous coastal fishes,1514,Demersal Marine Fish,4,Fish and other fishing products,42,"Fish live, fresh or chilled for human consumption",429,"Other fish, live, fresh or chilled"
YQP,Salema butterfish,3,Marine fishes,37,Miscellaneous pelagic fishes,1527,Pelagic Marine Fish,4,Fish and other fishing products,42,"Fish live, fresh or chilled for human consumption",426,"Other pelagic fish, live, fresh or chilled"
SLZ,Salmonids NEI,2,Diadromous fishes,23,"Salmons, trouts, smelts",1501,Freshwater and Diadromous Fish,4,Fish and other fishing products,42,"Fish live, fresh or chilled for human consumption",422,"Salmonidae, live, fresh or chilled"
SLX,Salmonoids NEI,2,Diadromous fishes,23,"Salmons, trouts, smelts",1501,Freshwater and Diadromous Fish,4,Fish and other fishing products,42,"Fish live, fresh or chilled for human consumption",429,"Other fish, live, fresh or chilled"
SPX,Salps,7,Miscellaneous aquatic animals,74,Sea-squirts and other tunicates,1587,Aquatic Animals NEI,4,Fish and other fishing products,45,"Other aquatic invertebrates, live, fresh or chilled",459,"Other aquatic invertebrates, live, fresh or chilled, n.e.c."
QEX,S.Am. freshwater stingrays NEI,3,Marine fishes,38,"Sharks, rays, chimaeras",1514,Demersal Marine Fish,4,Fish and other fishing products,42,"Fish live, fresh or chilled for human consumption",429,"Other fish, live, fresh or chilled"
HEL,Sampa,1,Freshwater fishes,13,Miscellaneous freshwater fishes,1501,Freshwater and Diadromous Fish,4,Fish and other fishing products,42,"Fish live, fresh or chilled for human consumption",421,"Freshwater fish, live, fresh or chilled"
CCP,Sandbar shark,3,Marine fishes,38,"Sharks, rays, chimaeras",1514,Demersal Marine Fish,4,Fish and other fishing products,42,"Fish live, fresh or chilled for human consumption",429,"Other fish, live, fresh or chilled"
KTS,Sand cockle,5,Molluscs,56,"Clams, cockles, arkshells",1562,Molluscs excl. Cephalopods,4,Fish and other fishing products,44,"Molluscs live, fresh or chilled",445,"Clams, cockles and ark shells, live, fresh or chilled"
OVP,Sand crab,4,Crustaceans,42,"Crabs, sea-spiders",1553,Crustaceans,4,Fish and other fishing products,43,"Crustaceans, live, fresh or chilled",431,"Crabs, live, fresh or chilled"
SUD,Sand devil,3,Marine fishes,38,"Sharks, rays, chimaeras",1514,Demersal Marine Fish,4,Fish and other fishing products,42,"Fish live, fresh or chilled for human consumption",429,"Other fish, live, fresh or chilled"
SAN,Sandeels(=Sandlances) NEI,3,Marine fishes,33,Miscellaneous coastal fishes,1514,Demersal Marine Fish,4,Fish and other fishing products,42,"Fish live, fresh or chilled for human consumption",429,"Other fish, live, fresh or chilled"
HFC,Sandfish,7,Miscellaneous aquatic animals,76,Sea-urchins and other echinoderms,1587,Aquatic Animals NEI,4,Fish and other fishing products,45,"Other aquatic invertebrates, live, fresh or chilled",451,"Sea cucumbers, live, fresh or chilled"
FSA,Sand flounders NEI,3,Marine fishes,31,"Flounders, halibuts, soles",1514,Demersal Marine Fish,4,Fish and other fishing products,42,"Fish live, fresh or chilled for human consumption",423,"Flatfish, live, fresh or chilled"
CLS,Sand gaper,5,Molluscs,56,"Clams, cockles, arkshells",1562,Molluscs excl. Cephalopods,4,Fish and other fishing products,44,"Molluscs live, fresh or chilled",445,"Clams, cockles and ark shells, live, fresh or chilled"
PBI,Sand grunt,3,Marine fishes,33,Miscellaneous coastal fishes,1514,Demersal Marine Fish,4,Fish and other fishing products,42,"Fish live, fresh or chilled for human consumption",429,"Other fish, live, fresh or chilled"
TPT,Sandpaper fish,3,Marine fishes,34,Miscellaneous demersal fishes,1514,Demersal Marine Fish,4,Fish and other fishing products,42,"Fish live, fresh or chilled for human consumption",429,"Other fish, live, fresh or chilled"
BYI,Sandpaper skate,3,Marine fishes,38,"Sharks, rays, chimaeras",1514,Demersal Marine Fish,4,Fish and other fishing products,42,"Fish live, fresh or chilled for human consumption",429,"Other fish, live, fresh or chilled"
PES,Sand perch,3,Marine fishes,33,Miscellaneous coastal fishes,1514,Demersal Marine Fish,4,Fish and other fishing products,42,"Fish live, fresh or chilled for human consumption",429,"Other fish, live, fresh or chilled"
ATP,Sand smelt,3,Marine fishes,37,Miscellaneous pelagic fishes,1527,Pelagic Marine Fish,4,Fish and other fishing products,42,"Fish live, fresh or chilled for human consumption",426,"Other pelagic fish, live, fresh or chilled"
SOS,Sand sole,3,Marine fishes,31,"Flounders, halibuts, soles",1514,Demersal Marine Fish,4,Fish and other fishing products,42,"Fish live, fresh or chilled for human consumption",423,"Flatfish, live, fresh or chilled"
SSB,Sand steenbras,3,Marine fishes,33,Miscellaneous coastal fishes,1514,Demersal Marine Fish,4,Fish and other fishing products,42,"Fish live, fresh or chilled for human consumption",429,"Other fish, live, fresh or chilled"
CCT,Sand tiger shark,3,Marine fishes,38,"Sharks, rays, chimaeras",1514,Demersal Marine Fish,4,Fish and other fishing products,42,"Fish live, fresh or chilled for human consumption",429,"Other fish, live, fresh or chilled"
MWP,Sand tilefish,3,Marine fishes,33,Miscellaneous coastal fishes,1514,Demersal Marine Fish,4,Fish and other fishing products,42,"Fish live, fresh or chilled for human consumption",429,"Other fish, live, fresh or chilled"
SSG,Sand violet,7,Miscellaneous aquatic animals,74,Sea-squirts and other tunicates,1587,Aquatic Animals NEI,4,Fish and other fishing products,45,"Other aquatic invertebrates, live, fresh or chilled",459,"Other aquatic invertebrates, live, fresh or chilled, n.e.c."
YNR,Sand weakfish,3,Marine fishes,33,Miscellaneous coastal fishes,1514,Demersal Marine Fish,4,Fish and other fishing products,42,"Fish live, fresh or chilled for human consumption",429,"Other fish, live, fresh or chilled"
RJI,Sandy ray,3,Marine fishes,38,"Sharks, rays, chimaeras",1514,Demersal Marine Fish,4,Fish and other fishing products,42,"Fish live, fresh or chilled for human consumption",429,"Other fish, live, fresh or chilled"
SLD,Santer seabream,3,Marine fishes,33,Miscellaneous coastal fishes,1514,Demersal Marine Fish,4,Fish and other fishing products,42,"Fish live, fresh or chilled for human consumption",429,"Other fish, live, fresh or chilled"
PPS,Sao Paulo shrimp,4,Crustaceans,45,"Shrimps, prawns",1553,Crustaceans,4,Fish and other fishing products,43,"Crustaceans, live, fresh or chilled",436,"Other shrimps and prawns, live, fresh or chilled"
SIX,Sardinellas NEI,3,Marine fishes,35,"Herrings, sardines, anchovies",1527,Pelagic Marine Fish,4,Fish and other fishing products,42,"Fish live, fresh or chilled for human consumption",426,"Other pelagic fish, live, fresh or chilled"
COL,Sardinia coral,8,Miscellaneous aquatic animal products,82,Corals,,,4,Fish and other fishing products,49,Other aquatic plants and animals,491,"Coral and similar products, shells of molluscs, crustaceans or echinoderms and cuttle-bone; live aquatic plants and animals for ornamental purpose"
QWX,[Sargassum spp],9,Aquatic plants,91,Brown seaweeds,1594,Aquatic Plants,4,Fish and other fishing products,49,Other aquatic plants and animals,493,"Seaweeds and other algae, fresh, frozen or dried, whether or not ground"
SRG,Sargo breams NEI,3,Marine fishes,33,Miscellaneous coastal fishes,1514,Demersal Marine Fish,4,Fish and other fishing products,42,"Fish live, fresh or chilled for human consumption",429,"Other fish, live, fresh or chilled"
SZU,Sattar snowtrout,1,Freshwater fishes,11,"Carps, barbels and other cyprinids",1501,Freshwater and Diadromous Fish,4,Fish and other fishing products,42,"Fish live, fresh or chilled for human consumption",421,"Freshwater fish, live, fresh or chilled"
SZC,Sauger,1,Freshwater fishes,13,Miscellaneous freshwater fishes,1501,Freshwater and Diadromous Fish,4,Fish and other fishing products,42,"Fish live, fresh or chilled for human consumption",421,"Freshwater fish, live, fresh or chilled"
SZX,[Saurida spp],3,Marine fishes,33,Miscellaneous coastal fishes,1514,Demersal Marine Fish,4,Fish and other fishing products,42,"Fish live, fresh or chilled for human consumption",429,"Other fish, live, fresh or chilled"
SAX,Sauries NEI,3,Marine fishes,37,Miscellaneous pelagic fishes,1527,Pelagic Marine Fish,4,Fish and other fishing products,42,"Fish live, fresh or chilled for human consumption",426,"Other pelagic fish, live, fresh or chilled"
SUA,Sawback angelshark,3,Marine fishes,38,"Sharks, rays, chimaeras",1514,Demersal Marine Fish,4,Fish and other fishing products,42,"Fish live, fresh or chilled for human consumption",429,"Other fish, live, fresh or chilled"
SAW,Sawfishes,3,Marine fishes,38,"Sharks, rays, chimaeras",1514,Demersal Marine Fish,4,Fish and other fishing products,42,"Fish live, fresh or chilled for human consumption",429,"Other fish, live, fresh or chilled"
PWS,Sawsharks NEI,3,Marine fishes,38,"Sharks, rays, chimaeras",1514,Demersal Marine Fish,4,Fish and other fishing products,42,"Fish live, fresh or chilled for human consumption",429,"Other fish, live, fresh or chilled"
BAN,Sawtooth barracuda,3,Marine fishes,37,Miscellaneous pelagic fishes,1527,Pelagic Marine Fish,4,Fish and other fishing products,42,"Fish live, fresh or chilled for human consumption",426,"Other pelagic fish, live, fresh or chilled"
CID,Sawtooth caridina,4,Crustaceans,41,Freshwater crustaceans,1553,Crustaceans,4,Fish and other fishing products,43,"Crustaceans, live, fresh or chilled",436,"Other shrimps and prawns, live, fresh or chilled"
SDX,Scads NEI,3,Marine fishes,37,Miscellaneous pelagic fishes,1527,Pelagic Marine Fish,4,Fish and other fishing products,42,"Fish live, fresh or chilled for human consumption",426,"Other pelagic fish, live, fresh or chilled"
RKZ,Scaldback,3,Marine fishes,31,"Flounders, halibuts, soles",1514,Demersal Marine Fish,4,Fish and other fishing products,42,"Fish live, fresh or chilled for human consumption",423,"Flatfish, live, fresh or chilled"
RGX,Scaldfishes NEI,3,Marine fishes,31,"Flounders, halibuts, soles",1514,Demersal Marine Fish,4,Fish and other fishing products,42,"Fish live, fresh or chilled for human consumption",423,"Flatfish, live, fresh or chilled"
HCG,Scaled herring,3,Marine fishes,35,"Herrings, sardines, anchovies",1527,Pelagic Marine Fish,4,Fish and other fishing products,42,"Fish live, fresh or chilled for human consumption",426,"Other pelagic fish, live, fresh or chilled"
SAS,Scaled sardines,3,Marine fishes,35,"Herrings, sardines, anchovies",1527,Pelagic Marine Fish,4,Fish and other fishing products,42,"Fish live, fresh or chilled for human consumption",426,"Other pelagic fish, live, fresh or chilled"
AKL,Scale-rayed wrasse,3,Marine fishes,33,Miscellaneous coastal fishes,1514,Demersal Marine Fish,4,Fish and other fishing products,42,"Fish live, fresh or chilled for human consumption",429,"Other fish, live, fresh or chilled"
SPL,Scalloped hammerhead,3,Marine fishes,38,"Sharks, rays, chimaeras",1514,Demersal Marine Fish,4,Fish and other fishing products,42,"Fish live, fresh or chilled for human consumption",429,"Other fish, live, fresh or chilled"
MXX,Scalloped murex,5,Molluscs,52,"Abalones, winkles, conchs",1562,Molluscs excl. Cephalopods,4,Fish and other fishing products,44,"Molluscs live, fresh or chilled",449,"Other molluscs, live, fresh or chilled"
LOK,Scalloped spiny lobster,4,Crustaceans,43,"Lobsters, spiny-rock lobsters",1553,Crustaceans,4,Fish and other fishing products,43,"Crustaceans, live, fresh or chilled",432,"Rock lobster and other sea crawfish, live, fresh or chilled"
SCX,Scallops NEI,5,Molluscs,55,"Scallops, pectens",1562,Molluscs excl. Cephalopods,4,Fish and other fishing products,44,"Molluscs live, fresh or chilled",444,"Scallops, live, fresh or chilled"
YQW,Scalyfin weakfish,3,Marine fishes,33,Miscellaneous coastal fishes,1514,Demersal Marine Fish,4,Fish and other fishing products,42,"Fish live, fresh or chilled for human consumption",429,"Other fish, live, fresh or chilled"
LDY,Scaly gurnard,3,Marine fishes,34,Miscellaneous demersal fishes,1514,Demersal Marine Fish,4,Fish and other fishing products,42,"Fish live, fresh or chilled for human consumption",429,"Other fish, live, fresh or chilled"
MKH,Scamp,3,Marine fishes,33,Miscellaneous coastal fishes,1514,Demersal Marine Fish,4,Fish and other fishing products,42,"Fish live, fresh or chilled for human consumption",429,"Other fish, live, fresh or chilled"
FTX,[Scapharca spp],5,Molluscs,56,"Clams, cockles, arkshells",1562,Molluscs excl. Cephalopods,4,Fish and other fishing products,44,"Molluscs live, fresh or chilled",445,"Clams, cockles and ark shells, live, fresh or chilled"
SSH,Scarlet shrimp,4,Crustaceans,45,"Shrimps, prawns",1553,Crustaceans,4,Fish and other fishing products,43,"Crustaceans, live, fresh or chilled",436,"Other shrimps and prawns, live, fresh or chilled"
USX,[Scarus spp],3,Marine fishes,33,Miscellaneous coastal fishes,1514,Demersal Marine Fish,4,Fish and other fishing products,42,"Fish live, fresh or chilled for human consumption",429,"Other fish, live, fresh or chilled"
SCT,Scats,3,Marine fishes,33,Miscellaneous coastal fishes,1514,Demersal Marine Fish,4,Fish and other fishing products,42,"Fish live, fresh or chilled for human consumption",429,"Other fish, live, fresh or chilled"
SZF,[Schizodon fasciatus],1,Freshwater fishes,13,Miscellaneous freshwater fishes,1501,Freshwater and Diadromous Fish,4,Fish and other fishing products,42,"Fish live, fresh or chilled for human consumption",421,"Freshwater fish, live, fresh or chilled"
YTT,Schoolmaster gonate squid,5,Molluscs,57,"Squids, cuttlefishes, octopuses",1570,Cephalopods,4,Fish and other fishing products,44,"Molluscs live, fresh or chilled",446,"Cuttlefish and squid, live, fresh or chilled"
LJP,Schoolmaster snapper,3,Marine fishes,33,Miscellaneous coastal fishes,1514,Demersal Marine Fish,4,Fish and other fishing products,42,"Fish live, fresh or chilled for human consumption",429,"Other fish, live, fresh or chilled"
UBI,[Scoletoma impatiens],7,Miscellaneous aquatic animals,77,Miscellaneous aquatic invertebrates,1587,Aquatic Animals NEI,4,Fish and other fishing products,45,"Other aquatic invertebrates, live, fresh or chilled",459,"Other aquatic invertebrates, live, fresh or chilled, n.e.c."
MAZ,Scomber mackerels NEI,3,Marine fishes,37,Miscellaneous pelagic fishes,1527,Pelagic Marine Fish,4,Fish and other fishing products,42,"Fish live, fresh or chilled for human consumption",426,"Other pelagic fish, live, fresh or chilled"
SPE,Scoophead,3,Marine fishes,38,"Sharks, rays, chimaeras",1514,Demersal Marine Fish,4,Fish and other fishing products,42,"Fish live, fresh or chilled for human consumption",429,"Other fish, live, fresh or chilled"
SBN,[Scopelogadus beanii],3,Marine fishes,34,Miscellaneous demersal fishes,1514,Demersal Marine Fish,4,Fish and other fishing products,42,"Fish live, fresh or chilled for human consumption",429,"Other fish, live, fresh or chilled"
XSX,"Scorpionfishes, gurnards NEI",3,Marine fishes,34,Miscellaneous demersal fishes,1514,Demersal Marine Fish,4,Fish and other fishing products,42,"Fish live, fresh or chilled for human consumption",429,"Other fish, live, fresh or chilled"
SCO,"Scorpionfishes, redfishes NEI",3,Marine fishes,34,Miscellaneous demersal fishes,1514,Demersal Marine Fish,4,Fish and other fishing products,42,"Fish live, fresh or chilled for human consumption",429,"Other fish, live, fresh or chilled"
SCS,"Scorpionfishes, rockfishes NEI",3,Marine fishes,34,Miscellaneous demersal fishes,1514,Demersal Marine Fish,4,Fish and other fishing products,42,"Fish live, fresh or chilled for human consumption",429,"Other fish, live, fresh or chilled"
FMG,Scotch bonnet,5,Molluscs,52,"Abalones, winkles, conchs",1562,Molluscs excl. Cephalopods,4,Fish and other fishing products,44,"Molluscs live, fresh or chilled",449,"Other molluscs, live, fresh or chilled"
SCM,Scotsman seabream,3,Marine fishes,33,Miscellaneous coastal fishes,1514,Demersal Marine Fish,4,Fish and other fishing products,42,"Fish live, fresh or chilled for human consumption",429,"Other fish, live, fresh or chilled"
NCQ,Scrawled cowfish,3,Marine fishes,33,Miscellaneous coastal fishes,1514,Demersal Marine Fish,4,Fish and other fishing products,42,"Fish live, fresh or chilled for human consumption",429,"Other fish, live, fresh or chilled"
ALN,Scribbled leatherjac. filefish,3,Marine fishes,33,Miscellaneous coastal fishes,1514,Demersal Marine Fish,4,Fish and other fishing products,42,"Fish live, fresh or chilled for human consumption",429,"Other fish, live, fresh or chilled"
SCU,Sculpins,3,Marine fishes,33,Miscellaneous coastal fishes,1514,Demersal Marine Fish,4,Fish and other fishing products,42,"Fish live, fresh or chilled for human consumption",429,"Other fish, live, fresh or chilled"
SWU,Sculpins NEI,3,Marine fishes,33,Miscellaneous coastal fishes,1514,Demersal Marine Fish,4,Fish and other fishing products,42,"Fish live, fresh or chilled for human consumption",429,"Other fish, live, fresh or chilled"
CVL,Sculptured shrimps NEI,4,Crustaceans,45,"Shrimps, prawns",1553,Crustaceans,4,Fish and other fishing products,43,"Crustaceans, live, fresh or chilled",435,"Cold-water shrimps and prawns (Pandalus spp., Crangon crangon), live, fresh or chilled"
SCP,Scup,3,Marine fishes,33,Miscellaneous coastal fishes,1514,Demersal Marine Fish,4,Fish and other fishing products,42,"Fish live, fresh or chilled for human consumption",429,"Other fish, live, fresh or chilled"
YUX,[Scylla spp],4,Crustaceans,42,"Crabs, sea-spiders",1553,Crustaceans,4,Fish and other fishing products,43,"Crustaceans, live, fresh or chilled",431,"Crabs, live, fresh or chilled"
ATX,Sea anemones,8,Miscellaneous aquatic animal products,82,Corals,,,4,Fish and other fishing products,49,Other aquatic plants and animals,491,"Coral and similar products, shells of molluscs, crustaceans or echinoderms and cuttle-bone; live aquatic plants and animals for ornamental purpose"
BSE,Seabasses NEI,3,Marine fishes,33,Miscellaneous coastal fishes,1514,Demersal Marine Fish,4,Fish and other fishing products,42,"Fish live, fresh or chilled for human consumption",429,"Other fish, live, fresh or chilled"
LQX,Sea belt,9,Aquatic plants,91,Brown seaweeds,1594,Aquatic Plants,4,Fish and other fishing products,49,Other aquatic plants and animals,493,"Seaweeds and other algae, fresh, frozen or dried, whether or not ground"
CAX,Sea catfishes NEI,3,Marine fishes,33,Miscellaneous coastal fishes,1514,Demersal Marine Fish,4,Fish and other fishing products,42,"Fish live, fresh or chilled for human consumption",429,"Other fish, live, fresh or chilled"
KYX,Sea chubs NEI,3,Marine fishes,33,Miscellaneous coastal fishes,1514,Demersal Marine Fish,4,Fish and other fishing products,42,"Fish live, fresh or chilled for human consumption",429,"Other fish, live, fresh or chilled"
CUX,Sea cucumbers NEI,7,Miscellaneous aquatic animals,76,Sea-urchins and other echinoderms,1587,Aquatic Animals NEI,4,Fish and other fishing products,45,"Other aquatic invertebrates, live, fresh or chilled",451,"Sea cucumbers, live, fresh or chilled"
LAU,Sea lamprey,2,Diadromous fishes,25,Miscellaneous diadromous fishes,1501,Freshwater and Diadromous Fish,4,Fish and other fishing products,42,"Fish live, fresh or chilled for human consumption",429,"Other fish, live, fresh or chilled"
UVU,Sea lettuce,9,Aquatic plants,93,Green seaweeds,1594,Aquatic Plants,4,Fish and other fishing products,49,Other aquatic plants and animals,493,"Seaweeds and other algae, fresh, frozen or dried, whether or not ground"
UYH,Sea lettuces NEI,9,Aquatic plants,93,Green seaweeds,1594,Aquatic Plants,4,Fish and other fishing products,49,Other aquatic plants and animals,493,"Seaweeds and other algae, fresh, frozen or dried, whether or not ground"
SXX,Seals and sea lions NEI,6,"Whales, seals and other aquatic mammals",63,"Eared seals, hair seals, walruses",1579,Aquatic Mammals,,,,,,
MSX,Sea mussels NEI,5,Molluscs,54,Mussels,1562,Molluscs excl. Cephalopods,4,Fish and other fishing products,44,"Molluscs live, fresh or chilled",443,"Mussels, live, fresh or chilled"
NTW,Sea pens,8,Miscellaneous aquatic animal products,82,Corals,,,4,Fish and other fishing products,49,Other aquatic plants and animals,491,"Coral and similar products, shells of molluscs, crustaceans or echinoderms and cuttle-bone; live aquatic plants and animals for ornamental purpose"
QAE,Sea plume,8,Miscellaneous aquatic animal products,82,Corals,,,4,Fish and other fishing products,49,Other aquatic plants and animals,491,"Coral and similar products, shells of molluscs, crustaceans or echinoderms and cuttle-bone; live aquatic plants and animals for ornamental purpose"
RPN,Sea snails,5,Molluscs,52,"Abalones, winkles, conchs",1562,Molluscs excl. Cephalopods,4,Fish and other fishing products,44,"Molluscs live, fresh or chilled",449,"Other molluscs, live, fresh or chilled"
PWJ,Sea spiders,7,Miscellaneous aquatic animals,75,Horseshoe crabs and other arachnoids,1587,Aquatic Animals NEI,4,Fish and other fishing products,45,"Other aquatic invertebrates, live, fresh or chilled",459,"Other aquatic invertebrates, live, fresh or chilled, n.e.c."
HLZ,Sea thong,9,Aquatic plants,91,Brown seaweeds,1594,Aquatic Plants,4,Fish and other fishing products,49,Other aquatic plants and animals,493,"Seaweeds and other algae, fresh, frozen or dried, whether or not ground"
TRS,Sea trout,2,Diadromous fishes,23,"Salmons, trouts, smelts",1501,Freshwater and Diadromous Fish,4,Fish and other fishing products,42,"Fish live, fresh or chilled for human consumption",422,"Salmonidae, live, fresh or chilled"
URX,"Sea urchins, etc. NEI",7,Miscellaneous aquatic animals,76,Sea-urchins and other echinoderms,1587,Aquatic Animals NEI,4,Fish and other fishing products,45,"Other aquatic invertebrates, live, fresh or chilled",452,"Sea urchins, live, fresh or chilled"
URC,Sea urchins NEI,7,Miscellaneous aquatic animals,76,Sea-urchins and other echinoderms,1587,Aquatic Animals NEI,4,Fish and other fishing products,45,"Other aquatic invertebrates, live, fresh or chilled",452,"Sea urchins, live, fresh or chilled"
SWX,Seaweeds NEI,9,Aquatic plants,94,Miscellaneous aquatic plants,1594,Aquatic Plants,4,Fish and other fishing products,49,Other aquatic plants and animals,493,"Seaweeds and other algae, fresh, frozen or dried, whether or not ground"
KGX,Seerfishes NEI,3,Marine fishes,36,"Tunas, bonitos, billfishes",1527,Pelagic Marine Fish,4,Fish and other fishing products,42,"Fish live, fresh or chilled for human consumption",426,"Other pelagic fish, live, fresh or chilled"
SIW,Sei whale,6,"Whales, seals and other aquatic mammals",61,"Blue-whales, fin-whales",1579,Aquatic Mammals,,,,,,
TZD,Semah mahseer,1,Freshwater fishes,11,"Carps, barbels and other cyprinids",1501,Freshwater and Diadromous Fish,4,Fish and other fishing products,42,"Fish live, fresh or chilled for human consumption",421,"Freshwater fish, live, fresh or chilled"
KIS,Semi-rough venus,5,Molluscs,56,"Clams, cockles, arkshells",1562,Molluscs excl. Cephalopods,4,Fish and other fishing products,44,"Molluscs live, fresh or chilled",445,"Clams, cockles and ark shells, live, fresh or chilled"
HKM,Senegalese hake,3,Marine fishes,32,"Cods, hakes, haddocks",1514,Demersal Marine Fish,4,Fish and other fishing products,42,"Fish live, fresh or chilled for human consumption",424,"Fish of Gadiformes, live, fresh or chilled"
CEG,Senegalese ladyfish,3,Marine fishes,33,Miscellaneous coastal fishes,1514,Demersal Marine Fish,4,Fish and other fishing products,42,"Fish live, fresh or chilled for human consumption",429,"Other fish, live, fresh or chilled"
PVQ,Senegalese smooth swimcrab,4,Crustaceans,42,"Crabs, sea-spiders",1553,Crustaceans,4,Fish and other fishing products,43,"Crustaceans, live, fresh or chilled",431,"Crabs, live, fresh or chilled"
OAL,Senegalese sole,3,Marine fishes,31,"Flounders, halibuts, soles",1514,Demersal Marine Fish,4,Fish and other fishing products,42,"Fish live, fresh or chilled for human consumption",423,"Flatfish, live, fresh or chilled"
YOE,Senegalese tonguesole,3,Marine fishes,31,"Flounders, halibuts, soles",1514,Demersal Marine Fish,4,Fish and other fishing products,42,"Fish live, fresh or chilled for human consumption",423,"Flatfish, live, fresh or chilled"
NXS,Senegal jack,3,Marine fishes,37,Miscellaneous pelagic fishes,1527,Pelagic Marine Fish,4,Fish and other fishing products,42,"Fish live, fresh or chilled for human consumption",426,"Other pelagic fish, live, fresh or chilled"
DHQ,Senegal seabream,3,Marine fishes,33,Miscellaneous coastal fishes,1514,Demersal Marine Fish,4,Fish and other fishing products,42,"Fish live, fresh or chilled for human consumption",429,"Other fish, live, fresh or chilled"
ABU,Sergeant-major,3,Marine fishes,33,Miscellaneous coastal fishes,1514,Demersal Marine Fish,4,Fish and other fishing products,42,"Fish live, fresh or chilled for human consumption",429,"Other fish, live, fresh or chilled"
SHS,Sergestid shrimps NEI,4,Crustaceans,45,"Shrimps, prawns",1553,Crustaceans,4,Fish and other fishing products,43,"Crustaceans, live, fresh or chilled",436,"Other shrimps and prawns, live, fresh or chilled"
BRS,Serra Spanish mackerel,3,Marine fishes,36,"Tunas, bonitos, billfishes",1527,Pelagic Marine Fish,4,Fish and other fishing products,42,"Fish live, fresh or chilled for human consumption",426,"Other pelagic fish, live, fresh or chilled"
SFI,Sevan trout,2,Diadromous fishes,23,"Salmons, trouts, smelts",1501,Freshwater and Diadromous Fish,4,Fish and other fishing products,42,"Fish live, fresh or chilled for human consumption",422,"Salmonidae, live, fresh or chilled"
OEC,Seven khramulya,1,Freshwater fishes,11,"Carps, barbels and other cyprinids",1501,Freshwater and Diadromous Fish,4,Fish and other fishing products,42,"Fish live, fresh or chilled for human consumption",421,"Freshwater fish, live, fresh or chilled"
SQS,Sevenstar flying squid,5,Molluscs,57,"Squids, cuttlefishes, octopuses",1570,Cephalopods,4,Fish and other fishing products,44,"Molluscs live, fresh or chilled",446,"Cuttlefish and squid, live, fresh or chilled"
SHZ,Shads NEI,2,Diadromous fishes,24,Shads,1501,Freshwater and Diadromous Fish,4,Fish and other fishing products,42,"Fish live, fresh or chilled for human consumption",429,"Other fish, live, fresh or chilled"
RJF,Shagreen ray,3,Marine fishes,38,"Sharks, rays, chimaeras",1514,Demersal Marine Fish,4,Fish and other fishing products,42,"Fish live, fresh or chilled for human consumption",429,"Other fish, live, fresh or chilled"
HKK,Shallow-water Cape hake,3,Marine fishes,32,"Cods, hakes, haddocks",1514,Demersal Marine Fish,4,Fish and other fishing products,42,"Fish live, fresh or chilled for human consumption",424,"Fish of Gadiformes, live, fresh or chilled"
KPG,Shamefaced crab,4,Crustaceans,42,"Crabs, sea-spiders",1553,Crustaceans,4,Fish and other fishing products,43,"Crustaceans, live, fresh or chilled",431,"Crabs, live, fresh or chilled"
SKX,"Sharks, rays, skates, etc. NEI",3,Marine fishes,38,"Sharks, rays, chimaeras",1514,Demersal Marine Fish,4,Fish and other fishing products,42,"Fish live, fresh or chilled for human consumption",429,"Other fish, live, fresh or chilled"
REO,Shark sucker,3,Marine fishes,37,Miscellaneous pelagic fishes,1527,Pelagic Marine Fish,4,Fish and other fishing products,42,"Fish live, fresh or chilled for human consumption",426,"Other pelagic fish, live, fresh or chilled"
AGD,Sharktooth moray,3,Marine fishes,33,Miscellaneous coastal fishes,1514,Demersal Marine Fish,4,Fish and other fishing products,42,"Fish live, fresh or chilled for human consumption",429,"Other fish, live, fresh or chilled"
RVZ,Sharpchin rockfish,3,Marine fishes,34,Miscellaneous demersal fishes,1514,Demersal Marine Fish,4,Fish and other fishing products,42,"Fish live, fresh or chilled for human consumption",429,"Other fish, live, fresh or chilled"
HXT,Sharpnose sevengill shark,3,Marine fishes,38,"Sharks, rays, chimaeras",1514,Demersal Marine Fish,4,Fish and other fishing products,42,"Fish live, fresh or chilled for human consumption",429,"Other fish, live, fresh or chilled"
DHG,Sharpnose stingray,3,Marine fishes,38,"Sharks, rays, chimaeras",1514,Demersal Marine Fish,4,Fish and other fishing products,42,"Fish live, fresh or chilled for human consumption",429,"Other fish, live, fresh or chilled"
SHR,Sharpsnout seabream,3,Marine fishes,33,Miscellaneous coastal fishes,1514,Demersal Marine Fish,4,Fish and other fishing products,42,"Fish live, fresh or chilled for human consumption",429,"Other fish, live, fresh or chilled"
TTE,Sharptooth houndshark,3,Marine fishes,38,"Sharks, rays, chimaeras",1514,Demersal Marine Fish,4,Fish and other fishing products,42,"Fish live, fresh or chilled for human consumption",429,"Other fish, live, fresh or chilled"
LRU,Sharptooth jobfish,3,Marine fishes,33,Miscellaneous coastal fishes,1514,Demersal Marine Fish,4,Fish and other fishing products,42,"Fish live, fresh or chilled for human consumption",429,"Other fish, live, fresh or chilled"
SPH,Sheepshead,3,Marine fishes,33,Miscellaneous coastal fishes,1514,Demersal Marine Fish,4,Fish and other fishing products,42,"Fish live, fresh or chilled for human consumption",429,"Other fish, live, fresh or chilled"
HGH,Sheepswool sponge,8,Miscellaneous aquatic animal products,83,Sponges,,,4,Fish and other fishing products,49,Other aquatic plants and animals,492,Natural sponges of aquatic animal origin
SHI,Shiba shrimp,4,Crustaceans,45,"Shrimps, prawns",1553,Crustaceans,4,Fish and other fishing products,43,"Crustaceans, live, fresh or chilled",436,"Other shrimps and prawns, live, fresh or chilled"
COB,Shi drum,3,Marine fishes,33,Miscellaneous coastal fishes,1514,Demersal Marine Fish,4,Fish and other fishing products,42,"Fish live, fresh or chilled for human consumption",429,"Other fish, live, fresh or chilled"
LRF,Shining drum,3,Marine fishes,33,Miscellaneous coastal fishes,1514,Demersal Marine Fish,4,Fish and other fishing products,42,"Fish live, fresh or chilled for human consumption",429,"Other fish, live, fresh or chilled"
HZQ,Shining grunt,3,Marine fishes,33,Miscellaneous coastal fishes,1514,Demersal Marine Fish,4,Fish and other fishing products,42,"Fish live, fresh or chilled for human consumption",429,"Other fish, live, fresh or chilled"
COK,"Shiro, white coral",8,Miscellaneous aquatic animal products,82,Corals,,,4,Fish and other fishing products,49,Other aquatic plants and animals,491,"Coral and similar products, shells of molluscs, crustaceans or echinoderms and cuttle-bone; live aquatic plants and animals for ornamental purpose"
GGD,Shore rockling,3,Marine fishes,32,"Cods, hakes, haddocks",1514,Demersal Marine Fish,4,Fish and other fishing products,42,"Fish live, fresh or chilled for human consumption",424,"Fish of Gadiformes, live, fresh or chilled"
EAR,Short anchovy,3,Marine fishes,35,"Herrings, sardines, anchovies",1527,Pelagic Marine Fish,4,Fish and other fishing products,42,"Fish live, fresh or chilled for human consumption",426,"Other pelagic fish, live, fresh or chilled"
SFK,Shortbelly rockfish,3,Marine fishes,34,Miscellaneous demersal fishes,1514,Demersal Marine Fish,4,Fish and other fishing products,42,"Fish live, fresh or chilled for human consumption",429,"Other fish, live, fresh or chilled"
SSP,Shortbill spearfish,3,Marine fishes,36,"Tunas, bonitos, billfishes",1527,Pelagic Marine Fish,4,Fish and other fishing products,42,"Fish live, fresh or chilled for human consumption",426,"Other pelagic fish, live, fresh or chilled"
SMA,Shortfin mako,3,Marine fishes,38,"Sharks, rays, chimaeras",1514,Demersal Marine Fish,4,Fish and other fishing products,42,"Fish live, fresh or chilled for human consumption",429,"Other fish, live, fresh or chilled"
ELU,Short-finned eel,2,Diadromous fishes,22,River eels,1501,Freshwater and Diadromous Fish,4,Fish and other fishing products,42,"Fish live, fresh or chilled for human consumption",429,"Other fish, live, fresh or chilled"
SHW,Short-finned pilot whale,6,"Whales, seals and other aquatic mammals",62,"Sperm-whales, pilot-whales",1579,Aquatic Mammals,,,,,,
DCC,Shortfin scad,3,Marine fishes,37,Miscellaneous pelagic fishes,1527,Pelagic Marine Fish,4,Fish and other fishing products,42,"Fish live, fresh or chilled for human consumption",426,"Other pelagic fish, live, fresh or chilled"
ILL,Shortfin squids NEI,5,Molluscs,57,"Squids, cuttlefishes, octopuses",1570,Cephalopods,4,Fish and other fishing products,44,"Molluscs live, fresh or chilled",446,"Cuttlefish and squid, live, fresh or chilled"
LRJ,Shorthead drum,3,Marine fishes,33,Miscellaneous coastal fishes,1514,Demersal Marine Fish,4,Fish and other fishing products,42,"Fish live, fresh or chilled for human consumption",429,"Other fish, live, fresh or chilled"
DPY,Short-headed lantern fish,3,Marine fishes,34,Miscellaneous demersal fishes,1514,Demersal Marine Fish,4,Fish and other fishing products,42,"Fish live, fresh or chilled for human consumption",429,"Other fish, live, fresh or chilled"
MOM,Shorthead redhorse,1,Freshwater fishes,11,"Carps, barbels and other cyprinids",1501,Freshwater and Diadromous Fish,4,Fish and other fishing products,42,"Fish live, fresh or chilled for human consumption",421,"Freshwater fish, live, fresh or chilled"
MXV,Shorthorn sculpin,3,Marine fishes,33,Miscellaneous coastal fishes,1514,Demersal Marine Fish,4,Fish and other fishing products,42,"Fish live, fresh or chilled for human consumption",429,"Other fish, live, fresh or chilled"
OLG,Shortjaw leatherjacket,3,Marine fishes,37,Miscellaneous pelagic fishes,1527,Pelagic Marine Fish,4,Fish and other fishing products,42,"Fish live, fresh or chilled for human consumption",426,"Other pelagic fish, live, fresh or chilled"
RAB,Short mackerel,3,Marine fishes,37,Miscellaneous pelagic fishes,1527,Pelagic Marine Fish,4,Fish and other fishing products,42,"Fish live, fresh or chilled for human consumption",426,"Other pelagic fish, live, fresh or chilled"
NCL,Short neck clams NEI,5,Molluscs,56,"Clams, cockles, arkshells",1562,Molluscs excl. Cephalopods,4,Fish and other fishing products,44,"Molluscs live, fresh or chilled",445,"Clams, cockles and ark shells, live, fresh or chilled"
LVQ,Shortnose gar,1,Freshwater fishes,13,Miscellaneous freshwater fishes,1501,Freshwater and Diadromous Fish,4,Fish and other fishing products,42,"Fish live, fresh or chilled for human consumption",421,"Freshwater fish, live, fresh or chilled"
CVW,Shortnose greeneye,3,Marine fishes,34,Miscellaneous demersal fishes,1514,Demersal Marine Fish,4,Fish and other fishing products,42,"Fish live, fresh or chilled for human consumption",429,"Other fish, live, fresh or chilled"
DOP,Shortnose spurdog,3,Marine fishes,38,"Sharks, rays, chimaeras",1514,Demersal Marine Fish,4,Fish and other fishing products,42,"Fish live, fresh or chilled for human consumption",429,"Other fish, live, fresh or chilled"
SFB,Shortraker rockfish,3,Marine fishes,34,Miscellaneous demersal fishes,1514,Demersal Marine Fish,4,Fish and other fishing products,42,"Fish live, fresh or chilled for human consumption",429,"Other fish, live, fresh or chilled"
MVA,Shortspine African angler,3,Marine fishes,34,Miscellaneous demersal fishes,1514,Demersal Marine Fish,4,Fish and other fishing products,42,"Fish live, fresh or chilled for human consumption",429,"Other fish, live, fresh or chilled"
QUK,Shortspine spurdog,3,Marine fishes,38,"Sharks, rays, chimaeras",1514,Demersal Marine Fish,4,Fish and other fishing products,42,"Fish live, fresh or chilled for human consumption",429,"Other fish, live, fresh or chilled"
SJU,Shortspine thornyhead,3,Marine fishes,34,Miscellaneous demersal fishes,1514,Demersal Marine Fish,4,Fish and other fishing products,42,"Fish live, fresh or chilled for human consumption",429,"Other fish, live, fresh or chilled"
LSJ,Shrimp scad,3,Marine fishes,37,Miscellaneous pelagic fishes,1527,Pelagic Marine Fish,4,Fish and other fishing products,42,"Fish live, fresh or chilled for human consumption",426,"Other pelagic fish, live, fresh or chilled"
CDS,Siamese crocodile,7,Miscellaneous aquatic animals,73,Crocodiles and alligators,,,,,,,,
EXO,Siberian prawn,4,Crustaceans,41,Freshwater crustaceans,1553,Crustaceans,4,Fish and other fishing products,43,"Crustaceans, live, fresh or chilled",436,"Other shrimps and prawns, live, fresh or chilled"
APB,Siberian sturgeon,2,Diadromous fishes,21,"Sturgeons, paddlefishes",1501,Freshwater and Diadromous Fish,4,Fish and other fishing products,42,"Fish live, fresh or chilled for human consumption",429,"Other fish, live, fresh or chilled"
FSC,Sichel,1,Freshwater fishes,11,"Carps, barbels and other cyprinids",1501,Freshwater and Diadromous Fish,4,Fish and other fishing products,42,"Fish live, fresh or chilled for human consumption",421,"Freshwater fish, live, fresh or chilled"
MUU,Sicklefin smooth-hound,3,Marine fishes,38,"Sharks, rays, chimaeras",1514,Demersal Marine Fish,4,Fish and other fishing products,42,"Fish live, fresh or chilled for human consumption",429,"Other fish, live, fresh or chilled"
DRZ,Sicklefishes NEI,3,Marine fishes,33,Miscellaneous coastal fishes,1514,Demersal Marine Fish,4,Fish and other fishing products,42,"Fish live, fresh or chilled for human consumption",429,"Other fish, live, fresh or chilled"
RPL,Sidespot goatfish,3,Marine fishes,33,Miscellaneous coastal fishes,1514,Demersal Marine Fish,4,Fish and other fishing products,42,"Fish live, fresh or chilled for human consumption",429,"Other fish, live, fresh or chilled"
LZF,Signal barb,1,Freshwater fishes,11,"Carps, barbels and other cyprinids",1501,Freshwater and Diadromous Fish,4,Fish and other fishing products,42,"Fish live, fresh or chilled for human consumption",421,"Freshwater fish, live, fresh or chilled"
PCL,Signal crayfish,4,Crustaceans,41,Freshwater crustaceans,1553,Crustaceans,4,Fish and other fishing products,43,"Crustaceans, live, fresh or chilled",439,"Other crustaceans, live, fresh or chilled"
DMO,Siliceous sponges,8,Miscellaneous aquatic animal products,83,Sponges,,,4,Fish and other fishing products,49,Other aquatic plants and animals,492,Natural sponges of aquatic animal origin
LTJ,Silk snapper,3,Marine fishes,33,Miscellaneous coastal fishes,1514,Demersal Marine Fish,4,Fish and other fishing products,42,"Fish live, fresh or chilled for human consumption",429,"Other fish, live, fresh or chilled"
FAL,Silky shark,3,Marine fishes,38,"Sharks, rays, chimaeras",1514,Demersal Marine Fish,4,Fish and other fishing products,42,"Fish live, fresh or chilled for human consumption",429,"Other fish, live, fresh or chilled"
WHS,Sillago-whitings,3,Marine fishes,33,Miscellaneous coastal fishes,1514,Demersal Marine Fish,4,Fish and other fishing products,42,"Fish live, fresh or chilled for human consumption",429,"Other fish, live, fresh or chilled"
PTG,Silver barb,1,Freshwater fishes,11,"Carps, barbels and other cyprinids",1501,Freshwater and Diadromous Fish,4,Fish and other fishing products,42,"Fish live, fresh or chilled for human consumption",421,"Freshwater fish, live, fresh or chilled"
HXP,"Silver, bighead carps NEI",1,Freshwater fishes,11,"Carps, barbels and other cyprinids",1501,Freshwater and Diadromous Fish,4,Fish and other fishing products,42,"Fish live, fresh or chilled for human consumption",421,"Freshwater fish, live, fresh or chilled"
SVC,Silver carp,1,Freshwater fishes,11,"Carps, barbels and other cyprinids",1501,Freshwater and Diadromous Fish,4,Fish and other fishing products,42,"Fish live, fresh or chilled for human consumption",421,"Freshwater fish, live, fresh or chilled"
LFZ,Silver-cheeked toadfish,3,Marine fishes,33,Miscellaneous coastal fishes,1514,Demersal Marine Fish,4,Fish and other fishing products,42,"Fish live, fresh or chilled for human consumption",429,"Other fish, live, fresh or chilled"
CMH,Silver chimaera,3,Marine fishes,38,"Sharks, rays, chimaeras",1514,Demersal Marine Fish,4,Fish and other fishing products,42,"Fish live, fresh or chilled for human consumption",429,"Other fish, live, fresh or chilled"
CRV,Silver croaker,3,Marine fishes,33,Miscellaneous coastal fishes,1514,Demersal Marine Fish,4,Fish and other fishing products,42,"Fish live, fresh or chilled for human consumption",429,"Other fish, live, fresh or chilled"
ENA,Silver cyprinid,1,Freshwater fishes,11,"Carps, barbels and other cyprinids",1501,Freshwater and Diadromous Fish,4,Fish and other fishing products,42,"Fish live, fresh or chilled for human consumption",421,"Freshwater fish, live, fresh or chilled"
LRR,Silver drum,3,Marine fishes,33,Miscellaneous coastal fishes,1514,Demersal Marine Fish,4,Fish and other fishing products,42,"Fish live, fresh or chilled for human consumption",429,"Other fish, live, fresh or chilled"
GEM,Silver gemfish,3,Marine fishes,34,Miscellaneous demersal fishes,1514,Demersal Marine Fish,4,Fish and other fishing products,42,"Fish live, fresh or chilled for human consumption",429,"Other fish, live, fresh or chilled"
SBY,Silvergray rockfish,3,Marine fishes,34,Miscellaneous demersal fishes,1514,Demersal Marine Fish,4,Fish and other fishing products,42,"Fish live, fresh or chilled for human consumption",429,"Other fish, live, fresh or chilled"
GRL,Silver grunt,3,Marine fishes,33,Miscellaneous coastal fishes,1514,Demersal Marine Fish,4,Fish and other fishing products,42,"Fish live, fresh or chilled for human consumption",429,"Other fish, live, fresh or chilled"
MER,Silver grunter,3,Marine fishes,33,Miscellaneous coastal fishes,1514,Demersal Marine Fish,4,Fish and other fishing products,42,"Fish live, fresh or chilled for human consumption",429,"Other fish, live, fresh or chilled"
HKS,Silver hake,3,Marine fishes,32,"Cods, hakes, haddocks",1514,Demersal Marine Fish,4,Fish and other fishing products,42,"Fish live, fresh or chilled for human consumption",424,"Fish of Gadiformes, live, fresh or chilled"
PNX,Silverlip pearl oyster,8,Miscellaneous aquatic animal products,81,"Pearls, mother-of-pearl, shells",,,4,Fish and other fishing products,49,Other aquatic plants and animals,491,"Coral and similar products, shells of molluscs, crustaceans or echinoderms and cuttle-bone; live aquatic plants and animals for ornamental purpose"
FQG,Silver mojarra,3,Marine fishes,33,Miscellaneous coastal fishes,1514,Demersal Marine Fish,4,Fish and other fishing products,42,"Fish live, fresh or chilled for human consumption",429,"Other fish, live, fresh or chilled"
MLD,Silver mylossoma,1,Freshwater fishes,13,Miscellaneous freshwater fishes,1501,Freshwater and Diadromous Fish,4,Fish and other fishing products,42,"Fish live, fresh or chilled for human consumption",421,"Freshwater fish, live, fresh or chilled"
BYB,Silver perch,1,Freshwater fishes,13,Miscellaneous freshwater fishes,1501,Freshwater and Diadromous Fish,4,Fish and other fishing products,42,"Fish live, fresh or chilled for human consumption",421,"Freshwater fish, live, fresh or chilled"
SIP,Silver pomfret,3,Marine fishes,37,Miscellaneous pelagic fishes,1527,Pelagic Marine Fish,4,Fish and other fishing products,42,"Fish live, fresh or chilled for human consumption",426,"Other pelagic fish, live, fresh or chilled"
XPO,Silver pomfrets NEI,3,Marine fishes,37,Miscellaneous pelagic fishes,1527,Pelagic Marine Fish,4,Fish and other fishing products,42,"Fish live, fresh or chilled for human consumption",426,"Other pelagic fish, live, fresh or chilled"
IMB,Silver-rag driftfish,3,Marine fishes,34,Miscellaneous demersal fishes,1514,Demersal Marine Fish,4,Fish and other fishing products,42,"Fish live, fresh or chilled for human consumption",429,"Other fish, live, fresh or chilled"
RSZ,Silver rasbora,1,Freshwater fishes,11,"Carps, barbels and other cyprinids",1501,Freshwater and Diadromous Fish,4,Fish and other fishing products,42,"Fish live, fresh or chilled for human consumption",421,"Freshwater fish, live, fresh or chilled"
SFS,Silver scabbardfish,3,Marine fishes,34,Miscellaneous demersal fishes,1514,Demersal Marine Fish,4,Fish and other fishing products,42,"Fish live, fresh or chilled for human consumption",429,"Other fish, live, fresh or chilled"
GSU,Silver seabream,3,Marine fishes,33,Miscellaneous coastal fishes,1514,Demersal Marine Fish,4,Fish and other fishing products,42,"Fish live, fresh or chilled for human consumption",429,"Other fish, live, fresh or chilled"
YNN,Silver seatrout,3,Marine fishes,33,Miscellaneous coastal fishes,1514,Demersal Marine Fish,4,Fish and other fishing products,42,"Fish live, fresh or chilled for human consumption",429,"Other fish, live, fresh or chilled"
SIL,Silversides(=Sand smelts) NEI,3,Marine fishes,37,Miscellaneous pelagic fishes,1527,Pelagic Marine Fish,4,Fish and other fishing products,42,"Fish live, fresh or chilled for human consumption",426,"Other pelagic fish, live, fresh or chilled"
ILS,Silver sillago,3,Marine fishes,33,Miscellaneous coastal fishes,1514,Demersal Marine Fish,4,Fish and other fishing products,42,"Fish live, fresh or chilled for human consumption",429,"Other fish, live, fresh or chilled"
SRH,Silver-stripe round herring,3,Marine fishes,35,"Herrings, sardines, anchovies",1527,Pelagic Marine Fish,4,Fish and other fishing products,42,"Fish live, fresh or chilled for human consumption",426,"Other pelagic fish, live, fresh or chilled"
SEP,Silver warehou,3,Marine fishes,34,Miscellaneous demersal fishes,1514,Demersal Marine Fish,4,Fish and other fishing products,42,"Fish live, fresh or chilled for human consumption",429,"Other fish, live, fresh or chilled"
ISR,Silver weakfish,3,Marine fishes,33,Miscellaneous coastal fishes,1514,Demersal Marine Fish,4,Fish and other fishing products,42,"Fish live, fresh or chilled for human consumption",429,"Other fish, live, fresh or chilled"
JOS,Silvery John dory,3,Marine fishes,34,Miscellaneous demersal fishes,1514,Demersal Marine Fish,4,Fish and other fishing products,42,"Fish live, fresh or chilled for human consumption",429,"Other fish, live, fresh or chilled"
MAV,Silvery lightfish,3,Marine fishes,34,Miscellaneous demersal fishes,1514,Demersal Marine Fish,4,Fish and other fishing products,42,"Fish live, fresh or chilled for human consumption",429,"Other fish, live, fresh or chilled"
GDG,Silvery pout,3,Marine fishes,32,"Cods, hakes, haddocks",1514,Demersal Marine Fish,4,Fish and other fishing products,42,"Fish live, fresh or chilled for human consumption",424,"Fish of Gadiformes, live, fresh or chilled"
OLX,Sixfinger threadfin,3,Marine fishes,33,Miscellaneous coastal fishes,1514,Demersal Marine Fish,4,Fish and other fishing products,42,"Fish live, fresh or chilled for human consumption",429,"Other fish, live, fresh or chilled"
ESZ,Skilfish,3,Marine fishes,34,Miscellaneous demersal fishes,1514,Demersal Marine Fish,4,Fish and other fishing products,42,"Fish live, fresh or chilled for human consumption",429,"Other fish, live, fresh or chilled"
BHQ,Skinnycheek lanternfish,3,Marine fishes,34,Miscellaneous demersal fishes,1514,Demersal Marine Fish,4,Fish and other fishing products,42,"Fish live, fresh or chilled for human consumption",429,"Other fish, live, fresh or chilled"
SKJ,Skipjack tuna,3,Marine fishes,36,"Tunas, bonitos, billfishes",1527,Pelagic Marine Fish,4,Fish and other fishing products,42,"Fish live, fresh or chilled for human consumption",425,"Tunas, skipjack or stripe-bellied bonito, live, fresh or chilled"
GJK,Skottsberg's gigartina,9,Aquatic plants,92,Red seaweeds,1594,Aquatic Plants,4,Fish and other fishing products,49,Other aquatic plants and animals,493,"Seaweeds and other algae, fresh, frozen or dried, whether or not ground"
LTQ,Sky emperor,3,Marine fishes,33,Miscellaneous coastal fishes,1514,Demersal Marine Fish,4,Fish and other fishing products,42,"Fish live, fresh or chilled for human consumption",429,"Other fish, live, fresh or chilled"
IRQ,Sleek lates,1,Freshwater fishes,13,Miscellaneous freshwater fishes,1501,Freshwater and Diadromous Fish,4,Fish and other fishing products,42,"Fish live, fresh or chilled for human consumption",421,"Freshwater fish, live, fresh or chilled"
EDJ,Slender armorhead,3,Marine fishes,34,Miscellaneous demersal fishes,1514,Demersal Marine Fish,4,Fish and other fishing products,42,"Fish live, fresh or chilled for human consumption",429,"Other fish, live, fresh or chilled"
TQO,Slender cockle,5,Molluscs,56,"Clams, cockles, arkshells",1562,Molluscs excl. Cephalopods,4,Fish and other fishing products,44,"Molluscs live, fresh or chilled",445,"Clams, cockles and ark shells, live, fresh or chilled"
MHJ,Slender codling,3,Marine fishes,32,"Cods, hakes, haddocks",1514,Demersal Marine Fish,4,Fish and other fishing products,42,"Fish live, fresh or chilled for human consumption",424,"Fish of Gadiformes, live, fresh or chilled"
LHV,Slender emperor,3,Marine fishes,33,Miscellaneous coastal fishes,1514,Demersal Marine Fish,4,Fish and other fishing products,42,"Fish live, fresh or chilled for human consumption",429,"Other fish, live, fresh or chilled"
RAL,Slender rainbow sardine,3,Marine fishes,35,"Herrings, sardines, anchovies",1527,Pelagic Marine Fish,4,Fish and other fishing products,42,"Fish live, fresh or chilled for human consumption",426,"Other pelagic fish, live, fresh or chilled"
HDK,Slender river prawn,4,Crustaceans,41,Freshwater crustaceans,1553,Crustaceans,4,Fish and other fishing products,43,"Crustaceans, live, fresh or chilled",436,"Other shrimps and prawns, live, fresh or chilled"
EZS,Slender rockfish,3,Marine fishes,34,Miscellaneous demersal fishes,1514,Demersal Marine Fish,4,Fish and other fishing products,42,"Fish live, fresh or chilled for human consumption",429,"Other fish, live, fresh or chilled"
OVE,Slender roughy,3,Marine fishes,34,Miscellaneous demersal fishes,1514,Demersal Marine Fish,4,Fish and other fishing products,42,"Fish live, fresh or chilled for human consumption",429,"Other fish, live, fresh or chilled"
GEO,Slender silver-biddy,3,Marine fishes,33,Miscellaneous coastal fishes,1514,Demersal Marine Fish,4,Fish and other fishing products,42,"Fish live, fresh or chilled for human consumption",429,"Other fish, live, fresh or chilled"
CPG,Slender smooth-hound,3,Marine fishes,38,"Sharks, rays, chimaeras",1514,Demersal Marine Fish,4,Fish and other fishing products,42,"Fish live, fresh or chilled for human consumption",429,"Other fish, live, fresh or chilled"
YUK,Slender-snouted crocodile,7,Miscellaneous aquatic animals,73,Crocodiles and alligators,,,,,,,,
OPU,Slender thread herring,3,Marine fishes,35,"Herrings, sardines, anchovies",1527,Pelagic Marine Fish,4,Fish and other fishing products,42,"Fish live, fresh or chilled for human consumption",426,"Other pelagic fish, live, fresh or chilled"
SLT,Slender tuna,3,Marine fishes,36,"Tunas, bonitos, billfishes",1527,Pelagic Marine Fish,4,Fish and other fishing products,42,"Fish live, fresh or chilled for human consumption",425,"Tunas, skipjack or stripe-bellied bonito, live, fresh or chilled"
GZG,Slender wart weed,9,Aquatic plants,92,Red seaweeds,1594,Aquatic Plants,4,Fish and other fishing products,49,Other aquatic plants and animals,493,"Seaweeds and other algae, fresh, frozen or dried, whether or not ground"
ALH,Slickheads NEI,3,Marine fishes,34,Miscellaneous demersal fishes,1514,Demersal Marine Fish,4,Fish and other fishing products,42,"Fish live, fresh or chilled for human consumption",429,"Other fish, live, fresh or chilled"
TRC,Slimeheads NEI,3,Marine fishes,34,Miscellaneous demersal fishes,1514,Demersal Marine Fish,4,Fish and other fishing products,42,"Fish live, fresh or chilled for human consumption",429,"Other fish, live, fresh or chilled"
SLL,Slinger seabream,3,Marine fishes,33,Miscellaneous coastal fishes,1514,Demersal Marine Fish,4,Fish and other fishing products,42,"Fish live, fresh or chilled for human consumption",429,"Other fish, live, fresh or chilled"
CSI,Slipper cupped oyster,5,Molluscs,53,Oysters,1562,Molluscs excl. Cephalopods,4,Fish and other fishing products,44,"Molluscs live, fresh or chilled",442,"Oysters, live, fresh or chilled"
LOS,Slipper lobsters NEI,4,Crustaceans,43,"Lobsters, spiny-rock lobsters",1553,Crustaceans,4,Fish and other fishing products,43,"Crustaceans, live, fresh or chilled",439,"Other crustaceans, live, fresh or chilled"
MVG,Slitted sand dollar,7,Miscellaneous aquatic animals,76,Sea-urchins and other echinoderms,1587,Aquatic Animals NEI,4,Fish and other fishing products,45,"Other aquatic invertebrates, live, fresh or chilled",452,"Sea urchins, live, fresh or chilled"
GNP,Slobbering catfish,1,Freshwater fishes,13,Miscellaneous freshwater fishes,1501,Freshwater and Diadromous Fish,4,Fish and other fishing products,42,"Fish live, fresh or chilled for human consumption",421,"Freshwater fish, live, fresh or chilled"
CYA,Smalleyed rabbitfish,3,Marine fishes,38,"Sharks, rays, chimaeras",1514,Demersal Marine Fish,4,Fish and other fishing products,42,"Fish live, fresh or chilled for human consumption",429,"Other fish, live, fresh or chilled"
RJE,Small-eyed ray,3,Marine fishes,38,"Sharks, rays, chimaeras",1514,Demersal Marine Fish,4,Fish and other fishing products,42,"Fish live, fresh or chilled for human consumption",429,"Other fish, live, fresh or chilled"
MJN,Smalleyed squillid mantis shrimp,4,Crustaceans,47,Miscellaneous marine crustaceans,1553,Crustaceans,4,Fish and other fishing products,43,"Crustaceans, live, fresh or chilled",439,"Other crustaceans, live, fresh or chilled"
SPQ,Smalleye hammerhead,3,Marine fishes,38,"Sharks, rays, chimaeras",1514,Demersal Marine Fish,4,Fish and other fishing products,42,"Fish live, fresh or chilled for human consumption",429,"Other fish, live, fresh or chilled"
MOY,Smalleye moray cod,3,Marine fishes,32,"Cods, hakes, haddocks",1514,Demersal Marine Fish,4,Fish and other fishing products,42,"Fish live, fresh or chilled for human consumption",424,"Fish of Gadiformes, live, fresh or chilled"
DPO,Small lantern fish,3,Marine fishes,34,Miscellaneous demersal fishes,1514,Demersal Marine Fish,4,Fish and other fishing products,42,"Fish live, fresh or chilled for human consumption",429,"Other fish, live, fresh or chilled"
YBQ,Smallnose fanskate,3,Marine fishes,38,"Sharks, rays, chimaeras",1514,Demersal Marine Fish,4,Fish and other fishing products,42,"Fish live, fresh or chilled for human consumption",429,"Other fish, live, fresh or chilled"
SNQ,Small red scorpionfish,3,Marine fishes,34,Miscellaneous demersal fishes,1514,Demersal Marine Fish,4,Fish and other fishing products,42,"Fish live, fresh or chilled for human consumption",429,"Other fish, live, fresh or chilled"
ABZ,Small sandeel,3,Marine fishes,33,Miscellaneous coastal fishes,1514,Demersal Marine Fish,4,Fish and other fishing products,42,"Fish live, fresh or chilled for human consumption",429,"Other fish, live, fresh or chilled"
TXM,Smallscale archerfish,1,Freshwater fishes,13,Miscellaneous freshwater fishes,1501,Freshwater and Diadromous Fish,4,Fish and other fishing products,42,"Fish live, fresh or chilled for human consumption",421,"Freshwater fish, live, fresh or chilled"
EWY,Smallscaled grouper,3,Marine fishes,33,Miscellaneous coastal fishes,1514,Demersal Marine Fish,4,Fish and other fishing products,42,"Fish live, fresh or chilled for human consumption",429,"Other fish, live, fresh or chilled"
TEU,Small-scaled terapon,3,Marine fishes,33,Miscellaneous coastal fishes,1514,Demersal Marine Fish,4,Fish and other fishing products,42,"Fish live, fresh or chilled for human consumption",429,"Other fish, live, fresh or chilled"
RNM,Small scale mud carp,1,Freshwater fishes,11,"Carps, barbels and other cyprinids",1501,Freshwater and Diadromous Fish,4,Fish and other fishing products,42,"Fish live, fresh or chilled for human consumption",421,"Freshwater fish, live, fresh or chilled"
SYC,Small-spotted catshark,3,Marine fishes,38,"Sharks, rays, chimaeras",1514,Demersal Marine Fish,4,Fish and other fishing products,42,"Fish live, fresh or chilled for human consumption",429,"Other fish, live, fresh or chilled"
HDH,Smallspotted grunter,3,Marine fishes,33,Miscellaneous coastal fishes,1514,Demersal Marine Fish,4,Fish and other fishing products,42,"Fish live, fresh or chilled for human consumption",429,"Other fish, live, fresh or chilled"
CCR,Smalltail shark,3,Marine fishes,38,"Sharks, rays, chimaeras",1514,Demersal Marine Fish,4,Fish and other fishing products,42,"Fish live, fresh or chilled for human consumption",429,"Other fish, live, fresh or chilled"
GLI,Smalltoothed argentine,3,Marine fishes,34,Miscellaneous demersal fishes,1514,Demersal Marine Fish,4,Fish and other fishing products,42,"Fish live, fresh or chilled for human consumption",429,"Other fish, live, fresh or chilled"
AYF,Small toothed jobfish,3,Marine fishes,33,Miscellaneous coastal fishes,1514,Demersal Marine Fish,4,Fish and other fishing products,42,"Fish live, fresh or chilled for human consumption",429,"Other fish, live, fresh or chilled"
LEN,Smalltooth emperor,3,Marine fishes,33,Miscellaneous coastal fishes,1514,Demersal Marine Fish,4,Fish and other fishing products,42,"Fish live, fresh or chilled for human consumption",429,"Other fish, live, fresh or chilled"
LOO,Smalltooth sand tiger,3,Marine fishes,38,"Sharks, rays, chimaeras",1514,Demersal Marine Fish,4,Fish and other fishing products,42,"Fish live, fresh or chilled for human consumption",429,"Other fish, live, fresh or chilled"
WKB,Smalltooth weakfish,3,Marine fishes,33,Miscellaneous coastal fishes,1514,Demersal Marine Fish,4,Fish and other fishing products,42,"Fish live, fresh or chilled for human consumption",429,"Other fish, live, fresh or chilled"
SMX,Smelts NEI,2,Diadromous fishes,23,"Salmons, trouts, smelts",1501,Freshwater and Diadromous Fish,4,Fish and other fishing products,42,"Fish live, fresh or chilled for human consumption",429,"Other fish, live, fresh or chilled"
RGI,Smooth butterfly ray,3,Marine fishes,38,"Sharks, rays, chimaeras",1514,Demersal Marine Fish,4,Fish and other fishing products,42,"Fish live, fresh or chilled for human consumption",429,"Other fish, live, fresh or chilled"
KLK,Smooth callista,5,Molluscs,56,"Clams, cockles, arkshells",1562,Molluscs excl. Cephalopods,4,Fish and other fishing products,44,"Molluscs live, fresh or chilled",445,"Clams, cockles and ark shells, live, fresh or chilled"
UCI,Smooth-fronted caiman,7,Miscellaneous aquatic animals,73,Crocodiles and alligators,,,,,,,,
TDD,Smooth giant clam,5,Molluscs,56,"Clams, cockles, arkshells",1562,Molluscs excl. Cephalopods,4,Fish and other fishing products,44,"Molluscs live, fresh or chilled",445,"Clams, cockles and ark shells, live, fresh or chilled"
SPZ,Smooth hammerhead,3,Marine fishes,38,"Sharks, rays, chimaeras",1514,Demersal Marine Fish,4,Fish and other fishing products,42,"Fish live, fresh or chilled for human consumption",429,"Other fish, live, fresh or chilled"
SMD,Smooth-hound,3,Marine fishes,38,"Sharks, rays, chimaeras",1514,Demersal Marine Fish,4,Fish and other fishing products,42,"Fish live, fresh or chilled for human consumption",429,"Other fish, live, fresh or chilled"
SDV,Smooth-hounds NEI,3,Marine fishes,38,"Sharks, rays, chimaeras",1514,Demersal Marine Fish,4,Fish and other fishing products,42,"Fish live, fresh or chilled for human consumption",429,"Other fish, live, fresh or chilled"
MAG,Smooth mactra,5,Molluscs,56,"Clams, cockles, arkshells",1562,Molluscs excl. Cephalopods,4,Fish and other fishing products,44,"Molluscs live, fresh or chilled",445,"Clams, cockles and ark shells, live, fresh or chilled"
WCC,Smooth marron crayfish,4,Crustaceans,41,Freshwater crustaceans,1553,Crustaceans,4,Fish and other fishing products,43,"Crustaceans, live, fresh or chilled",439,"Other crustaceans, live, fresh or chilled"
SMC,Smoothmouth sea catfish,3,Marine fishes,33,Miscellaneous coastal fishes,1514,Demersal Marine Fish,4,Fish and other fishing products,42,"Fish live, fresh or chilled for human consumption",429,"Other fish, live, fresh or chilled"
SSO,Smooth oreo dory,3,Marine fishes,34,Miscellaneous demersal fishes,1514,Demersal Marine Fish,4,Fish and other fishing products,42,"Fish live, fresh or chilled for human consumption",429,"Other fish, live, fresh or chilled"
LFL,Smooth puffer,3,Marine fishes,33,Miscellaneous coastal fishes,1514,Demersal Marine Fish,4,Fish and other fishing products,42,"Fish live, fresh or chilled for human consumption",429,"Other fish, live, fresh or chilled"
ZGS,Smooth sandeel,3,Marine fishes,33,Miscellaneous coastal fishes,1514,Demersal Marine Fish,4,Fish and other fishing products,42,"Fish live, fresh or chilled for human consumption",429,"Other fish, live, fresh or chilled"
FXG,Smooth scallop,5,Molluscs,55,"Scallops, pectens",1562,Molluscs excl. Cephalopods,4,Fish and other fishing products,44,"Molluscs live, fresh or chilled",444,"Scallops, live, fresh or chilled"
RJS,Smooth skate,3,Marine fishes,38,"Sharks, rays, chimaeras",1514,Demersal Marine Fish,4,Fish and other fishing products,42,"Fish live, fresh or chilled for human consumption",429,"Other fish, live, fresh or chilled"
LQV,Smooth swimcrab,4,Crustaceans,42,"Crabs, sea-spiders",1553,Crustaceans,4,Fish and other fishing products,43,"Crustaceans, live, fresh or chilled",431,"Crabs, live, fresh or chilled"
YNE,Smooth weakfish,3,Marine fishes,33,Miscellaneous coastal fishes,1514,Demersal Marine Fish,4,Fish and other fishing products,42,"Fish live, fresh or chilled for human consumption",429,"Other fish, live, fresh or chilled"
BRT,Snaggletooth,3,Marine fishes,34,Miscellaneous demersal fishes,1514,Demersal Marine Fish,4,Fish and other fishing products,42,"Fish live, fresh or chilled for human consumption",429,"Other fish, live, fresh or chilled"
OOA,Snake blenny,3,Marine fishes,34,Miscellaneous demersal fishes,1514,Demersal Marine Fish,4,Fish and other fishing products,42,"Fish live, fresh or chilled for human consumption",429,"Other fish, live, fresh or chilled"
OWX,Snake eels NEI,3,Marine fishes,33,Miscellaneous coastal fishes,1514,Demersal Marine Fish,4,Fish and other fishing products,42,"Fish live, fresh or chilled for human consumption",429,"Other fish, live, fresh or chilled"
TXA,Snakefish,3,Marine fishes,33,Miscellaneous coastal fishes,1514,Demersal Marine Fish,4,Fish and other fishing products,42,"Fish live, fresh or chilled for human consumption",429,"Other fish, live, fresh or chilled"
CNA,Snakehead,1,Freshwater fishes,13,Miscellaneous freshwater fishes,1501,Freshwater and Diadromous Fish,4,Fish and other fishing products,42,"Fish live, fresh or chilled for human consumption",421,"Freshwater fish, live, fresh or chilled"
MEO,Snakehead kingcroaker,3,Marine fishes,33,Miscellaneous coastal fishes,1514,Demersal Marine Fish,4,Fish and other fishing products,42,"Fish live, fresh or chilled for human consumption",429,"Other fish, live, fresh or chilled"
FSN,Snakeheads(=Murrels) NEI,1,Freshwater fishes,13,Miscellaneous freshwater fishes,1501,Freshwater and Diadromous Fish,4,Fish and other fishing products,42,"Fish live, fresh or chilled for human consumption",421,"Freshwater fish, live, fresh or chilled"
NOW,Snakelocks anemone,8,Miscellaneous aquatic animal products,82,Corals,,,4,Fish and other fishing products,49,Other aquatic plants and animals,491,"Coral and similar products, shells of molluscs, crustaceans or echinoderms and cuttle-bone; live aquatic plants and animals for ornamental purpose"
GES,Snake mackerel,3,Marine fishes,34,Miscellaneous demersal fishes,1514,Demersal Marine Fish,4,Fish and other fishing products,42,"Fish live, fresh or chilled for human consumption",429,"Other fish, live, fresh or chilled"
GEP,"Snake mackerels, escolars NEI",3,Marine fishes,34,Miscellaneous demersal fishes,1514,Demersal Marine Fish,4,Fish and other fishing products,42,"Fish live, fresh or chilled for human consumption",429,"Other fish, live, fresh or chilled"
FGS,Snakeskin gourami,1,Freshwater fishes,13,Miscellaneous freshwater fishes,1501,Freshwater and Diadromous Fish,4,Fish and other fishing products,42,"Fish live, fresh or chilled for human consumption",421,"Freshwater fish, live, fresh or chilled"
SNX,"Snappers, jobfishes NEI",3,Marine fishes,33,Miscellaneous coastal fishes,1514,Demersal Marine Fish,4,Fish and other fishing products,42,"Fish live, fresh or chilled for human consumption",429,"Other fish, live, fresh or chilled"
SNA,Snappers NEI,3,Marine fishes,33,Miscellaneous coastal fishes,1514,Demersal Marine Fish,4,Fish and other fishing products,42,"Fish live, fresh or chilled for human consumption",429,"Other fish, live, fresh or chilled"
SNI,Snipefishes NEI,3,Marine fishes,34,Miscellaneous demersal fishes,1514,Demersal Marine Fish,4,Fish and other fishing products,42,"Fish live, fresh or chilled for human consumption",429,"Other fish, live, fresh or chilled"
SNK,Snoek,3,Marine fishes,34,Miscellaneous demersal fishes,1514,Demersal Marine Fish,4,Fish and other fishing products,42,"Fish live, fresh or chilled for human consumption",429,"Other fish, live, fresh or chilled"
ROB,Snooks(=Robalos) NEI,3,Marine fishes,33,Miscellaneous coastal fishes,1514,Demersal Marine Fish,4,Fish and other fishing products,42,"Fish live, fresh or chilled for human consumption",429,"Other fish, live, fresh or chilled"
QEZ,Snowtrouts NEI,1,Freshwater fishes,11,"Carps, barbels and other cyprinids",1501,Freshwater and Diadromous Fish,4,Fish and other fishing products,42,"Fish live, fresh or chilled for human consumption",421,"Freshwater fish, live, fresh or chilled"
EFV,Snowy grouper,3,Marine fishes,33,Miscellaneous coastal fishes,1514,Demersal Marine Fish,4,Fish and other fishing products,42,"Fish live, fresh or chilled for human consumption",429,"Other fish, live, fresh or chilled"
LBW,Snubnose emperor,3,Marine fishes,33,Miscellaneous coastal fishes,1514,Demersal Marine Fish,4,Fish and other fishing products,42,"Fish live, fresh or chilled for human consumption",429,"Other fish, live, fresh or chilled"
POO,Snubnose pompano,3,Marine fishes,37,Miscellaneous pelagic fishes,1527,Pelagic Marine Fish,4,Fish and other fishing products,42,"Fish live, fresh or chilled for human consumption",426,"Other pelagic fish, live, fresh or chilled"
SZH,Sobaity seabream,3,Marine fishes,33,Miscellaneous coastal fishes,1514,Demersal Marine Fish,4,Fish and other fishing products,42,"Fish live, fresh or chilled for human consumption",429,"Other fish, live, fresh or chilled"
SOC,Sockeye(=Red) salmon,2,Diadromous fishes,23,"Salmons, trouts, smelts",1501,Freshwater and Diadromous Fish,4,Fish and other fishing products,42,"Fish live, fresh or chilled for human consumption",422,"Salmonidae, live, fresh or chilled"
AJZ,Soft corals,8,Miscellaneous aquatic animal products,82,Corals,,,4,Fish and other fishing products,49,Other aquatic plants and animals,491,"Coral and similar products, shells of molluscs, crustaceans or echinoderms and cuttle-bone; live aquatic plants and animals for ornamental purpose"
PAG,Softshell red crab,4,Crustaceans,44,"King crabs, squat-lobsters",1553,Crustaceans,4,Fish and other fishing products,43,"Crustaceans, live, fresh or chilled",439,"Other crustaceans, live, fresh or chilled"
RJP,Soft skate,3,Marine fishes,38,"Sharks, rays, chimaeras",1514,Demersal Marine Fish,4,Fish and other fishing products,42,"Fish live, fresh or chilled for human consumption",429,"Other fish, live, fresh or chilled"
AVQ,Sohal surgeonfish,3,Marine fishes,33,Miscellaneous coastal fishes,1514,Demersal Marine Fish,4,Fish and other fishing products,42,"Fish live, fresh or chilled for human consumption",429,"Other fish, live, fresh or chilled"
SOY,So-iny (redlip) mullet,3,Marine fishes,33,Miscellaneous coastal fishes,1514,Demersal Marine Fish,4,Fish and other fishing products,42,"Fish live, fresh or chilled for human consumption",429,"Other fish, live, fresh or chilled"
MYZ,So-iuy mullet,3,Marine fishes,33,Miscellaneous coastal fishes,1514,Demersal Marine Fish,4,Fish and other fishing products,42,"Fish live, fresh or chilled for human consumption",429,"Other fish, live, fresh or chilled"
SOO,[Solea spp],3,Marine fishes,31,"Flounders, halibuts, soles",1514,Demersal Marine Fish,4,Fish and other fishing products,42,"Fish live, fresh or chilled for human consumption",423,"Flatfish, live, fresh or chilled"
GSM,Solenette,3,Marine fishes,31,"Flounders, halibuts, soles",1514,Demersal Marine Fish,4,Fish and other fishing products,42,"Fish live, fresh or chilled for human consumption",423,"Flatfish, live, fresh or chilled"
RAZ,Solen razor clams NEI,5,Molluscs,56,"Clams, cockles, arkshells",1562,Molluscs excl. Cephalopods,4,Fish and other fishing products,44,"Molluscs live, fresh or chilled",445,"Clams, cockles and ark shells, live, fresh or chilled"
SOX,Soles NEI,3,Marine fishes,31,"Flounders, halibuts, soles",1514,Demersal Marine Fish,4,Fish and other fishing products,42,"Fish live, fresh or chilled for human consumption",423,"Flatfish, live, fresh or chilled"
ULO,Solid surf clam,5,Molluscs,56,"Clams, cockles, arkshells",1562,Molluscs excl. Cephalopods,4,Fish and other fishing products,44,"Molluscs live, fresh or chilled",445,"Clams, cockles and ark shells, live, fresh or chilled"
BUR,Sompat grunt,3,Marine fishes,33,Miscellaneous coastal fishes,1514,Demersal Marine Fish,4,Fish and other fishing products,42,"Fish live, fresh or chilled for human consumption",429,"Other fish, live, fresh or chilled"
GQD,Sordid rubberlip,3,Marine fishes,33,Miscellaneous coastal fishes,1514,Demersal Marine Fish,4,Fish and other fishing products,42,"Fish live, fresh or chilled for human consumption",429,"Other fish, live, fresh or chilled"
UPY,Sorubims NEI,1,Freshwater fishes,13,Miscellaneous freshwater fishes,1501,Freshwater and Diadromous Fish,4,Fish and other fishing products,42,"Fish live, fresh or chilled for human consumption",421,"Freshwater fish, live, fresh or chilled"
SEK,South African fur seal,6,"Whales, seals and other aquatic mammals",63,"Eared seals, hair seals, walruses",1579,Aquatic Mammals,,,,,,
RMQ,South American catfish,1,Freshwater fishes,13,Miscellaneous freshwater fishes,1501,Freshwater and Diadromous Fish,4,Fish and other fishing products,42,"Fish live, fresh or chilled for human consumption",421,"Freshwater fish, live, fresh or chilled"
SEF,South American fur seal,6,"Whales, seals and other aquatic mammals",63,"Eared seals, hair seals, walruses",1579,Aquatic Mammals,,,,,,
MSL,South American rock mussel,5,Molluscs,54,Mussels,1562,Molluscs excl. Cephalopods,4,Fish and other fishing products,44,"Molluscs live, fresh or chilled",443,"Mussels, live, fresh or chilled"
SEL,South American sea lion,6,"Whales, seals and other aquatic mammals",63,"Eared seals, hair seals, walruses",1579,Aquatic Mammals,,,,,,
LGQ,South American silver croaker,1,Freshwater fishes,13,Miscellaneous freshwater fishes,1501,Freshwater and Diadromous Fish,4,Fish and other fishing products,42,"Fish live, fresh or chilled for human consumption",421,"Freshwater fish, live, fresh or chilled"
DIG,South American silver porgy,3,Marine fishes,33,Miscellaneous coastal fishes,1514,Demersal Marine Fish,4,Fish and other fishing products,42,"Fish live, fresh or chilled for human consumption",429,"Other fish, live, fresh or chilled"
SOA,Southeast Atlantic soles NEI,3,Marine fishes,31,"Flounders, halibuts, soles",1514,Demersal Marine Fish,4,Fish and other fishing products,42,"Fish live, fresh or chilled for human consumption",423,"Flatfish, live, fresh or chilled"
ANC,Southern African anchovy,3,Marine fishes,35,"Herrings, sardines, anchovies",1527,Pelagic Marine Fish,4,Fish and other fishing products,42,"Fish live, fresh or chilled for human consumption",426,"Other pelagic fish, live, fresh or chilled"
SSC,Southern Australia scallop,5,Molluscs,55,"Scallops, pectens",1562,Molluscs excl. Cephalopods,4,Fish and other fishing products,44,"Molluscs live, fresh or chilled",444,"Scallops, live, fresh or chilled"
PBR,Southern bastard codling,3,Marine fishes,32,"Cods, hakes, haddocks",1514,Demersal Marine Fish,4,Fish and other fishing products,42,"Fish live, fresh or chilled for human consumption",424,"Fish of Gadiformes, live, fresh or chilled"
SBF,Southern bluefin tuna,3,Marine fishes,36,"Tunas, bonitos, billfishes",1527,Pelagic Marine Fish,4,Fish and other fishing products,42,"Fish live, fresh or chilled for human consumption",425,"Tunas, skipjack or stripe-bellied bonito, live, fresh or chilled"
POS,Southern blue whiting,3,Marine fishes,32,"Cods, hakes, haddocks",1514,Demersal Marine Fish,4,Fish and other fishing products,42,"Fish live, fresh or chilled for human consumption",424,"Fish of Gadiformes, live, fresh or chilled"
SES,Southern elephant seal,6,"Whales, seals and other aquatic mammals",63,"Eared seals, hair seals, walruses",1579,Aquatic Mammals,,,,,,
YSH,Southern flounder,3,Marine fishes,31,"Flounders, halibuts, soles",1514,Demersal Marine Fish,4,Fish and other fishing products,42,"Fish live, fresh or chilled for human consumption",423,"Flatfish, live, fresh or chilled"
HKN,Southern hake,3,Marine fishes,32,"Cods, hakes, haddocks",1514,Demersal Marine Fish,4,Fish and other fishing products,42,"Fish live, fresh or chilled for human consumption",424,"Fish of Gadiformes, live, fresh or chilled"
EKK,Southern hardshell clam,5,Molluscs,56,"Clams, cockles, arkshells",1562,Molluscs excl. Cephalopods,4,Fish and other fishing products,44,"Molluscs live, fresh or chilled",445,"Clams, cockles and ark shells, live, fresh or chilled"
KCR,Southern king crab,4,Crustaceans,44,"King crabs, squat-lobsters",1553,Crustaceans,4,Fish and other fishing products,43,"Crustaceans, live, fresh or chilled",439,"Other crustaceans, live, fresh or chilled"
KGB,Southern kingcroaker,3,Marine fishes,33,Miscellaneous coastal fishes,1514,Demersal Marine Fish,4,Fish and other fishing products,42,"Fish live, fresh or chilled for human consumption",429,"Other fish, live, fresh or chilled"
EOL,Southern lemon sole,3,Marine fishes,31,"Flounders, halibuts, soles",1514,Demersal Marine Fish,4,Fish and other fishing products,42,"Fish live, fresh or chilled for human consumption",423,"Flatfish, live, fresh or chilled"
KOB,Southern meagre(=Mulloway),3,Marine fishes,33,Miscellaneous coastal fishes,1514,Demersal Marine Fish,4,Fish and other fishing products,42,"Fish live, fresh or chilled for human consumption",429,"Other fish, live, fresh or chilled"
LAI,Southern opah,3,Marine fishes,37,Miscellaneous pelagic fishes,1527,Pelagic Marine Fish,4,Fish and other fishing products,42,"Fish live, fresh or chilled for human consumption",426,"Other pelagic fish, live, fresh or chilled"
SOP,Southern pink shrimp,4,Crustaceans,45,"Shrimps, prawns",1553,Crustaceans,4,Fish and other fishing products,43,"Crustaceans, live, fresh or chilled",436,"Other shrimps and prawns, live, fresh or chilled"
BRU,Southern rays bream,3,Marine fishes,37,Miscellaneous pelagic fishes,1527,Pelagic Marine Fish,4,Fish and other fishing products,42,"Fish live, fresh or chilled for human consumption",426,"Other pelagic fish, live, fresh or chilled"
SNC,Southern red snapper,3,Marine fishes,33,Miscellaneous coastal fishes,1514,Demersal Marine Fish,4,Fish and other fishing products,42,"Fish live, fresh or chilled for human consumption",429,"Other fish, live, fresh or chilled"
EUA,Southern right whale,6,"Whales, seals and other aquatic mammals",61,"Blue-whales, fin-whales",1579,Aquatic Mammals,,,,,,
PZZ,Southern rock bass,3,Marine fishes,33,Miscellaneous coastal fishes,1514,Demersal Marine Fish,4,Fish and other fishing products,42,"Fish live, fresh or chilled for human consumption",429,"Other fish, live, fresh or chilled"
JSN,Southern rock lobster,4,Crustaceans,43,"Lobsters, spiny-rock lobsters",1553,Crustaceans,4,Fish and other fishing products,43,"Crustaceans, live, fresh or chilled",432,"Rock lobster and other sea crawfish, live, fresh or chilled"
TRV,Southern rough shrimp,4,Crustaceans,45,"Shrimps, prawns",1553,Crustaceans,4,Fish and other fishing products,43,"Crustaceans, live, fresh or chilled",436,"Other shrimps and prawns, live, fresh or chilled"
YRP,Southern sennet,3,Marine fishes,37,Miscellaneous pelagic fishes,1527,Pelagic Marine Fish,4,Fish and other fishing products,42,"Fish live, fresh or chilled for human consumption",426,"Other pelagic fish, live, fresh or chilled"
JAJ,Southern spider crab,4,Crustaceans,42,"Crabs, sea-spiders",1553,Crustaceans,4,Fish and other fishing products,43,"Crustaceans, live, fresh or chilled",431,"Crabs, live, fresh or chilled"
SLS,Southern spiny lobster,4,Crustaceans,43,"Lobsters, spiny-rock lobsters",1553,Crustaceans,4,Fish and other fishing products,43,"Crustaceans, live, fresh or chilled",432,"Rock lobster and other sea crawfish, live, fresh or chilled"
FHJ,Southern stingray,3,Marine fishes,38,"Sharks, rays, chimaeras",1514,Demersal Marine Fish,4,Fish and other fishing products,42,"Fish live, fresh or chilled for human consumption",429,"Other fish, live, fresh or chilled"
PNT,Southern white shrimp,4,Crustaceans,45,"Shrimps, prawns",1553,Crustaceans,4,Fish and other fishing products,43,"Crustaceans, live, fresh or chilled",436,"Other shrimps and prawns, live, fresh or chilled"
SGI,South Georgia icefish,3,Marine fishes,34,Miscellaneous demersal fishes,1514,Demersal Marine Fish,4,Fish and other fishing products,42,"Fish live, fresh or chilled for human consumption",429,"Other fish, live, fresh or chilled"
PHA,South Pacific hake,3,Marine fishes,32,"Cods, hakes, haddocks",1514,Demersal Marine Fish,4,Fish and other fishing products,42,"Fish live, fresh or chilled for human consumption",424,"Fish of Gadiformes, live, fresh or chilled"
TMB,Southwest Atlantic butterfish,3,Marine fishes,37,Miscellaneous pelagic fishes,1527,Pelagic Marine Fish,4,Fish and other fishing products,42,"Fish live, fresh or chilled for human consumption",426,"Other pelagic fish, live, fresh or chilled"
HBN,Southwest Atlantic red crab,4,Crustaceans,42,"Crabs, sea-spiders",1553,Crustaceans,4,Fish and other fishing products,43,"Crustaceans, live, fresh or chilled",431,"Crabs, live, fresh or chilled"
BWW,Sowerby's beaked whale,6,"Whales, seals and other aquatic mammals",62,"Sperm-whales, pilot-whales",1579,Aquatic Mammals,,,,,,
SPA,Spadefishes NEI,3,Marine fishes,33,Miscellaneous coastal fishes,1514,Demersal Marine Fish,4,Fish and other fishing products,42,"Fish live, fresh or chilled for human consumption",429,"Other fish, live, fresh or chilled"
LHN,Spangled emperor,3,Marine fishes,33,Miscellaneous coastal fishes,1514,Demersal Marine Fish,4,Fish and other fishing products,42,"Fish live, fresh or chilled for human consumption",429,"Other fish, live, fresh or chilled"
BSD,[Spaniblennius riodourensis],3,Marine fishes,33,Miscellaneous coastal fishes,1514,Demersal Marine Fish,4,Fish and other fishing products,42,"Fish live, fresh or chilled for human consumption",429,"Other fish, live, fresh or chilled"
BDR,Spanish hogfish,3,Marine fishes,33,Miscellaneous coastal fishes,1514,Demersal Marine Fish,4,Fish and other fishing products,42,"Fish live, fresh or chilled for human consumption",429,"Other fish, live, fresh or chilled"
SLI,Spanish ling,3,Marine fishes,32,"Cods, hakes, haddocks",1514,Demersal Marine Fish,4,Fish and other fishing products,42,"Fish live, fresh or chilled for human consumption",424,"Fish of Gadiformes, live, fresh or chilled"
YLA,Spanish slipper lobster,4,Crustaceans,43,"Lobsters, spiny-rock lobsters",1553,Crustaceans,4,Fish and other fishing products,43,"Crustaceans, live, fresh or chilled",439,"Other crustaceans, live, fresh or chilled"
RAQ,Spanner crab,4,Crustaceans,42,"Crabs, sea-spiders",1553,Crustaceans,4,Fish and other fishing products,43,"Crustaceans, live, fresh or chilled",431,"Crabs, live, fresh or chilled"
YSW,Speckled flounder,3,Marine fishes,31,"Flounders, halibuts, soles",1514,Demersal Marine Fish,4,Fish and other fishing products,42,"Fish live, fresh or chilled for human consumption",423,"Flatfish, live, fresh or chilled"
EED,Speckled hind,3,Marine fishes,33,Miscellaneous coastal fishes,1514,Demersal Marine Fish,4,Fish and other fishing products,42,"Fish live, fresh or chilled for human consumption",429,"Other fish, live, fresh or chilled"
AAR,Speckled longfin eel,2,Diadromous fishes,22,River eels,1501,Freshwater and Diadromous Fish,4,Fish and other fishing products,42,"Fish live, fresh or chilled for human consumption",429,"Other fish, live, fresh or chilled"
JAY,Speckled ray,3,Marine fishes,38,"Sharks, rays, chimaeras",1514,Demersal Marine Fish,4,Fish and other fishing products,42,"Fish live, fresh or chilled for human consumption",429,"Other fish, live, fresh or chilled"
ZPS,Speckled scorpionfish,3,Marine fishes,34,Miscellaneous demersal fishes,1514,Demersal Marine Fish,4,Fish and other fishing products,42,"Fish live, fresh or chilled for human consumption",429,"Other fish, live, fresh or chilled"
MPN,Speckled shrimp,4,Crustaceans,45,"Shrimps, prawns",1553,Crustaceans,4,Fish and other fishing products,43,"Crustaceans, live, fresh or chilled",436,"Other shrimps and prawns, live, fresh or chilled"
DGQ,Specklefin cusk-eel,3,Marine fishes,34,Miscellaneous demersal fishes,1514,Demersal Marine Fish,4,Fish and other fishing products,42,"Fish live, fresh or chilled for human consumption",429,"Other fish, live, fresh or chilled"
CAI,Spectacled caiman,7,Miscellaneous aquatic animals,73,Crocodiles and alligators,,,,,,,,
SPP,Spectacled porpoise,6,"Whales, seals and other aquatic mammals",62,"Sperm-whales, pilot-whales",1579,Aquatic Mammals,,,,,,
SPW,Sperm whale,6,"Whales, seals and other aquatic mammals",62,"Sperm-whales, pilot-whales",1579,Aquatic Mammals,,,,,,
OQT,Spider octopus,5,Molluscs,57,"Squids, cuttlefishes, octopuses",1570,Cephalopods,4,Fish and other fishing products,44,"Molluscs live, fresh or chilled",447,"Octopus, live, fresh or chilled"
ONV,Spiky oreo,3,Marine fishes,34,Miscellaneous demersal fishes,1514,Demersal Marine Fish,4,Fish and other fishing products,42,"Fish live, fresh or chilled for human consumption",429,"Other fish, live, fresh or chilled"
SPI,Spinefeet(=Rabbitfishes) NEI,3,Marine fishes,33,Miscellaneous coastal fishes,1514,Demersal Marine Fish,4,Fish and other fishing products,42,"Fish live, fresh or chilled for human consumption",429,"Other fish, live, fresh or chilled"
RJQ,Spinetail ray,3,Marine fishes,38,"Sharks, rays, chimaeras",1514,Demersal Marine Fish,4,Fish and other fishing products,42,"Fish live, fresh or chilled for human consumption",429,"Other fish, live, fresh or chilled"
DSI,Spinner dolphin,6,"Whales, seals and other aquatic mammals",62,"Sperm-whales, pilot-whales",1579,Aquatic Mammals,,,,,,
CCB,Spinner shark,3,Marine fishes,38,"Sharks, rays, chimaeras",1514,Demersal Marine Fish,4,Fish and other fishing products,42,"Fish live, fresh or chilled for human consumption",429,"Other fish, live, fresh or chilled"
SCR,Spinous spider crab,4,Crustaceans,42,"Crabs, sea-spiders",1553,Crustaceans,4,Fish and other fishing products,43,"Crustaceans, live, fresh or chilled",431,"Crabs, live, fresh or chilled"
NSD,Spiny-back eel,3,Marine fishes,34,Miscellaneous demersal fishes,1514,Demersal Marine Fish,4,Fish and other fishing products,42,"Fish live, fresh or chilled for human consumption",429,"Other fish, live, fresh or chilled"
KDE,Spiny bonnet,5,Molluscs,52,"Abalones, winkles, conchs",1562,Molluscs excl. Cephalopods,4,Fish and other fishing products,44,"Molluscs live, fresh or chilled",449,"Other molluscs, live, fresh or chilled"
RGL,Spiny butterfly ray,3,Marine fishes,38,"Sharks, rays, chimaeras",1514,Demersal Marine Fish,4,Fish and other fishing products,42,"Fish live, fresh or chilled for human consumption",429,"Other fish, live, fresh or chilled"
EMI,Spiny eucheuma,9,Aquatic plants,92,Red seaweeds,1594,Aquatic Plants,4,Fish and other fishing products,49,Other aquatic plants and animals,493,"Seaweeds and other algae, fresh, frozen or dried, whether or not ground"
IML,Spiny file shell,5,Molluscs,55,"Scallops, pectens",1562,Molluscs excl. Cephalopods,4,Fish and other fishing products,44,"Molluscs live, fresh or chilled",449,"Other molluscs, live, fresh or chilled"
LEP,Spiny gurnard,3,Marine fishes,34,Miscellaneous demersal fishes,1514,Demersal Marine Fish,4,Fish and other fishing products,42,"Fish live, fresh or chilled for human consumption",429,"Other fish, live, fresh or chilled"
WIC,Spiny icefish,3,Marine fishes,34,Miscellaneous demersal fishes,1514,Demersal Marine Fish,4,Fish and other fishing products,42,"Fish live, fresh or chilled for human consumption",429,"Other fish, live, fresh or chilled"
VLO,Spiny lobsters NEI,4,Crustaceans,43,"Lobsters, spiny-rock lobsters",1553,Crustaceans,4,Fish and other fishing products,43,"Crustaceans, live, fresh or chilled",432,"Rock lobster and other sea crawfish, live, fresh or chilled"
TZY,Spiny scorpionfish,3,Marine fishes,34,Miscellaneous demersal fishes,1514,Demersal Marine Fish,4,Fish and other fishing products,42,"Fish live, fresh or chilled for human consumption",429,"Other fish, live, fresh or chilled"
PSB,Spiny turbot,3,Marine fishes,31,"Flounders, halibuts, soles",1514,Demersal Marine Fish,4,Fish and other fishing products,42,"Fish live, fresh or chilled for human consumption",423,"Flatfish, live, fresh or chilled"
YJS,Spiral babylon,5,Molluscs,52,"Abalones, winkles, conchs",1562,Molluscs excl. Cephalopods,4,Fish and other fishing products,44,"Molluscs live, fresh or chilled",449,"Other molluscs, live, fresh or chilled"
SIZ,Spirulina NEI,9,Aquatic plants,94,Miscellaneous aquatic plants,1594,Aquatic Plants,4,Fish and other fishing products,49,Other aquatic plants and animals,493,"Seaweeds and other algae, fresh, frozen or dried, whether or not ground"
BYS,Splendid alfonsino,3,Marine fishes,34,Miscellaneous demersal fishes,1514,Demersal Marine Fish,4,Fish and other fishing products,42,"Fish live, fresh or chilled for human consumption",429,"Other fish, live, fresh or chilled"
SFD,Splitnose rockfish,3,Marine fishes,34,Miscellaneous demersal fishes,1514,Demersal Marine Fish,4,Fish and other fishing products,42,"Fish live, fresh or chilled for human consumption",429,"Other fish, live, fresh or chilled"
IIM,Splittail bass,3,Marine fishes,33,Miscellaneous coastal fishes,1514,Demersal Marine Fish,4,Fish and other fishing products,42,"Fish live, fresh or chilled for human consumption",429,"Other fish, live, fresh or chilled"
SPO,Sponges,8,Miscellaneous aquatic animal products,83,Sponges,,,4,Fish and other fishing products,49,Other aquatic plants and animals,492,Natural sponges of aquatic animal origin
JRT,Spotback skate,3,Marine fishes,38,"Sharks, rays, chimaeras",1514,Demersal Marine Fish,4,Fish and other fishing products,42,"Fish live, fresh or chilled for human consumption",429,"Other fish, live, fresh or chilled"
LHB,Spotcheek emperor,3,Marine fishes,33,Miscellaneous coastal fishes,1514,Demersal Marine Fish,4,Fish and other fishing products,42,"Fish live, fresh or chilled for human consumption",429,"Other fish, live, fresh or chilled"
SPT,Spot croaker,3,Marine fishes,33,Miscellaneous coastal fishes,1514,Demersal Marine Fish,4,Fish and other fishing products,42,"Fish live, fresh or chilled for human consumption",429,"Other fish, live, fresh or chilled"
GMK,Spotfin flathead,3,Marine fishes,33,Miscellaneous coastal fishes,1514,Demersal Marine Fish,4,Fish and other fishing products,42,"Fish live, fresh or chilled for human consumption",429,"Other fish, live, fresh or chilled"
PWY,Spot shrimp,4,Crustaceans,45,"Shrimps, prawns",1553,Crustaceans,4,Fish and other fishing products,43,"Crustaceans, live, fresh or chilled",435,"Cold-water shrimps and prawns (Pandalus spp., Crangon crangon), live, fresh or chilled"
MTS,Spottail mantis squillid,4,Crustaceans,47,Miscellaneous marine crustaceans,1553,Crustaceans,4,Fish and other fishing products,43,"Crustaceans, live, fresh or chilled",439,"Other crustaceans, live, fresh or chilled"
SGY,Spottail needlefish,3,Marine fishes,37,Miscellaneous pelagic fishes,1527,Pelagic Marine Fish,4,Fish and other fishing products,42,"Fish live, fresh or chilled for human consumption",426,"Other pelagic fish, live, fresh or chilled"
DIH,Spottail seabream,3,Marine fishes,33,Miscellaneous coastal fishes,1514,Demersal Marine Fish,4,Fish and other fishing products,42,"Fish live, fresh or chilled for human consumption",429,"Other fish, live, fresh or chilled"
CCQ,Spottail shark,3,Marine fishes,38,"Sharks, rays, chimaeras",1514,Demersal Marine Fish,4,Fish and other fishing products,42,"Fish live, fresh or chilled for human consumption",429,"Other fish, live, fresh or chilled"
SOT,Spottail spiny turbot,3,Marine fishes,31,"Flounders, halibuts, soles",1514,Demersal Marine Fish,4,Fish and other fishing products,42,"Fish live, fresh or chilled for human consumption",423,"Flatfish, live, fresh or chilled"
PUI,Spotted barb,1,Freshwater fishes,11,"Carps, barbels and other cyprinids",1501,Freshwater and Diadromous Fish,4,Fish and other fishing products,42,"Fish live, fresh or chilled for human consumption",421,"Freshwater fish, live, fresh or chilled"
NRD,Spotted barracudina,3,Marine fishes,34,Miscellaneous demersal fishes,1514,Demersal Marine Fish,4,Fish and other fishing products,42,"Fish live, fresh or chilled for human consumption",429,"Other fish, live, fresh or chilled"
PLM,Spotted coralgrouper,3,Marine fishes,33,Miscellaneous coastal fishes,1514,Demersal Marine Fish,4,Fish and other fishing products,42,"Fish live, fresh or chilled for human consumption",429,"Other fish, live, fresh or chilled"
DSP,Spotted dolphins NEI,6,"Whales, seals and other aquatic mammals",62,"Sperm-whales, pilot-whales",1579,Aquatic Mammals,,,,,,
MAE,Spotted eagle ray,3,Marine fishes,38,"Sharks, rays, chimaeras",1514,Demersal Marine Fish,4,Fish and other fishing products,42,"Fish live, fresh or chilled for human consumption",429,"Other fish, live, fresh or chilled"
MTL,Spotted estuary smooth-hound,3,Marine fishes,38,"Sharks, rays, chimaeras",1514,Demersal Marine Fish,4,Fish and other fishing products,42,"Fish live, fresh or chilled for human consumption",429,"Other fish, live, fresh or chilled"
SVV,Spotted-fin rockfish,3,Marine fishes,34,Miscellaneous demersal fishes,1514,Demersal Marine Fish,4,Fish and other fishing products,42,"Fish live, fresh or chilled for human consumption",429,"Other fish, live, fresh or chilled"
CIL,Spotted flounder,3,Marine fishes,31,"Flounders, halibuts, soles",1514,Demersal Marine Fish,4,Fish and other fishing products,42,"Fish live, fresh or chilled for human consumption",423,"Flatfish, live, fresh or chilled"
LVT,Spotted gar,1,Freshwater fishes,13,Miscellaneous freshwater fishes,1501,Freshwater and Diadromous Fish,4,Fish and other fishing products,42,"Fish live, fresh or chilled for human consumption",421,"Freshwater fish, live, fresh or chilled"
UDU,Spotted goatfish,3,Marine fishes,33,Miscellaneous coastal fishes,1514,Demersal Marine Fish,4,Fish and other fishing products,42,"Fish live, fresh or chilled for human consumption",429,"Other fish, live, fresh or chilled"
GPS,Spotted grouper,3,Marine fishes,33,Miscellaneous coastal fishes,1514,Demersal Marine Fish,4,Fish and other fishing products,42,"Fish live, fresh or chilled for human consumption",429,"Other fish, live, fresh or chilled"
JGU,Spotted gurnard,3,Marine fishes,34,Miscellaneous demersal fishes,1514,Demersal Marine Fish,4,Fish and other fishing products,42,"Fish live, fresh or chilled for human consumption",429,"Other fish, live, fresh or chilled"
HNO,Spotted head sargo,3,Marine fishes,33,Miscellaneous coastal fishes,1514,Demersal Marine Fish,4,Fish and other fishing products,42,"Fish live, fresh or chilled for human consumption",429,"Other fish, live, fresh or chilled"
MTP,Spotted lanternfish,3,Marine fishes,34,Miscellaneous demersal fishes,1514,Demersal Marine Fish,4,Fish and other fishing products,42,"Fish live, fresh or chilled for human consumption",429,"Other fish, live, fresh or chilled"
AGG,Spotted moray,3,Marine fishes,33,Miscellaneous coastal fishes,1514,Demersal Marine Fish,4,Fish and other fishing products,42,"Fish live, fresh or chilled for human consumption",429,"Other fish, live, fresh or chilled"
DIY,Spotted porcupinefish,3,Marine fishes,33,Miscellaneous coastal fishes,1514,Demersal Marine Fish,4,Fish and other fishing products,42,"Fish live, fresh or chilled for human consumption",429,"Other fish, live, fresh or chilled"
RAT,Spotted ratfish,3,Marine fishes,38,"Sharks, rays, chimaeras",1514,Demersal Marine Fish,4,Fish and other fishing products,42,"Fish live, fresh or chilled for human consumption",429,"Other fish, live, fresh or chilled"
RJM,Spotted ray,3,Marine fishes,38,"Sharks, rays, chimaeras",1514,Demersal Marine Fish,4,Fish and other fishing products,42,"Fish live, fresh or chilled for human consumption",429,"Other fish, live, fresh or chilled"
LJS,Spotted rose snapper,3,Marine fishes,33,Miscellaneous coastal fishes,1514,Demersal Marine Fish,4,Fish and other fishing products,42,"Fish live, fresh or chilled for human consumption",429,"Other fish, live, fresh or chilled"
AGS,Spotted sardinella,3,Marine fishes,35,"Herrings, sardines, anchovies",1527,Pelagic Marine Fish,4,Fish and other fishing products,42,"Fish live, fresh or chilled for human consumption",426,"Other pelagic fish, live, fresh or chilled"
TFG,Spotted scat,3,Marine fishes,33,Miscellaneous coastal fishes,1514,Demersal Marine Fish,4,Fish and other fishing products,42,"Fish live, fresh or chilled for human consumption",429,"Other fish, live, fresh or chilled"
SPU,Spotted seabass,3,Marine fishes,33,Miscellaneous coastal fishes,1514,Demersal Marine Fish,4,Fish and other fishing products,42,"Fish live, fresh or chilled for human consumption",429,"Other fish, live, fresh or chilled"
SPS,Spotted sicklefish,3,Marine fishes,33,Miscellaneous coastal fishes,1514,Demersal Marine Fish,4,Fish and other fishing products,42,"Fish live, fresh or chilled for human consumption",429,"Other fish, live, fresh or chilled"
CNP,Spotted snakehead,1,Freshwater fishes,13,Miscellaneous freshwater fishes,1501,Freshwater and Diadromous Fish,4,Fish and other fishing products,42,"Fish live, fresh or chilled for human consumption",421,"Freshwater fish, live, fresh or chilled"
UDC,Spotted sorubim,1,Freshwater fishes,13,Miscellaneous freshwater fishes,1501,Freshwater and Diadromous Fish,4,Fish and other fishing products,42,"Fish live, fresh or chilled for human consumption",421,"Freshwater fish, live, fresh or chilled"
NLG,Spotted spiny lobster,4,Crustaceans,43,"Lobsters, spiny-rock lobsters",1553,Crustaceans,4,Fish and other fishing products,43,"Crustaceans, live, fresh or chilled",432,"Rock lobster and other sea crawfish, live, fresh or chilled"
UGM,Spotted stargazer,3,Marine fishes,34,Miscellaneous demersal fishes,1514,Demersal Marine Fish,4,Fish and other fishing products,42,"Fish live, fresh or chilled for human consumption",429,"Other fish, live, fresh or chilled"
UMN,Spotted surgeonfish,3,Marine fishes,33,Miscellaneous coastal fishes,1514,Demersal Marine Fish,4,Fish and other fishing products,42,"Fish live, fresh or chilled for human consumption",429,"Other fish, live, fresh or chilled"
NAB,Spotted unicornfish,3,Marine fishes,33,Miscellaneous coastal fishes,1514,Demersal Marine Fish,4,Fish and other fishing products,42,"Fish live, fresh or chilled for human consumption",429,"Other fish, live, fresh or chilled"
SWF,Spotted weakfish,3,Marine fishes,33,Miscellaneous coastal fishes,1514,Demersal Marine Fish,4,Fish and other fishing products,42,"Fish live, fresh or chilled for human consumption",429,"Other fish, live, fresh or chilled"
TZA,Spotted weever,3,Marine fishes,33,Miscellaneous coastal fishes,1514,Demersal Marine Fish,4,Fish and other fishing products,42,"Fish live, fresh or chilled for human consumption",429,"Other fish, live, fresh or chilled"
CAS,Spotted wolffish,3,Marine fishes,34,Miscellaneous demersal fishes,1514,Demersal Marine Fish,4,Fish and other fishing products,42,"Fish live, fresh or chilled for human consumption",429,"Other fish, live, fresh or chilled"
EME,Squaretail coralgrouper,3,Marine fishes,33,Miscellaneous coastal fishes,1514,Demersal Marine Fish,4,Fish and other fishing products,42,"Fish live, fresh or chilled for human consumption",429,"Other fish, live, fresh or chilled"
RGH,Squaretail kob,3,Marine fishes,33,Miscellaneous coastal fishes,1514,Demersal Marine Fish,4,Fish and other fishing products,42,"Fish live, fresh or chilled for human consumption",429,"Other fish, live, fresh or chilled"
LZV,Squaretail mullet,3,Marine fishes,33,Miscellaneous coastal fishes,1514,Demersal Marine Fish,4,Fish and other fishing products,42,"Fish live, fresh or chilled for human consumption",429,"Other fish, live, fresh or chilled"
STG,Squeteague(=Gray weakfish),3,Marine fishes,33,Miscellaneous coastal fishes,1514,Demersal Marine Fish,4,Fish and other fishing products,42,"Fish live, fresh or chilled for human consumption",429,"Other fish, live, fresh or chilled"
SQY,Squillids NEI,4,Crustaceans,47,Miscellaneous marine crustaceans,1553,Crustaceans,4,Fish and other fishing products,43,"Crustaceans, live, fresh or chilled",439,"Other crustaceans, live, fresh or chilled"
HOO,Squirrelfish,3,Marine fishes,33,Miscellaneous coastal fishes,1514,Demersal Marine Fish,4,Fish and other fishing products,42,"Fish live, fresh or chilled for human consumption",429,"Other fish, live, fresh or chilled"
HCZ,Squirrelfishes NEI,3,Marine fishes,33,Miscellaneous coastal fishes,1514,Demersal Marine Fish,4,Fish and other fishing products,42,"Fish live, fresh or chilled for human consumption",429,"Other fish, live, fresh or chilled"
STF,Starfishes NEI,7,Miscellaneous aquatic animals,76,Sea-urchins and other echinoderms,1587,Aquatic Animals NEI,4,Fish and other fishing products,45,"Other aquatic invertebrates, live, fresh or chilled",459,"Other aquatic invertebrates, live, fresh or chilled, n.e.c."
UUC,Stargazer,3,Marine fishes,34,Miscellaneous demersal fishes,1514,Demersal Marine Fish,4,Fish and other fishing products,42,"Fish live, fresh or chilled for human consumption",429,"Other fish, live, fresh or chilled"
URA,Stargazers,3,Marine fishes,34,Miscellaneous demersal fishes,1514,Demersal Marine Fish,4,Fish and other fishing products,42,"Fish live, fresh or chilled for human consumption",429,"Other fish, live, fresh or chilled"
VYX,Stargazers NEI,3,Marine fishes,34,Miscellaneous demersal fishes,1514,Demersal Marine Fish,4,Fish and other fishing products,42,"Fish live, fresh or chilled for human consumption",429,"Other fish, live, fresh or chilled"
BWB,Starry butterfish,3,Marine fishes,37,Miscellaneous pelagic fishes,1527,Pelagic Marine Fish,4,Fish and other fishing products,42,"Fish live, fresh or chilled for human consumption",426,"Other pelagic fish, live, fresh or chilled"
PWQ,Starry flounder,3,Marine fishes,31,"Flounders, halibuts, soles",1514,Demersal Marine Fish,4,Fish and other fishing products,42,"Fish live, fresh or chilled for human consumption",423,"Flatfish, live, fresh or chilled"
EEB,Starry grouper,3,Marine fishes,33,Miscellaneous coastal fishes,1514,Demersal Marine Fish,4,Fish and other fishing products,42,"Fish live, fresh or chilled for human consumption",429,"Other fish, live, fresh or chilled"
RJR,Starry ray,3,Marine fishes,38,"Sharks, rays, chimaeras",1514,Demersal Marine Fish,4,Fish and other fishing products,42,"Fish live, fresh or chilled for human consumption",429,"Other fish, live, fresh or chilled"
SFO,Starry rockfish,3,Marine fishes,34,Miscellaneous demersal fishes,1514,Demersal Marine Fish,4,Fish and other fishing products,42,"Fish live, fresh or chilled for human consumption",429,"Other fish, live, fresh or chilled"
SDS,Starry smooth-hound,3,Marine fishes,38,"Sharks, rays, chimaeras",1514,Demersal Marine Fish,4,Fish and other fishing products,42,"Fish live, fresh or chilled for human consumption",429,"Other fish, live, fresh or chilled"
APE,Starry sturgeon,2,Diadromous fishes,21,"Sturgeons, paddlefishes",1501,Freshwater and Diadromous Fish,4,Fish and other fishing products,42,"Fish live, fresh or chilled for human consumption",429,"Other fish, live, fresh or chilled"
TZR,Starry weever,3,Marine fishes,33,Miscellaneous coastal fishes,1514,Demersal Marine Fish,4,Fish and other fishing products,42,"Fish live, fresh or chilled for human consumption",429,"Other fish, live, fresh or chilled"
MTZ,Starspotted smooth-hound,3,Marine fishes,38,"Sharks, rays, chimaeras",1514,Demersal Marine Fish,4,Fish and other fishing products,42,"Fish live, fresh or chilled for human consumption",429,"Other fish, live, fresh or chilled"
YJN,Star-studded grouper,3,Marine fishes,33,Miscellaneous coastal fishes,1514,Demersal Marine Fish,4,Fish and other fishing products,42,"Fish live, fresh or chilled for human consumption",429,"Other fish, live, fresh or chilled"
STW,Steenbrasses NEI,3,Marine fishes,33,Miscellaneous coastal fishes,1514,Demersal Marine Fish,4,Fish and other fishing products,42,"Fish live, fresh or chilled for human consumption",429,"Other fish, live, fresh or chilled"
LRV,Steeplined drum,3,Marine fishes,33,Miscellaneous coastal fishes,1514,Demersal Marine Fish,4,Fish and other fishing products,42,"Fish live, fresh or chilled for human consumption",429,"Other fish, live, fresh or chilled"
GOZ,Steinitz's goby,3,Marine fishes,33,Miscellaneous coastal fishes,1514,Demersal Marine Fish,4,Fish and other fishing products,42,"Fish live, fresh or chilled for human consumption",429,"Other fish, live, fresh or chilled"
BJW,Stejneger's beaked whale,6,"Whales, seals and other aquatic mammals",62,"Sperm-whales, pilot-whales",1579,Aquatic Mammals,,,,,,
SSL,Steller sea lion,6,"Whales, seals and other aquatic mammals",63,"Eared seals, hair seals, walruses",1579,Aquatic Mammals,,,,,,
APR,Sterlet sturgeon,2,Diadromous fishes,21,"Sturgeons, paddlefishes",1501,Freshwater and Diadromous Fish,4,Fish and other fishing products,42,"Fish live, fresh or chilled for human consumption",429,"Other fish, live, fresh or chilled"
SKB,Sticklebacks,2,Diadromous fishes,25,Miscellaneous diadromous fishes,1501,Freshwater and Diadromous Fish,4,Fish and other fishing products,42,"Fish live, fresh or chilled for human consumption",429,"Other fish, live, fresh or chilled"
CLT,Stimpson's surf clam,5,Molluscs,56,"Clams, cockles, arkshells",1562,Molluscs excl. Cephalopods,4,Fish and other fishing products,44,"Molluscs live, fresh or chilled",445,"Clams, cockles and ark shells, live, fresh or chilled"
HTF,Stinging catfish,1,Freshwater fishes,13,Miscellaneous freshwater fishes,1501,Freshwater and Diadromous Fish,4,Fish and other fishing products,42,"Fish live, fresh or chilled for human consumption",421,"Freshwater fish, live, fresh or chilled"
STT,"Stingrays, butterfly rays NEI",3,Marine fishes,38,"Sharks, rays, chimaeras",1514,Demersal Marine Fish,4,Fish and other fishing products,42,"Fish live, fresh or chilled for human consumption",429,"Other fish, live, fresh or chilled"
STI,Stingrays NEI,3,Marine fishes,38,"Sharks, rays, chimaeras",1514,Demersal Marine Fish,4,Fish and other fishing products,42,"Fish live, fresh or chilled for human consumption",429,"Other fish, live, fresh or chilled"
IRO,Stocky hawkfish,3,Marine fishes,33,Miscellaneous coastal fishes,1514,Demersal Marine Fish,4,Fish and other fishing products,42,"Fish live, fresh or chilled for human consumption",429,"Other fish, live, fresh or chilled"
STO,Stolephorus anchovies NEI,3,Marine fishes,35,"Herrings, sardines, anchovies",1527,Pelagic Marine Fish,4,Fish and other fishing products,42,"Fish live, fresh or chilled for human consumption",426,"Other pelagic fish, live, fresh or chilled"
YNZ,Stolzmann's weakfish,3,Marine fishes,33,Miscellaneous coastal fishes,1514,Demersal Marine Fish,4,Fish and other fishing products,42,"Fish live, fresh or chilled for human consumption",429,"Other fish, live, fresh or chilled"
SVX,Stomatopods NEI,4,Crustaceans,47,Miscellaneous marine crustaceans,1553,Crustaceans,4,Fish and other fishing products,43,"Crustaceans, live, fresh or chilled",439,"Other crustaceans, live, fresh or chilled"
KCT,Stone king crab,4,Crustaceans,44,"King crabs, squat-lobsters",1553,Crustaceans,4,Fish and other fishing products,43,"Crustaceans, live, fresh or chilled",439,"Other crustaceans, live, fresh or chilled"
URM,Stony sea urchin,7,Miscellaneous aquatic animals,76,Sea-urchins and other echinoderms,1587,Aquatic Animals NEI,4,Fish and other fishing products,45,"Other aquatic invertebrates, live, fresh or chilled",452,"Sea urchins, live, fresh or chilled"
QRV,Stoplight parrotfish,3,Marine fishes,33,Miscellaneous coastal fishes,1514,Demersal Marine Fish,4,Fish and other fishing products,42,"Fish live, fresh or chilled for human consumption",429,"Other fish, live, fresh or chilled"
PXV,Stout beardfish,3,Marine fishes,34,Miscellaneous demersal fishes,1514,Demersal Marine Fish,4,Fish and other fishing products,42,"Fish live, fresh or chilled for human consumption",429,"Other fish, live, fresh or chilled"
ROA,Stout bobtail squid,5,Molluscs,57,"Squids, cuttlefishes, octopuses",1570,Cephalopods,4,Fish and other fishing products,44,"Molluscs live, fresh or chilled",446,"Cuttlefish and squid, live, fresh or chilled"
RCT,Straightnose rabbitfish,3,Marine fishes,38,"Sharks, rays, chimaeras",1514,Demersal Marine Fish,4,Fish and other fishing products,42,"Fish live, fresh or chilled for human consumption",429,"Other fish, live, fresh or chilled"
TSW,Strap-toothed whale,6,"Whales, seals and other aquatic mammals",62,"Sperm-whales, pilot-whales",1579,Aquatic Mammals,,,,,,
CTZ,Streaked gurnard,3,Marine fishes,34,Miscellaneous demersal fishes,1514,Demersal Marine Fish,4,Fish and other fishing products,42,"Fish live, fresh or chilled for human consumption",429,"Other fish, live, fresh or chilled"
PLL,Streaked prochilod,1,Freshwater fishes,13,Miscellaneous freshwater fishes,1501,Freshwater and Diadromous Fish,4,Fish and other fishing products,42,"Fish live, fresh or chilled for human consumption",421,"Freshwater fish, live, fresh or chilled"
STS,Streaked seerfish,3,Marine fishes,36,"Tunas, bonitos, billfishes",1527,Pelagic Marine Fish,4,Fish and other fishing products,42,"Fish live, fresh or chilled for human consumption",426,"Other pelagic fish, live, fresh or chilled"
IGV,Streaked spinefoot,3,Marine fishes,33,Miscellaneous coastal fishes,1514,Demersal Marine Fish,4,Fish and other fishing products,42,"Fish live, fresh or chilled for human consumption",429,"Other fish, live, fresh or chilled"
TCV,Striated surgeonfish,3,Marine fishes,33,Miscellaneous coastal fishes,1514,Demersal Marine Fish,4,Fish and other fishing products,42,"Fish live, fresh or chilled for human consumption",429,"Other fish, live, fresh or chilled"
ENF,Stridulating stone crab,4,Crustaceans,42,"Crabs, sea-spiders",1553,Crustaceans,4,Fish and other fishing products,43,"Crustaceans, live, fresh or chilled",431,"Crabs, live, fresh or chilled"
STB,Striped bass,2,Diadromous fishes,25,Miscellaneous diadromous fishes,1501,Freshwater and Diadromous Fish,4,Fish and other fishing products,42,"Fish live, fresh or chilled for human consumption",429,"Other fish, live, fresh or chilled"
SBH,"Striped bass, hybrid",1,Freshwater fishes,13,Miscellaneous freshwater fishes,1501,Freshwater and Diadromous Fish,4,Fish and other fishing products,42,"Fish live, fresh or chilled for human consumption",421,"Freshwater fish, live, fresh or chilled"
BIP,Striped bonito,3,Marine fishes,36,"Tunas, bonitos, billfishes",1527,Pelagic Marine Fish,4,Fish and other fishing products,42,"Fish live, fresh or chilled for human consumption",426,"Other pelagic fish, live, fresh or chilled"
PGS,Striped catfish,1,Freshwater fishes,13,Miscellaneous freshwater fishes,1501,Freshwater and Diadromous Fish,4,Fish and other fishing products,42,"Fish live, fresh or chilled for human consumption",421,"Freshwater fish, live, fresh or chilled"
DST,Striped dolphin,6,"Whales, seals and other aquatic mammals",62,"Sperm-whales, pilot-whales",1579,Aquatic Mammals,,,,,,
NOS,Striped-eyed rockcod,3,Marine fishes,33,Miscellaneous coastal fishes,1514,Demersal Marine Fish,4,Fish and other fishing products,42,"Fish live, fresh or chilled for human consumption",429,"Other fish, live, fresh or chilled"
KFI,Striped grunt,3,Marine fishes,33,Miscellaneous coastal fishes,1514,Demersal Marine Fish,4,Fish and other fishing products,42,"Fish live, fresh or chilled for human consumption",429,"Other fish, live, fresh or chilled"
MLS,Striped marlin,3,Marine fishes,36,"Tunas, bonitos, billfishes",1527,Pelagic Marine Fish,4,Fish and other fishing products,42,"Fish live, fresh or chilled for human consumption",426,"Other pelagic fish, live, fresh or chilled"
USS,Striped parrotfish,3,Marine fishes,33,Miscellaneous coastal fishes,1514,Demersal Marine Fish,4,Fish and other fishing products,42,"Fish live, fresh or chilled for human consumption",429,"Other fish, live, fresh or chilled"
PKS,Striped piggy,3,Marine fishes,33,Miscellaneous coastal fishes,1514,Demersal Marine Fish,4,Fish and other fishing products,42,"Fish live, fresh or chilled for human consumption",429,"Other fish, live, fresh or chilled"
ARV,Striped red shrimp,4,Crustaceans,45,"Shrimps, prawns",1553,Crustaceans,4,Fish and other fishing products,43,"Crustaceans, live, fresh or chilled",436,"Other shrimps and prawns, live, fresh or chilled"
TRH,Striped rockcod,3,Marine fishes,33,Miscellaneous coastal fishes,1514,Demersal Marine Fish,4,Fish and other fishing products,42,"Fish live, fresh or chilled for human consumption",429,"Other fish, live, fresh or chilled"
LIL,Striped seasnail,3,Marine fishes,34,Miscellaneous demersal fishes,1514,Demersal Marine Fish,4,Fish and other fishing products,42,"Fish live, fresh or chilled for human consumption",429,"Other fish, live, fresh or chilled"
FSS,Striped snakehead,1,Freshwater fishes,13,Miscellaneous freshwater fishes,1501,Freshwater and Diadromous Fish,4,Fish and other fishing products,42,"Fish live, fresh or chilled for human consumption",421,"Freshwater fish, live, fresh or chilled"
LKW,Striped soldier shrimp,4,Crustaceans,45,"Shrimps, prawns",1553,Crustaceans,4,Fish and other fishing products,43,"Crustaceans, live, fresh or chilled",435,"Cold-water shrimps and prawns (Pandalus spp., Crangon crangon), live, fresh or chilled"
SVE,Striped venus,5,Molluscs,56,"Clams, cockles, arkshells",1562,Molluscs excl. Cephalopods,4,Fish and other fishing products,44,"Molluscs live, fresh or chilled",445,"Clams, cockles and ark shells, live, fresh or chilled"
WKS,Striped weakfish,3,Marine fishes,33,Miscellaneous coastal fishes,1514,Demersal Marine Fish,4,Fish and other fishing products,42,"Fish live, fresh or chilled for human consumption",429,"Other fish, live, fresh or chilled"
WWA,Striped weever,3,Marine fishes,33,Miscellaneous coastal fishes,1514,Demersal Marine Fish,4,Fish and other fishing products,42,"Fish live, fresh or chilled for human consumption",429,"Other fish, live, fresh or chilled"
RVT,Stripetail rockfish,3,Marine fishes,34,Miscellaneous demersal fishes,1514,Demersal Marine Fish,4,Fish and other fishing products,42,"Fish live, fresh or chilled for human consumption",429,"Other fish, live, fresh or chilled"
YGC,Stripped weakfish,3,Marine fishes,33,Miscellaneous coastal fishes,1514,Demersal Marine Fish,4,Fish and other fishing products,42,"Fish live, fresh or chilled for human consumption",429,"Other fish, live, fresh or chilled"
CON,Stromboid conchs NEI,5,Molluscs,52,"Abalones, winkles, conchs",1562,Molluscs excl. Cephalopods,4,Fish and other fishing products,44,"Molluscs live, fresh or chilled",449,"Other molluscs, live, fresh or chilled"
UYD,[Strongylocentrotus droebachiensis],7,Miscellaneous aquatic animals,76,Sea-urchins and other echinoderms,1587,Aquatic Animals NEI,4,Fish and other fishing products,45,"Other aquatic invertebrates, live, fresh or chilled",452,"Sea urchins, live, fresh or chilled"
UZX,Stumpnoses NEI,3,Marine fishes,33,Miscellaneous coastal fishes,1514,Demersal Marine Fish,4,Fish and other fishing products,42,"Fish live, fresh or chilled for human consumption",429,"Other fish, live, fresh or chilled"
APU,Sturgeon,2,Diadromous fishes,21,"Sturgeons, paddlefishes",1501,Freshwater and Diadromous Fish,4,Fish and other fishing products,42,"Fish live, fresh or chilled for human consumption",429,"Other fish, live, fresh or chilled"
STU,Sturgeons NEI,2,Diadromous fishes,21,"Sturgeons, paddlefishes",1501,Freshwater and Diadromous Fish,4,Fish and other fishing products,42,"Fish live, fresh or chilled for human consumption",429,"Other fish, live, fresh or chilled"
KNU,Stutchbury's venus,5,Molluscs,56,"Clams, cockles, arkshells",1562,Molluscs excl. Cephalopods,4,Fish and other fishing products,44,"Molluscs live, fresh or chilled",445,"Clams, cockles and ark shells, live, fresh or chilled"
KCM,Subantarctic stone crab,4,Crustaceans,44,"King crabs, squat-lobsters",1553,Crustaceans,4,Fish and other fishing products,43,"Crustaceans, live, fresh or chilled",439,"Other crustaceans, live, fresh or chilled"
ULT,Subtruncate surf clam,5,Molluscs,56,"Clams, cockles, arkshells",1562,Molluscs excl. Cephalopods,4,Fish and other fishing products,44,"Molluscs live, fresh or chilled",445,"Clams, cockles and ark shells, live, fresh or chilled"
ECN,"Suckerfishes, remoras NEI",3,Marine fishes,37,Miscellaneous pelagic fishes,1527,Pelagic Marine Fish,4,Fish and other fishing products,42,"Fish live, fresh or chilled for human consumption",426,"Other pelagic fish, live, fresh or chilled"
HSL,Suckermouth catfish,1,Freshwater fishes,13,Miscellaneous freshwater fishes,1501,Freshwater and Diadromous Fish,4,Fish and other fishing products,42,"Fish live, fresh or chilled for human consumption",421,"Freshwater fish, live, fresh or chilled"
CTM,Suckers NEI,1,Freshwater fishes,11,"Carps, barbels and other cyprinids",1501,Freshwater and Diadromous Fish,4,Fish and other fishing products,42,"Fish live, fresh or chilled for human consumption",421,"Freshwater fish, live, fresh or chilled"
RLQ,Suco croaker,3,Marine fishes,33,Miscellaneous coastal fishes,1514,Demersal Marine Fish,4,Fish and other fishing products,42,"Fish live, fresh or chilled for human consumption",429,"Other fish, live, fresh or chilled"
EWS,Summan grouper,3,Marine fishes,33,Miscellaneous coastal fishes,1514,Demersal Marine Fish,4,Fish and other fishing products,42,"Fish live, fresh or chilled for human consumption",429,"Other fish, live, fresh or chilled"
FLS,Summer flounder,3,Marine fishes,31,"Flounders, halibuts, soles",1514,Demersal Marine Fish,4,Fish and other fishing products,42,"Fish live, fresh or chilled for human consumption",423,"Flatfish, live, fresh or chilled"
MOP,Sunfish,3,Marine fishes,37,Miscellaneous pelagic fishes,1527,Pelagic Marine Fish,4,Fish and other fishing products,42,"Fish live, fresh or chilled for human consumption",426,"Other pelagic fish, live, fresh or chilled"
SSD,Surf clams NEI,5,Molluscs,56,"Clams, cockles, arkshells",1562,Molluscs excl. Cephalopods,4,Fish and other fishing products,44,"Molluscs live, fresh or chilled",445,"Clams, cockles and ark shells, live, fresh or chilled"
SUS,Surf smelt,2,Diadromous fishes,23,"Salmons, trouts, smelts",1501,Freshwater and Diadromous Fish,4,Fish and other fishing products,42,"Fish live, fresh or chilled for human consumption",429,"Other fish, live, fresh or chilled"
SUR,Surgeonfishes NEI,3,Marine fishes,33,Miscellaneous coastal fishes,1514,Demersal Marine Fish,4,Fish and other fishing products,42,"Fish live, fresh or chilled for human consumption",429,"Other fish, live, fresh or chilled"
MUR,Surmullet,3,Marine fishes,33,Miscellaneous coastal fishes,1514,Demersal Marine Fish,4,Fish and other fishing products,42,"Fish live, fresh or chilled for human consumption",429,"Other fish, live, fresh or chilled"
MUX,Surmullets(=Red mullets) NEI,3,Marine fishes,33,Miscellaneous coastal fishes,1514,Demersal Marine Fish,4,Fish and other fishing products,42,"Fish live, fresh or chilled for human consumption",429,"Other fish, live, fresh or chilled"
TCP,Swallowtail dart,3,Marine fishes,37,Miscellaneous pelagic fishes,1527,Pelagic Marine Fish,4,Fish and other fishing products,42,"Fish live, fresh or chilled for human consumption",426,"Other pelagic fish, live, fresh or chilled"
AHN,Swallowtail seaperch,3,Marine fishes,33,Miscellaneous coastal fishes,1514,Demersal Marine Fish,4,Fish and other fishing products,42,"Fish live, fresh or chilled for human consumption",429,"Other fish, live, fresh or chilled"
UDQ,Swarming squat lobster,4,Crustaceans,44,"King crabs, squat-lobsters",1553,Crustaceans,4,Fish and other fishing products,43,"Crustaceans, live, fresh or chilled",439,"Other crustaceans, live, fresh or chilled"
PBX,"Sweetlips, rubberlips NEI",3,Marine fishes,33,Miscellaneous coastal fishes,1514,Demersal Marine Fish,4,Fish and other fishing products,42,"Fish live, fresh or chilled for human consumption",429,"Other fish, live, fresh or chilled"
SWM,"Swimming crabs, etc. NEI",4,Crustaceans,42,"Crabs, sea-spiders",1553,Crustaceans,4,Fish and other fishing products,43,"Crustaceans, live, fresh or chilled",431,"Crabs, live, fresh or chilled"
SWO,Swordfish,3,Marine fishes,36,"Tunas, bonitos, billfishes",1527,Pelagic Marine Fish,4,Fish and other fishing products,42,"Fish live, fresh or chilled for human consumption",426,"Other pelagic fish, live, fresh or chilled"
EQI,Sword razor shell,5,Molluscs,56,"Clams, cockles, arkshells",1562,Molluscs excl. Cephalopods,4,Fish and other fishing products,44,"Molluscs live, fresh or chilled",445,"Clams, cockles and ark shells, live, fresh or chilled"
EPN,Swordspine snook,3,Marine fishes,33,Miscellaneous coastal fishes,1514,Demersal Marine Fish,4,Fish and other fishing products,42,"Fish live, fresh or chilled for human consumption",429,"Other fish, live, fresh or chilled"
OJE,Swordtip squid,5,Molluscs,57,"Squids, cuttlefishes, octopuses",1570,Cephalopods,4,Fish and other fishing products,44,"Molluscs live, fresh or chilled",446,"Cuttlefish and squid, live, fresh or chilled"
OYS,Sydney cupped oyster,5,Molluscs,53,Oysters,1562,Molluscs excl. Cephalopods,4,Fish and other fishing products,44,"Molluscs live, fresh or chilled",442,"Oysters, live, fresh or chilled"
YFX,Symphodus wrasses NEI,3,Marine fishes,33,Miscellaneous coastal fishes,1514,Demersal Marine Fish,4,Fish and other fishing products,42,"Fish live, fresh or chilled for human consumption",429,"Other fish, live, fresh or chilled"
FSY,Syracusan fusus,5,Molluscs,52,"Abalones, winkles, conchs",1562,Molluscs excl. Cephalopods,4,Fish and other fishing products,44,"Molluscs live, fresh or chilled",449,"Other molluscs, live, fresh or chilled"
TCL,Taca clam,5,Molluscs,56,"Clams, cockles, arkshells",1562,Molluscs excl. Cephalopods,4,Fish and other fishing products,44,"Molluscs live, fresh or chilled",445,"Clams, cockles and ark shells, live, fresh or chilled"
SAO,Tadpole codling,3,Marine fishes,32,"Cods, hakes, haddocks",1514,Demersal Marine Fish,4,Fish and other fishing products,42,"Fish live, fresh or chilled for human consumption",424,"Fish of Gadiformes, live, fresh or chilled"
OBM,Talang queenfish,3,Marine fishes,37,Miscellaneous pelagic fishes,1527,Pelagic Marine Fish,4,Fish and other fishing products,42,"Fish live, fresh or chilled for human consumption",426,"Other pelagic fish, live, fresh or chilled"
MIT,Tallfin croaker,3,Marine fishes,33,Miscellaneous coastal fishes,1514,Demersal Marine Fish,4,Fish and other fishing products,42,"Fish live, fresh or chilled for human consumption",429,"Other fish, live, fresh or chilled"
TXY,"Tambacu, hybrid",1,Freshwater fishes,13,Miscellaneous freshwater fishes,1501,Freshwater and Diadromous Fish,4,Fish and other fishing products,42,"Fish live, fresh or chilled for human consumption",421,"Freshwater fish, live, fresh or chilled"
TXZ,"Tambatinga, hybrid",1,Freshwater fishes,13,Miscellaneous freshwater fishes,1501,Freshwater and Diadromous Fish,4,Fish and other fishing products,42,"Fish live, fresh or chilled for human consumption",421,"Freshwater fish, live, fresh or chilled"
TZK,Tanaka's snailfish,3,Marine fishes,34,Miscellaneous demersal fishes,1514,Demersal Marine Fish,4,Fish and other fishing products,42,"Fish live, fresh or chilled for human consumption",429,"Other fish, live, fresh or chilled"
LTG,Tanganyika lates,1,Freshwater fishes,13,Miscellaneous freshwater fishes,1501,Freshwater and Diadromous Fish,4,Fish and other fishing products,42,"Fish live, fresh or chilled for human consumption",421,"Freshwater fish, live, fresh or chilled"
LQD,Tangle,9,Aquatic plants,91,Brown seaweeds,1594,Aquatic Plants,4,Fish and other fishing products,49,Other aquatic plants and animals,493,"Seaweeds and other algae, fresh, frozen or dried, whether or not ground"
CVB,Tanner crab,4,Crustaceans,42,"Crabs, sea-spiders",1553,Crustaceans,4,Fish and other fishing products,43,"Crustaceans, live, fresh or chilled",431,"Crabs, live, fresh or chilled"
PCR,Tanner crabs NEI,4,Crustaceans,42,"Crabs, sea-spiders",1553,Crustaceans,4,Fish and other fishing products,43,"Crustaceans, live, fresh or chilled",431,"Crabs, live, fresh or chilled"
MUN,Taquilla clams,5,Molluscs,56,"Clams, cockles, arkshells",1562,Molluscs excl. Cephalopods,4,Fish and other fishing products,44,"Molluscs live, fresh or chilled",445,"Clams, cockles and ark shells, live, fresh or chilled"
TCR,[Taractes rubescens],3,Marine fishes,37,Miscellaneous pelagic fishes,1527,Pelagic Marine Fish,4,Fish and other fishing products,42,"Fish live, fresh or chilled for human consumption",426,"Other pelagic fish, live, fresh or chilled"
TAK,Tarakihi,3,Marine fishes,34,Miscellaneous demersal fishes,1514,Demersal Marine Fish,4,Fish and other fishing products,42,"Fish live, fresh or chilled for human consumption",429,"Other fish, live, fresh or chilled"
AWT,Tarek,1,Freshwater fishes,11,"Carps, barbels and other cyprinids",1501,Freshwater and Diadromous Fish,4,Fish and other fishing products,42,"Fish live, fresh or chilled for human consumption",421,"Freshwater fish, live, fresh or chilled"
TAR,Tarpon,3,Marine fishes,33,Miscellaneous coastal fishes,1514,Demersal Marine Fish,4,Fish and other fishing products,42,"Fish live, fresh or chilled for human consumption",429,"Other fish, live, fresh or chilled"
EPS,Tarpon snook,3,Marine fishes,33,Miscellaneous coastal fishes,1514,Demersal Marine Fish,4,Fish and other fishing products,42,"Fish live, fresh or chilled for human consumption",429,"Other fish, live, fresh or chilled"
TAU,Tautog,3,Marine fishes,33,Miscellaneous coastal fishes,1514,Demersal Marine Fish,4,Fish and other fishing products,42,"Fish live, fresh or chilled for human consumption",429,"Other fish, live, fresh or chilled"
GFX,[Tegula spp],5,Molluscs,52,"Abalones, winkles, conchs",1562,Molluscs excl. Cephalopods,4,Fish and other fishing products,44,"Molluscs live, fresh or chilled",449,"Other molluscs, live, fresh or chilled"
QPT,Tehuelche scallop,5,Molluscs,55,"Scallops, pectens",1562,Molluscs excl. Cephalopods,4,Fish and other fishing products,44,"Molluscs live, fresh or chilled",444,"Scallops, live, fresh or chilled"
TWL,Tellins NEI,5,Molluscs,56,"Clams, cockles, arkshells",1562,Molluscs excl. Cephalopods,4,Fish and other fishing products,44,"Molluscs live, fresh or chilled",445,"Clams, cockles and ark shells, live, fresh or chilled"
FTE,Tench,1,Freshwater fishes,11,"Carps, barbels and other cyprinids",1501,Freshwater and Diadromous Fish,4,Fish and other fishing products,42,"Fish live, fresh or chilled for human consumption",421,"Freshwater fish, live, fresh or chilled"
THO,Terapon perches NEI,3,Marine fishes,33,Miscellaneous coastal fishes,1514,Demersal Marine Fish,4,Fish and other fishing products,42,"Fish live, fresh or chilled for human consumption",429,"Other fish, live, fresh or chilled"
VAS,Tete sea catfish,3,Marine fishes,33,Miscellaneous coastal fishes,1514,Demersal Marine Fish,4,Fish and other fishing products,42,"Fish live, fresh or chilled for human consumption",429,"Other fish, live, fresh or chilled"
TOB,Thai mahseer,1,Freshwater fishes,11,"Carps, barbels and other cyprinids",1501,Freshwater and Diadromous Fish,4,Fish and other fishing products,42,"Fish live, fresh or chilled for human consumption",421,"Freshwater fish, live, fresh or chilled"
MKG,Thickback sole,3,Marine fishes,31,"Flounders, halibuts, soles",1514,Demersal Marine Fish,4,Fish and other fishing products,42,"Fish live, fresh or chilled for human consumption",423,"Flatfish, live, fresh or chilled"
THS,Thickback soles NEI,3,Marine fishes,31,"Flounders, halibuts, soles",1514,Demersal Marine Fish,4,Fish and other fishing products,42,"Fish live, fresh or chilled for human consumption",423,"Flatfish, live, fresh or chilled"
MLR,Thicklip grey mullet,3,Marine fishes,33,Miscellaneous coastal fishes,1514,Demersal Marine Fish,4,Fish and other fishing products,42,"Fish live, fresh or chilled for human consumption",429,"Other fish, live, fresh or chilled"
MGC,Thinlip grey mullet,3,Marine fishes,33,Miscellaneous coastal fishes,1514,Demersal Marine Fish,4,Fish and other fishing products,42,"Fish live, fresh or chilled for human consumption",429,"Other fish, live, fresh or chilled"
RJC,Thornback ray,3,Marine fishes,38,"Sharks, rays, chimaeras",1514,Demersal Marine Fish,4,Fish and other fishing products,42,"Fish live, fresh or chilled for human consumption",429,"Other fish, live, fresh or chilled"
LDE,Thorntooth grenadier,3,Marine fishes,32,"Cods, hakes, haddocks",1514,Demersal Marine Fish,4,Fish and other fishing products,42,"Fish live, fresh or chilled for human consumption",424,"Fish of Gadiformes, live, fresh or chilled"
DZX,Thorny oysters NEI,5,Molluscs,53,Oysters,1562,Molluscs excl. Cephalopods,4,Fish and other fishing products,44,"Molluscs live, fresh or chilled",442,"Oysters, live, fresh or chilled"
RNH,Thor's scaldfish,3,Marine fishes,31,"Flounders, halibuts, soles",1514,Demersal Marine Fish,4,Fish and other fishing products,42,"Fish live, fresh or chilled for human consumption",423,"Flatfish, live, fresh or chilled"
THD,Threadfin and dwarf breams NEI,3,Marine fishes,33,Miscellaneous coastal fishes,1514,Demersal Marine Fish,4,Fish and other fishing products,42,"Fish live, fresh or chilled for human consumption",429,"Other fish, live, fresh or chilled"
THB,Threadfin breams NEI,3,Marine fishes,33,Miscellaneous coastal fishes,1514,Demersal Marine Fish,4,Fish and other fishing products,42,"Fish live, fresh or chilled for human consumption",429,"Other fish, live, fresh or chilled"
NGN,Threadfin jack,3,Marine fishes,37,Miscellaneous pelagic fishes,1527,Pelagic Marine Fish,4,Fish and other fishing products,42,"Fish live, fresh or chilled for human consumption",426,"Other pelagic fish, live, fresh or chilled"
GDE,Threadfin rockling,3,Marine fishes,32,"Cods, hakes, haddocks",1514,Demersal Marine Fish,4,Fish and other fishing products,42,"Fish live, fresh or chilled for human consumption",424,"Fish of Gadiformes, live, fresh or chilled"
CDA,Threadfin shad,2,Diadromous fishes,24,Shads,1501,Freshwater and Diadromous Fish,4,Fish and other fishing products,42,"Fish live, fresh or chilled for human consumption",429,"Other fish, live, fresh or chilled"
THF,"Threadfins, tasselfishes NEI",3,Marine fishes,33,Miscellaneous coastal fishes,1514,Demersal Marine Fish,4,Fish and other fishing products,42,"Fish live, fresh or chilled for human consumption",429,"Other fish, live, fresh or chilled"
THX,Thread herrings NEI,3,Marine fishes,35,"Herrings, sardines, anchovies",1527,Pelagic Marine Fish,4,Fish and other fishing products,42,"Fish live, fresh or chilled for human consumption",426,"Other pelagic fish, live, fresh or chilled"
FIL,Threadsail filefish,3,Marine fishes,33,Miscellaneous coastal fishes,1514,Demersal Marine Fish,4,Fish and other fishing products,42,"Fish live, fresh or chilled for human consumption",429,"Other fish, live, fresh or chilled"
TSI,Threadtail anthias,3,Marine fishes,33,Miscellaneous coastal fishes,1514,Demersal Marine Fish,4,Fish and other fishing products,42,"Fish live, fresh or chilled for human consumption",429,"Other fish, live, fresh or chilled"
GGU,Three-bearded rockling,3,Marine fishes,32,"Cods, hakes, haddocks",1514,Demersal Marine Fish,4,Fish and other fishing products,42,"Fish live, fresh or chilled for human consumption",424,"Fish of Gadiformes, live, fresh or chilled"
GTA,Three-spined stickleback,2,Diadromous fishes,25,Miscellaneous diadromous fishes,1501,Freshwater and Diadromous Fish,4,Fish and other fishing products,42,"Fish live, fresh or chilled for human consumption",429,"Other fish, live, fresh or chilled"
NYR,Three-spot flounder,3,Marine fishes,31,"Flounders, halibuts, soles",1514,Demersal Marine Fish,4,Fish and other fishing products,42,"Fish live, fresh or chilled for human consumption",423,"Flatfish, live, fresh or chilled"
TGH,Three spot gourami,1,Freshwater fishes,13,Miscellaneous freshwater fishes,1501,Freshwater and Diadromous Fish,4,Fish and other fishing products,42,"Fish live, fresh or chilled for human consumption",421,"Freshwater fish, live, fresh or chilled"
STA,Three spotted tilapia,1,Freshwater fishes,12,Tilapias and other cichlids,1501,Freshwater and Diadromous Fish,4,Fish and other fishing products,42,"Fish live, fresh or chilled for human consumption",421,"Freshwater fish, live, fresh or chilled"
ALV,Thresher,3,Marine fishes,38,"Sharks, rays, chimaeras",1514,Demersal Marine Fish,4,Fish and other fishing products,42,"Fish live, fresh or chilled for human consumption",429,"Other fish, live, fresh or chilled"
THR,Thresher sharks NEI,3,Marine fishes,38,"Sharks, rays, chimaeras",1514,Demersal Marine Fish,4,Fish and other fishing products,42,"Fish live, fresh or chilled for human consumption",429,"Other fish, live, fresh or chilled"
LTK,Thumbprint emperor,3,Marine fishes,33,Miscellaneous coastal fishes,1514,Demersal Marine Fish,4,Fish and other fishing products,42,"Fish live, fresh or chilled for human consumption",429,"Other fish, live, fresh or chilled"
NSI,Thumbprint monocle bream,3,Marine fishes,33,Miscellaneous coastal fishes,1514,Demersal Marine Fish,4,Fish and other fishing products,42,"Fish live, fresh or chilled for human consumption",429,"Other fish, live, fresh or chilled"
TWY,[Thynnichthys vaillanti],1,Freshwater fishes,11,"Carps, barbels and other cyprinids",1501,Freshwater and Diadromous Fish,4,Fish and other fishing products,42,"Fish live, fresh or chilled for human consumption",421,"Freshwater fish, live, fresh or chilled"
MRR,Ticon cownose ray,3,Marine fishes,38,"Sharks, rays, chimaeras",1514,Demersal Marine Fish,4,Fish and other fishing products,42,"Fish live, fresh or chilled for human consumption",429,"Other fish, live, fresh or chilled"
EXF,"Tiger-dragon grouper, hybrid",3,Marine fishes,33,Miscellaneous coastal fishes,1514,Demersal Marine Fish,4,Fish and other fishing products,42,"Fish live, fresh or chilled for human consumption",429,"Other fish, live, fresh or chilled"
HCV,Tiger fish,1,Freshwater fishes,13,Miscellaneous freshwater fishes,1501,Freshwater and Diadromous Fish,4,Fish and other fishing products,42,"Fish live, fresh or chilled for human consumption",421,"Freshwater fish, live, fresh or chilled"
THE,Tigerperches NEI,3,Marine fishes,33,Miscellaneous coastal fishes,1514,Demersal Marine Fish,4,Fish and other fishing products,42,"Fish live, fresh or chilled for human consumption",429,"Other fish, live, fresh or chilled"
TXK,Tiger pufferfish,3,Marine fishes,33,Miscellaneous coastal fishes,1514,Demersal Marine Fish,4,Fish and other fishing products,42,"Fish live, fresh or chilled for human consumption",429,"Other fish, live, fresh or chilled"
TIG,Tiger shark,3,Marine fishes,38,"Sharks, rays, chimaeras",1514,Demersal Marine Fish,4,Fish and other fishing products,42,"Fish live, fresh or chilled for human consumption",429,"Other fish, live, fresh or chilled"
UDT,Tiger sorubim,1,Freshwater fishes,13,Miscellaneous freshwater fishes,1501,Freshwater and Diadromous Fish,4,Fish and other fishing products,42,"Fish live, fresh or chilled for human consumption",421,"Freshwater fish, live, fresh or chilled"
LKR,Tigertooth croaker,3,Marine fishes,33,Miscellaneous coastal fishes,1514,Demersal Marine Fish,4,Fish and other fishing products,42,"Fish live, fresh or chilled for human consumption",429,"Other fish, live, fresh or chilled"
OIH,Tilapia shiranus,1,Freshwater fishes,12,Tilapias and other cichlids,1501,Freshwater and Diadromous Fish,4,Fish and other fishing products,42,"Fish live, fresh or chilled for human consumption",421,"Freshwater fish, live, fresh or chilled"
TLP,Tilapias NEI,1,Freshwater fishes,12,Tilapias and other cichlids,1501,Freshwater and Diadromous Fish,4,Fish and other fishing products,42,"Fish live, fresh or chilled for human consumption",421,"Freshwater fish, live, fresh or chilled"
TIS,Tilefishes NEI,3,Marine fishes,34,Miscellaneous demersal fishes,1514,Demersal Marine Fish,4,Fish and other fishing products,42,"Fish live, fresh or chilled for human consumption",429,"Other fish, live, fresh or chilled"
BFS,Tinfoil barb,1,Freshwater fishes,11,"Carps, barbels and other cyprinids",1501,Freshwater and Diadromous Fish,4,Fish and other fishing products,42,"Fish live, fresh or chilled for human consumption",421,"Freshwater fish, live, fresh or chilled"
RRJ,Titi shrimp,4,Crustaceans,45,"Shrimps, prawns",1553,Crustaceans,4,Fish and other fishing products,43,"Crustaceans, live, fresh or chilled",436,"Other shrimps and prawns, live, fresh or chilled"
TFD,"Toadfishes, etc. NEI",3,Marine fishes,33,Miscellaneous coastal fishes,1514,Demersal Marine Fish,4,Fish and other fishing products,42,"Fish live, fresh or chilled for human consumption",429,"Other fish, live, fresh or chilled"
TDF,Toadfishes NEI,3,Marine fishes,33,Miscellaneous coastal fishes,1514,Demersal Marine Fish,4,Fish and other fishing products,42,"Fish live, fresh or chilled for human consumption",429,"Other fish, live, fresh or chilled"
NOZ,Toad notie,3,Marine fishes,33,Miscellaneous coastal fishes,1514,Demersal Marine Fish,4,Fish and other fishing products,42,"Fish live, fresh or chilled for human consumption",429,"Other fish, live, fresh or chilled"
QSX,Todarodes flying squids NEI,5,Molluscs,57,"Squids, cuttlefishes, octopuses",1570,Cephalopods,4,Fish and other fishing products,44,"Molluscs live, fresh or chilled",446,"Cuttlefish and squid, live, fresh or chilled"
TOL,Toli shad,2,Diadromous fishes,24,Shads,1501,Freshwater and Diadromous Fish,4,Fish and other fishing products,42,"Fish live, fresh or chilled for human consumption",429,"Other fish, live, fresh or chilled"
HLL,Tomtate grunt,3,Marine fishes,33,Miscellaneous coastal fishes,1514,Demersal Marine Fish,4,Fish and other fishing products,42,"Fish live, fresh or chilled for human consumption",429,"Other fish, live, fresh or chilled"
TOX,Tonguefishes,3,Marine fishes,31,"Flounders, halibuts, soles",1514,Demersal Marine Fish,4,Fish and other fishing products,42,"Fish live, fresh or chilled for human consumption",423,"Flatfish, live, fresh or chilled"
YOX,Tonguesole NEI,3,Marine fishes,31,"Flounders, halibuts, soles",1514,Demersal Marine Fish,4,Fish and other fishing products,42,"Fish live, fresh or chilled for human consumption",423,"Flatfish, live, fresh or chilled"
YLQ,Toothed flounder,3,Marine fishes,31,"Flounders, halibuts, soles",1514,Demersal Marine Fish,4,Fish and other fishing products,42,"Fish live, fresh or chilled for human consumption",423,"Flatfish, live, fresh or chilled"
KCB,Toothed rock crab,4,Crustaceans,42,"Crabs, sea-spiders",1553,Crustaceans,4,Fish and other fishing products,43,"Crustaceans, live, fresh or chilled",431,"Crabs, live, fresh or chilled"
ODN,Toothed whales NEI,6,"Whales, seals and other aquatic mammals",62,"Sperm-whales, pilot-whales",1579,Aquatic Mammals,,,,,,
GAG,Tope shark,3,Marine fishes,38,"Sharks, rays, chimaeras",1514,Demersal Marine Fish,4,Fish and other fishing products,42,"Fish live, fresh or chilled for human consumption",429,"Other fish, live, fresh or chilled"
ZGP,Topknot,3,Marine fishes,31,"Flounders, halibuts, soles",1514,Demersal Marine Fish,4,Fish and other fishing products,42,"Fish live, fresh or chilled for human consumption",423,"Flatfish, live, fresh or chilled"
ZRM,Top shells,5,Molluscs,52,"Abalones, winkles, conchs",1562,Molluscs excl. Cephalopods,4,Fish and other fishing products,44,"Molluscs live, fresh or chilled",449,"Other molluscs, live, fresh or chilled"
TOE,Torpedo rays,3,Marine fishes,38,"Sharks, rays, chimaeras",1514,Demersal Marine Fish,4,Fish and other fishing products,42,"Fish live, fresh or chilled for human consumption",429,"Other fish, live, fresh or chilled"
DLX,Torpedo sand perch,3,Marine fishes,33,Miscellaneous coastal fishes,1514,Demersal Marine Fish,4,Fish and other fishing products,42,"Fish live, fresh or chilled for human consumption",429,"Other fish, live, fresh or chilled"
HAS,Torpedo scad,3,Marine fishes,37,Miscellaneous pelagic fishes,1527,Pelagic Marine Fish,4,Fish and other fishing products,42,"Fish live, fresh or chilled for human consumption",426,"Other pelagic fish, live, fresh or chilled"
CTO,Torpedo-shaped catfishes NEI,1,Freshwater fishes,13,Miscellaneous freshwater fishes,1501,Freshwater and Diadromous Fish,4,Fish and other fishing products,42,"Fish live, fresh or chilled for human consumption",421,"Freshwater fish, live, fresh or chilled"
QFF,[Torquigener flavimaculosus],3,Marine fishes,33,Miscellaneous coastal fishes,1514,Demersal Marine Fish,4,Fish and other fishing products,42,"Fish live, fresh or chilled for human consumption",429,"Other fish, live, fresh or chilled"
GEU,Torroto grunt,3,Marine fishes,33,Miscellaneous coastal fishes,1514,Demersal Marine Fish,4,Fish and other fishing products,42,"Fish live, fresh or chilled for human consumption",429,"Other fish, live, fresh or chilled"
JDO,Tortonese's stingray,3,Marine fishes,38,"Sharks, rays, chimaeras",1514,Demersal Marine Fish,4,Fish and other fishing products,42,"Fish live, fresh or chilled for human consumption",429,"Other fish, live, fresh or chilled"
WEM,Totoaba,3,Marine fishes,33,Miscellaneous coastal fishes,1514,Demersal Marine Fish,4,Fish and other fishing products,42,"Fish live, fresh or chilled for human consumption",429,"Other fish, live, fresh or chilled"
YEU,Trachypenaeus shrimps NEI,4,Crustaceans,45,"Shrimps, prawns",1553,Crustaceans,4,Fish and other fishing products,43,"Crustaceans, live, fresh or chilled",436,"Other shrimps and prawns, live, fresh or chilled"
HWU,Trahira,1,Freshwater fishes,13,Miscellaneous freshwater fishes,1501,Freshwater and Diadromous Fish,4,Fish and other fishing products,42,"Fish live, fresh or chilled for human consumption",421,"Freshwater fish, live, fresh or chilled"
FIM,Transparent goby,3,Marine fishes,33,Miscellaneous coastal fishes,1514,Demersal Marine Fish,4,Fish and other fishing products,42,"Fish live, fresh or chilled for human consumption",429,"Other fish, live, fresh or chilled"
SFP,Treefish,3,Marine fishes,34,Miscellaneous demersal fishes,1514,Demersal Marine Fish,4,Fish and other fishing products,42,"Fish live, fresh or chilled for human consumption",429,"Other fish, live, fresh or chilled"
TRT,Trematomus NEI,3,Marine fishes,33,Miscellaneous coastal fishes,1514,Demersal Marine Fish,4,Fish and other fishing products,42,"Fish live, fresh or chilled for human consumption",429,"Other fish, live, fresh or chilled"
NOA,Triangular rockcod,3,Marine fishes,33,Miscellaneous coastal fishes,1514,Demersal Marine Fish,4,Fish and other fishing products,42,"Fish live, fresh or chilled for human consumption",429,"Other fish, live, fresh or chilled"
TVM,Triangular tivela,5,Molluscs,56,"Clams, cockles, arkshells",1562,Molluscs excl. Cephalopods,4,Fish and other fishing products,44,"Molluscs live, fresh or chilled",445,"Clams, cockles and ark shells, live, fresh or chilled"
UVH,Tricolour parrotfish,3,Marine fishes,33,Miscellaneous coastal fishes,1514,Demersal Marine Fish,4,Fish and other fishing products,42,"Fish live, fresh or chilled for human consumption",429,"Other fish, live, fresh or chilled"
TRI,"Triggerfishes, durgons NEI",3,Marine fishes,33,Miscellaneous coastal fishes,1514,Demersal Marine Fish,4,Fish and other fishing products,42,"Fish live, fresh or chilled for human consumption",429,"Other fish, live, fresh or chilled"
LOB,Tripletail,3,Marine fishes,34,Miscellaneous demersal fishes,1514,Demersal Marine Fish,4,Fish and other fishing products,42,"Fish live, fresh or chilled for human consumption",429,"Other fish, live, fresh or chilled"
TPU,[Triportheus angulatus],1,Freshwater fishes,13,Miscellaneous freshwater fishes,1501,Freshwater and Diadromous Fish,4,Fish and other fishing products,42,"Fish live, fresh or chilled for human consumption",421,"Freshwater fish, live, fresh or chilled"
XOD,Trisopterus NEI,3,Marine fishes,32,"Cods, hakes, haddocks",1514,Demersal Marine Fish,4,Fish and other fishing products,42,"Fish live, fresh or chilled for human consumption",424,"Fish of Gadiformes, live, fresh or chilled"
TSH,Trochus shells NEI,8,Miscellaneous aquatic animal products,81,"Pearls, mother-of-pearl, shells",,,4,Fish and other fishing products,49,Other aquatic plants and animals,491,"Coral and similar products, shells of molluscs, crustaceans or echinoderms and cuttle-bone; live aquatic plants and animals for ornamental purpose"
JTP,Tropical gar,1,Freshwater fishes,13,Miscellaneous freshwater fishes,1501,Freshwater and Diadromous Fish,4,Fish and other fishing products,42,"Fish live, fresh or chilled for human consumption",421,"Freshwater fish, live, fresh or chilled"
SLV,Tropical spiny lobsters NEI,4,Crustaceans,43,"Lobsters, spiny-rock lobsters",1553,Crustaceans,4,Fish and other fishing products,43,"Crustaceans, live, fresh or chilled",432,"Rock lobster and other sea crawfish, live, fresh or chilled"
TRO,Trouts NEI,2,Diadromous fishes,23,"Salmons, trouts, smelts",1501,Freshwater and Diadromous Fish,4,Fish and other fishing products,42,"Fish live, fresh or chilled for human consumption",422,"Salmonidae, live, fresh or chilled"
PKP,Trout sweetlips,3,Marine fishes,33,Miscellaneous coastal fishes,1514,Demersal Marine Fish,4,Fish and other fishing products,42,"Fish live, fresh or chilled for human consumption",429,"Other fish, live, fresh or chilled"
NEX,"True lobsters,lobsterettes NEI",4,Crustaceans,43,"Lobsters, spiny-rock lobsters",1553,Crustaceans,4,Fish and other fishing products,43,"Crustaceans, live, fresh or chilled",439,"Other crustaceans, live, fresh or chilled"
FST,True tulip,5,Molluscs,52,"Abalones, winkles, conchs",1562,Molluscs excl. Cephalopods,4,Fish and other fishing products,44,"Molluscs live, fresh or chilled",449,"Other molluscs, live, fresh or chilled"
TUS,True tunas NEI,3,Marine fishes,36,"Tunas, bonitos, billfishes",1527,Pelagic Marine Fish,4,Fish and other fishing products,42,"Fish live, fresh or chilled for human consumption",425,"Tunas, skipjack or stripe-bellied bonito, live, fresh or chilled"
LHI,Trumpet emperor,3,Marine fishes,33,Miscellaneous coastal fishes,1514,Demersal Marine Fish,4,Fish and other fishing products,42,"Fish live, fresh or chilled for human consumption",429,"Other fish, live, fresh or chilled"
TRU,Trumpeters NEI,3,Marine fishes,34,Miscellaneous demersal fishes,1514,Demersal Marine Fish,4,Fish and other fishing products,42,"Fish live, fresh or chilled for human consumption",429,"Other fish, live, fresh or chilled"
DXL,Truncate donax,5,Molluscs,56,"Clams, cockles, arkshells",1562,Molluscs excl. Cephalopods,4,Fish and other fishing products,44,"Molluscs live, fresh or chilled",445,"Clams, cockles and ark shells, live, fresh or chilled"
EKR,Tsivakihini paste shrimp,4,Crustaceans,45,"Shrimps, prawns",1553,Crustaceans,4,Fish and other fishing products,43,"Crustaceans, live, fresh or chilled",436,"Other shrimps and prawns, live, fresh or chilled"
HLT,Tuberculate abalone,5,Molluscs,52,"Abalones, winkles, conchs",1562,Molluscs excl. Cephalopods,4,Fish and other fishing products,44,"Molluscs live, fresh or chilled",441,"Abalone, live, fresh or chilled"
KTT,Tuberculate cockle,5,Molluscs,56,"Clams, cockles, arkshells",1562,Molluscs excl. Cephalopods,4,Fish and other fishing products,44,"Molluscs live, fresh or chilled",445,"Clams, cockles and ark shells, live, fresh or chilled"
GUU,Tub gurnard,3,Marine fishes,34,Miscellaneous demersal fishes,1514,Demersal Marine Fish,4,Fish and other fishing products,42,"Fish live, fresh or chilled for human consumption",429,"Other fish, live, fresh or chilled"
TUC,Tucuxi,6,"Whales, seals and other aquatic mammals",62,"Sperm-whales, pilot-whales",1579,Aquatic Mammals,,,,,,
CJW,Tule NEI,9,Aquatic plants,94,Miscellaneous aquatic plants,1594,Aquatic Plants,4,Fish and other fishing products,49,Other aquatic plants and animals,493,"Seaweeds and other algae, fresh, frozen or dried, whether or not ground"
TUX,Tuna-like fishes NEI,3,Marine fishes,36,"Tunas, bonitos, billfishes",1527,Pelagic Marine Fish,4,Fish and other fishing products,42,"Fish live, fresh or chilled for human consumption",426,"Other pelagic fish, live, fresh or chilled"
TUN,Tunas NEI,3,Marine fishes,36,"Tunas, bonitos, billfishes",1527,Pelagic Marine Fish,4,Fish and other fishing products,42,"Fish live, fresh or chilled for human consumption",425,"Tunas, skipjack or stripe-bellied bonito, live, fresh or chilled"
GSH,Turban shells NEI,8,Miscellaneous aquatic animal products,81,"Pearls, mother-of-pearl, shells",,,4,Fish and other fishing products,49,Other aquatic plants and animals,491,"Coral and similar products, shells of molluscs, crustaceans or echinoderms and cuttle-bone; live aquatic plants and animals for ornamental purpose"
TUR,Turbot,3,Marine fishes,31,"Flounders, halibuts, soles",1514,Demersal Marine Fish,4,Fish and other fishing products,42,"Fish live, fresh or chilled for human consumption",423,"Flatfish, live, fresh or chilled"
SCF,Turbots NEI,3,Marine fishes,31,"Flounders, halibuts, soles",1514,Demersal Marine Fish,4,Fish and other fishing products,42,"Fish live, fresh or chilled for human consumption",423,"Flatfish, live, fresh or chilled"
USK,Tusk(=Cusk),3,Marine fishes,32,"Cods, hakes, haddocks",1514,Demersal Marine Fish,4,Fish and other fishing products,42,"Fish live, fresh or chilled for human consumption",424,"Fish of Gadiformes, live, fresh or chilled"
TSD,Twaite shad,2,Diadromous fishes,24,Shads,1501,Freshwater and Diadromous Fish,4,Fish and other fishing products,42,"Fish live, fresh or chilled for human consumption",429,"Other fish, live, fresh or chilled"
AAB,Twobar seabream,3,Marine fishes,33,Miscellaneous coastal fishes,1514,Demersal Marine Fish,4,Fish and other fishing products,42,"Fish live, fresh or chilled for human consumption",429,"Other fish, live, fresh or chilled"
HQM,Two-row rock shell,5,Molluscs,52,"Abalones, winkles, conchs",1562,Molluscs excl. Cephalopods,4,Fish and other fishing products,44,"Molluscs live, fresh or chilled",449,"Other molluscs, live, fresh or chilled"
HWZ,Twospot cardinalfish,3,Marine fishes,33,Miscellaneous coastal fishes,1514,Demersal Marine Fish,4,Fish and other fishing products,42,"Fish live, fresh or chilled for human consumption",429,"Other fish, live, fresh or chilled"
ITO,Twospot largescale flounder,3,Marine fishes,31,"Flounders, halibuts, soles",1514,Demersal Marine Fish,4,Fish and other fishing products,42,"Fish live, fresh or chilled for human consumption",423,"Flatfish, live, fresh or chilled"
LJB,Two-spot red snapper,3,Marine fishes,33,Miscellaneous coastal fishes,1514,Demersal Marine Fish,4,Fish and other fishing products,42,"Fish live, fresh or chilled for human consumption",429,"Other fish, live, fresh or chilled"
GBF,Two-spotted goby,3,Marine fishes,33,Miscellaneous coastal fishes,1514,Demersal Marine Fish,4,Fish and other fishing products,42,"Fish live, fresh or chilled for human consumption",429,"Other fish, live, fresh or chilled"
RJU,Undulate ray,3,Marine fishes,38,"Sharks, rays, chimaeras",1514,Demersal Marine Fish,4,Fish and other fishing products,42,"Fish live, fresh or chilled for human consumption",429,"Other fish, live, fresh or chilled"
HQW,Unicell. chlorella green alga,9,Aquatic plants,93,Green seaweeds,1594,Aquatic Plants,4,Fish and other fishing products,49,Other aquatic plants and animals,493,"Seaweeds and other algae, fresh, frozen or dried, whether or not ground"
UNC,Unicorn cod,3,Marine fishes,32,"Cods, hakes, haddocks",1514,Demersal Marine Fish,4,Fish and other fishing products,42,"Fish live, fresh or chilled for human consumption",424,"Fish of Gadiformes, live, fresh or chilled"
LIC,Unicorn icefish,3,Marine fishes,34,Miscellaneous demersal fishes,1514,Demersal Marine Fish,4,Fish and other fishing products,42,"Fish live, fresh or chilled for human consumption",429,"Other fish, live, fresh or chilled"
ALM,Unicorn leatherjacket filefish,3,Marine fishes,33,Miscellaneous coastal fishes,1514,Demersal Marine Fish,4,Fish and other fishing products,42,"Fish live, fresh or chilled for human consumption",429,"Other fish, live, fresh or chilled"
UGU,Unihorn octopus,5,Molluscs,57,"Squids, cuttlefishes, octopuses",1570,Cephalopods,4,Fish and other fishing products,44,"Molluscs live, fresh or chilled",447,"Octopus, live, fresh or chilled"
EPJ,Union snook,3,Marine fishes,33,Miscellaneous coastal fishes,1514,Demersal Marine Fish,4,Fish and other fishing products,42,"Fish live, fresh or chilled for human consumption",429,"Other fish, live, fresh or chilled"
CSY,Upsidedown catfishes,1,Freshwater fishes,13,Miscellaneous freshwater fishes,1501,Freshwater and Diadromous Fish,4,Fish and other fishing products,42,"Fish live, fresh or chilled for human consumption",421,"Freshwater fish, live, fresh or chilled"
VAD,Vadigo,3,Marine fishes,37,Miscellaneous pelagic fishes,1527,Pelagic Marine Fish,4,Fish and other fishing products,42,"Fish live, fresh or chilled for human consumption",426,"Other pelagic fish, live, fresh or chilled"
HUR,Valparaiso chromis,3,Marine fishes,33,Miscellaneous coastal fishes,1514,Demersal Marine Fish,4,Fish and other fishing products,42,"Fish live, fresh or chilled for human consumption",429,"Other fish, live, fresh or chilled"
VAQ,Vaquita,6,"Whales, seals and other aquatic mammals",62,"Sperm-whales, pilot-whales",1579,Aquatic Mammals,,,,,,
VSC,Variegated scallop,5,Molluscs,55,"Scallops, pectens",1562,Molluscs excl. Cephalopods,4,Fish and other fishing products,44,"Molluscs live, fresh or chilled",444,"Scallops, live, fresh or chilled"
SKH,Various sharks NEI,3,Marine fishes,38,"Sharks, rays, chimaeras",1514,Demersal Marine Fish,4,Fish and other fishing products,42,"Fish live, fresh or chilled for human consumption",429,"Other fish, live, fresh or chilled"
SQU,Various squids NEI,5,Molluscs,57,"Squids, cuttlefishes, octopuses",1570,Cephalopods,4,Fish and other fishing products,44,"Molluscs live, fresh or chilled",446,"Cuttlefish and squid, live, fresh or chilled"
ROG,Vatani rohtee,1,Freshwater fishes,11,"Carps, barbels and other cyprinids",1501,Freshwater and Diadromous Fish,4,Fish and other fishing products,42,"Fish live, fresh or chilled for human consumption",421,"Freshwater fish, live, fresh or chilled"
RPW,Veined rapa whelk,5,Molluscs,52,"Abalones, winkles, conchs",1562,Molluscs excl. Cephalopods,4,Fish and other fishing products,44,"Molluscs live, fresh or chilled",449,"Other molluscs, live, fresh or chilled"
SQF,Veined squid,5,Molluscs,57,"Squids, cuttlefishes, octopuses",1570,Cephalopods,4,Fish and other fishing products,44,"Molluscs live, fresh or chilled",446,"Cuttlefish and squid, live, fresh or chilled"
ETX,Velvet belly,3,Marine fishes,38,"Sharks, rays, chimaeras",1514,Demersal Marine Fish,4,Fish and other fishing products,42,"Fish live, fresh or chilled for human consumption",429,"Other fish, live, fresh or chilled"
IBA,Velvet fan lobster,4,Crustaceans,43,"Lobsters, spiny-rock lobsters",1553,Crustaceans,4,Fish and other fishing products,43,"Crustaceans, live, fresh or chilled",439,"Other crustaceans, live, fresh or chilled"
HNY,Velvet helcion,5,Molluscs,52,"Abalones, winkles, conchs",1562,Molluscs excl. Cephalopods,4,Fish and other fishing products,44,"Molluscs live, fresh or chilled",449,"Other molluscs, live, fresh or chilled"
PKB,Velvet leatherjacket,3,Marine fishes,33,Miscellaneous coastal fishes,1514,Demersal Marine Fish,4,Fish and other fishing products,42,"Fish live, fresh or chilled for human consumption",429,"Other fish, live, fresh or chilled"
LIO,Velvet swimcrab,4,Crustaceans,42,"Crabs, sea-spiders",1553,Crustaceans,4,Fish and other fishing products,43,"Crustaceans, live, fresh or chilled",431,"Crabs, live, fresh or chilled"
BBF,Velvet whalefish,3,Marine fishes,34,Miscellaneous demersal fishes,1514,Demersal Marine Fish,4,Fish and other fishing products,42,"Fish live, fresh or chilled for human consumption",429,"Other fish, live, fresh or chilled"
AST,Velvety cichlids,1,Freshwater fishes,12,Tilapias and other cichlids,1501,Freshwater and Diadromous Fish,4,Fish and other fishing products,42,"Fish live, fresh or chilled for human consumption",421,"Freshwater fish, live, fresh or chilled"
FVE,Vendace,2,Diadromous fishes,23,"Salmons, trouts, smelts",1501,Freshwater and Diadromous Fish,4,Fish and other fishing products,42,"Fish live, fresh or chilled for human consumption",429,"Other fish, live, fresh or chilled"
CLV,Venus clams NEI,5,Molluscs,56,"Clams, cockles, arkshells",1562,Molluscs excl. Cephalopods,4,Fish and other fishing products,44,"Molluscs live, fresh or chilled",445,"Clams, cockles and ark shells, live, fresh or chilled"
SFW,Vermilion rockfish,3,Marine fishes,34,Miscellaneous demersal fishes,1514,Demersal Marine Fish,4,Fish and other fishing products,42,"Fish live, fresh or chilled for human consumption",429,"Other fish, live, fresh or chilled"
RPU,Vermilion snapper,3,Marine fishes,33,Miscellaneous coastal fishes,1514,Demersal Marine Fish,4,Fish and other fishing products,42,"Fish live, fresh or chilled for human consumption",429,"Other fish, live, fresh or chilled"
VLA,[Vertebrata lanosa],9,Aquatic plants,92,Red seaweeds,1594,Aquatic Plants,4,Fish and other fishing products,49,Other aquatic plants and animals,493,"Seaweeds and other algae, fresh, frozen or dried, whether or not ground"
VIV,Vimba bream,1,Freshwater fishes,11,"Carps, barbels and other cyprinids",1501,Freshwater and Diadromous Fish,4,Fish and other fishing products,42,"Fish live, fresh or chilled for human consumption",421,"Freshwater fish, live, fresh or chilled"
GCC,Violet bittersweet,5,Molluscs,56,"Clams, cockles, arkshells",1562,Molluscs excl. Cephalopods,4,Fish and other fishing products,44,"Molluscs live, fresh or chilled",445,"Clams, cockles and ark shells, live, fresh or chilled"
SEY,Violet warehou,3,Marine fishes,34,Miscellaneous demersal fishes,1514,Demersal Marine Fish,4,Fish and other fishing products,42,"Fish live, fresh or chilled for human consumption",429,"Other fish, live, fresh or chilled"
SAV,Volga pikeperch,1,Freshwater fishes,13,Miscellaneous freshwater fishes,1501,Freshwater and Diadromous Fish,4,Fish and other fishing products,42,"Fish live, fresh or chilled for human consumption",421,"Freshwater fish, live, fresh or chilled"
CXY,Volutes NEI,5,Molluscs,52,"Abalones, winkles, conchs",1562,Molluscs excl. Cephalopods,4,Fish and other fishing products,44,"Molluscs live, fresh or chilled",449,"Other molluscs, live, fresh or chilled"
WAH,Wahoo,3,Marine fishes,36,"Tunas, bonitos, billfishes",1527,Pelagic Marine Fish,4,Fish and other fishing products,42,"Fish live, fresh or chilled for human consumption",426,"Other pelagic fish, live, fresh or chilled"
UDP,Wakame,9,Aquatic plants,91,Brown seaweeds,1594,Aquatic Plants,4,Fish and other fishing products,49,Other aquatic plants and animals,493,"Seaweeds and other algae, fresh, frozen or dried, whether or not ground"
WAA,Wallago,1,Freshwater fishes,13,Miscellaneous freshwater fishes,1501,Freshwater and Diadromous Fish,4,Fish and other fishing products,42,"Fish live, fresh or chilled for human consumption",421,"Freshwater fish, live, fresh or chilled"
WAX,[Wallago spp],1,Freshwater fishes,13,Miscellaneous freshwater fishes,1501,Freshwater and Diadromous Fish,4,Fish and other fishing products,42,"Fish live, fresh or chilled for human consumption",421,"Freshwater fish, live, fresh or chilled"
STV,Walleye,1,Freshwater fishes,13,Miscellaneous freshwater fishes,1501,Freshwater and Diadromous Fish,4,Fish and other fishing products,42,"Fish live, fresh or chilled for human consumption",421,"Freshwater fish, live, fresh or chilled"
WAL,Walrus,6,"Whales, seals and other aquatic mammals",63,"Eared seals, hair seals, walruses",1579,Aquatic Mammals,,,,,,
BSP,Warehou NEI,3,Marine fishes,34,Miscellaneous demersal fishes,1514,Demersal Marine Fish,4,Fish and other fishing products,42,"Fish live, fresh or chilled for human consumption",429,"Other fish, live, fresh or chilled"
ELG,Warsaw grouper,3,Marine fishes,33,Miscellaneous coastal fishes,1514,Demersal Marine Fish,4,Fish and other fishing products,42,"Fish live, fresh or chilled for human consumption",429,"Other fish, live, fresh or chilled"
EIK,Warty crab,4,Crustaceans,42,"Crabs, sea-spiders",1553,Crustaceans,4,Fish and other fishing products,43,"Crustaceans, live, fresh or chilled",431,"Crabs, live, fresh or chilled"
ALL,Warty dory,3,Marine fishes,34,Miscellaneous demersal fishes,1514,Demersal Marine Fish,4,Fish and other fishing products,42,"Fish live, fresh or chilled for human consumption",429,"Other fish, live, fresh or chilled"
GJW,Warty gracilaria,9,Aquatic plants,92,Red seaweeds,1594,Aquatic Plants,4,Fish and other fishing products,49,Other aquatic plants and animals,493,"Seaweeds and other algae, fresh, frozen or dried, whether or not ground"
VEV,Warty venus,5,Molluscs,56,"Clams, cockles, arkshells",1562,Molluscs excl. Cephalopods,4,Fish and other fishing products,44,"Molluscs live, fresh or chilled",445,"Clams, cockles and ark shells, live, fresh or chilled"
DNF,Water fleas,4,Crustaceans,41,Freshwater crustaceans,1553,Crustaceans,4,Fish and other fishing products,43,"Crustaceans, live, fresh or chilled",439,"Other crustaceans, live, fresh or chilled"
WKX,Weakfishes NEI,3,Marine fishes,33,Miscellaneous coastal fishes,1514,Demersal Marine Fish,4,Fish and other fishing products,42,"Fish live, fresh or chilled for human consumption",429,"Other fish, live, fresh or chilled"
MWT,Weatherfish,1,Freshwater fishes,11,"Carps, barbels and other cyprinids",1501,Freshwater and Diadromous Fish,4,Fish and other fishing products,42,"Fish live, fresh or chilled for human consumption",421,"Freshwater fish, live, fresh or chilled"
SCG,Weathervane scallop,5,Molluscs,55,"Scallops, pectens",1562,Molluscs excl. Cephalopods,4,Fish and other fishing products,44,"Molluscs live, fresh or chilled",444,"Scallops, live, fresh or chilled"
CET,Wedge sole,3,Marine fishes,31,"Flounders, halibuts, soles",1514,Demersal Marine Fish,4,Fish and other fishing products,42,"Fish live, fresh or chilled for human consumption",423,"Flatfish, live, fresh or chilled"
TRA,Weeverfishes NEI,3,Marine fishes,33,Miscellaneous coastal fishes,1514,Demersal Marine Fish,4,Fish and other fishing products,42,"Fish live, fresh or chilled for human consumption",429,"Other fish, live, fresh or chilled"
WEX,Weevers NEI,3,Marine fishes,33,Miscellaneous coastal fishes,1514,Demersal Marine Fish,4,Fish and other fishing products,42,"Fish live, fresh or chilled for human consumption",429,"Other fish, live, fresh or chilled"
TSQ,Wellington flying squid,5,Molluscs,57,"Squids, cuttlefishes, octopuses",1570,Cephalopods,4,Fish and other fishing products,44,"Molluscs live, fresh or chilled",446,"Cuttlefish and squid, live, fresh or chilled"
SOM,Wels(=Som) catfish,1,Freshwater fishes,13,Miscellaneous freshwater fishes,1501,Freshwater and Diadromous Fish,4,Fish and other fishing products,42,"Fish live, fresh or chilled for human consumption",421,"Freshwater fish, live, fresh or chilled"
PQI,Wenchman,3,Marine fishes,33,Miscellaneous coastal fishes,1514,Demersal Marine Fish,4,Fish and other fishing products,42,"Fish live, fresh or chilled for human consumption",429,"Other fish, live, fresh or chilled"
CKW,West African croakers NEI,3,Marine fishes,33,Miscellaneous coastal fishes,1514,Demersal Marine Fish,4,Fish and other fishing products,42,"Fish live, fresh or chilled for human consumption",429,"Other fish, live, fresh or chilled"
NLH,West African estuarine prawn,4,Crustaceans,45,"Shrimps, prawns",1553,Crustaceans,4,Fish and other fishing products,43,"Crustaceans, live, fresh or chilled",436,"Other shrimps and prawns, live, fresh or chilled"
UCG,West african fiddler crab,4,Crustaceans,42,"Crabs, sea-spiders",1553,Crustaceans,4,Fish and other fishing products,43,"Crustaceans, live, fresh or chilled",431,"Crabs, live, fresh or chilled"
CGE,West African geryon,4,Crustaceans,42,"Crabs, sea-spiders",1553,Crustaceans,4,Fish and other fishing products,43,"Crustaceans, live, fresh or chilled",431,"Crabs, live, fresh or chilled"
GOA,West African goatfish,3,Marine fishes,33,Miscellaneous coastal fishes,1514,Demersal Marine Fish,4,Fish and other fishing products,42,"Fish live, fresh or chilled for human consumption",429,"Other fish, live, fresh or chilled"
ILI,West African ilisha,2,Diadromous fishes,24,Shads,1501,Freshwater and Diadromous Fish,4,Fish and other fishing products,42,"Fish live, fresh or chilled for human consumption",429,"Other fish, live, fresh or chilled"
CEC,West African ladyfish,3,Marine fishes,33,Miscellaneous coastal fishes,1514,Demersal Marine Fish,4,Fish and other fishing products,42,"Fish live, fresh or chilled for human consumption",429,"Other fish, live, fresh or chilled"
MAW,West African Spanish mackerel,3,Marine fishes,36,"Tunas, bonitos, billfishes",1527,Pelagic Marine Fish,4,Fish and other fishing products,42,"Fish live, fresh or chilled for human consumption",426,"Other pelagic fish, live, fresh or chilled"
SOW,West coast sole,3,Marine fishes,31,"Flounders, halibuts, soles",1514,Demersal Marine Fish,4,Fish and other fishing products,42,"Fish live, fresh or chilled for human consumption",423,"Flatfish, live, fresh or chilled"
IUB,Western Atlantic brief squid,5,Molluscs,57,"Squids, cuttlefishes, octopuses",1570,Cephalopods,4,Fish and other fishing products,44,"Molluscs live, fresh or chilled",446,"Cuttlefish and squid, live, fresh or chilled"
AVB,Western Atlantic seabream,3,Marine fishes,33,Miscellaneous coastal fishes,1514,Demersal Marine Fish,4,Fish and other fishing products,42,"Fish live, fresh or chilled for human consumption",429,"Other fish, live, fresh or chilled"
WKP,Western king prawn,4,Crustaceans,45,"Shrimps, prawns",1553,Crustaceans,4,Fish and other fishing products,43,"Crustaceans, live, fresh or chilled",436,"Other shrimps and prawns, live, fresh or chilled"
MTD,Western school shrimp,4,Crustaceans,45,"Shrimps, prawns",1553,Crustaceans,4,Fish and other fishing products,43,"Crustaceans, live, fresh or chilled",436,"Other shrimps and prawns, live, fresh or chilled"
MLO,Western softhead grenadier,3,Marine fishes,32,"Cods, hakes, haddocks",1514,Demersal Marine Fish,4,Fish and other fishing products,42,"Fish live, fresh or chilled for human consumption",424,"Fish of Gadiformes, live, fresh or chilled"
WWP,Western white shrimp,4,Crustaceans,45,"Shrimps, prawns",1553,Crustaceans,4,Fish and other fishing products,43,"Crustaceans, live, fresh or chilled",436,"Other shrimps and prawns, live, fresh or chilled"
NGK,West Indian crown conch,5,Molluscs,52,"Abalones, winkles, conchs",1562,Molluscs excl. Cephalopods,4,Fish and other fishing products,44,"Molluscs live, fresh or chilled",449,"Other molluscs, live, fresh or chilled"
KUI,West Indian top shell,5,Molluscs,52,"Abalones, winkles, conchs",1562,Molluscs excl. Cephalopods,4,Fish and other fishing products,44,"Molluscs live, fresh or chilled",449,"Other molluscs, live, fresh or chilled"
RHN,Whale shark,3,Marine fishes,38,"Sharks, rays, chimaeras",1514,Demersal Marine Fish,4,Fish and other fishing products,42,"Fish live, fresh or chilled for human consumption",429,"Other fish, live, fresh or chilled"
WHE,Whelk,5,Molluscs,52,"Abalones, winkles, conchs",1562,Molluscs excl. Cephalopods,4,Fish and other fishing products,44,"Molluscs live, fresh or chilled",449,"Other molluscs, live, fresh or chilled"
WHX,Whelks,5,Molluscs,52,"Abalones, winkles, conchs",1562,Molluscs excl. Cephalopods,4,Fish and other fishing products,44,"Molluscs live, fresh or chilled",449,"Other molluscs, live, fresh or chilled"
GEF,Whipfin silver-biddy,3,Marine fishes,33,Miscellaneous coastal fishes,1514,Demersal Marine Fish,4,Fish and other fishing products,42,"Fish live, fresh or chilled for human consumption",429,"Other fish, live, fresh or chilled"
WST,Whip stingray,3,Marine fishes,38,"Sharks, rays, chimaeras",1514,Demersal Marine Fish,4,Fish and other fishing products,42,"Fish live, fresh or chilled for human consumption",429,"Other fish, live, fresh or chilled"
MHH,Whiskered sole,3,Marine fishes,31,"Flounders, halibuts, soles",1514,Demersal Marine Fish,4,Fish and other fishing products,42,"Fish live, fresh or chilled for human consumption",423,"Flatfish, live, fresh or chilled"
MJB,Whiskered velvet shrimp,4,Crustaceans,45,"Shrimps, prawns",1553,Crustaceans,4,Fish and other fishing products,43,"Crustaceans, live, fresh or chilled",436,"Other shrimps and prawns, live, fresh or chilled"
GAT,White barbel,3,Marine fishes,33,Miscellaneous coastal fishes,1514,Demersal Marine Fish,4,Fish and other fishing products,42,"Fish live, fresh or chilled for human consumption",429,"Other fish, live, fresh or chilled"
ROY,White bass,1,Freshwater fishes,13,Miscellaneous freshwater fishes,1501,Freshwater and Diadromous Fish,4,Fish and other fishing products,42,"Fish live, fresh or chilled for human consumption",421,"Freshwater fish, live, fresh or chilled"
BWD,White-beaked dolphin,6,"Whales, seals and other aquatic mammals",62,"Sperm-whales, pilot-whales",1579,Aquatic Mammals,,,,,,
NLC,Whitebelly prawn,4,Crustaceans,45,"Shrimps, prawns",1553,Crustaceans,4,Fish and other fishing products,43,"Crustaceans, live, fresh or chilled",436,"Other shrimps and prawns, live, fresh or chilled"
EWU,White-blotched grouper,3,Marine fishes,33,Miscellaneous coastal fishes,1514,Demersal Marine Fish,4,Fish and other fishing products,42,"Fish live, fresh or chilled for human consumption",429,"Other fish, live, fresh or chilled"
ABK,White bream,1,Freshwater fishes,11,"Carps, barbels and other cyprinids",1501,Freshwater and Diadromous Fish,4,Fish and other fishing products,42,"Fish live, fresh or chilled for human consumption",421,"Freshwater fish, live, fresh or chilled"
ITC,White catfish,1,Freshwater fishes,13,Miscellaneous freshwater fishes,1501,Freshwater and Diadromous Fish,4,Fish and other fishing products,42,"Fish live, fresh or chilled for human consumption",421,"Freshwater fish, live, fresh or chilled"
NSP,Whitecheek monocle bream,3,Marine fishes,33,Miscellaneous coastal fishes,1514,Demersal Marine Fish,4,Fish and other fishing products,42,"Fish live, fresh or chilled for human consumption",429,"Other fish, live, fresh or chilled"
CCD,Whitecheek shark,3,Marine fishes,38,"Sharks, rays, chimaeras",1514,Demersal Marine Fish,4,Fish and other fishing products,42,"Fish live, fresh or chilled for human consumption",429,"Other fish, live, fresh or chilled"
AUP,White-clawed crayfish,4,Crustaceans,41,Freshwater crustaceans,1553,Crustaceans,4,Fish and other fishing products,43,"Crustaceans, live, fresh or chilled",439,"Other crustaceans, live, fresh or chilled"
PXR,White crappie,1,Freshwater fishes,13,Miscellaneous freshwater fishes,1501,Freshwater and Diadromous Fish,4,Fish and other fishing products,42,"Fish live, fresh or chilled for human consumption",421,"Freshwater fish, live, fresh or chilled"
KIC,White croaker,3,Marine fishes,33,Miscellaneous coastal fishes,1514,Demersal Marine Fish,4,Fish and other fishing products,42,"Fish live, fresh or chilled for human consumption",429,"Other fish, live, fresh or chilled"
YNL,Whitefin weakfish,3,Marine fishes,33,Miscellaneous coastal fishes,1514,Demersal Marine Fish,4,Fish and other fishing products,42,"Fish live, fresh or chilled for human consumption",429,"Other fish, live, fresh or chilled"
CNU,Whitefin wolf-herring,3,Marine fishes,35,"Herrings, sardines, anchovies",1527,Pelagic Marine Fish,4,Fish and other fishing products,42,"Fish live, fresh or chilled for human consumption",426,"Other pelagic fish, live, fresh or chilled"
WHF,Whitefishes NEI,2,Diadromous fishes,23,"Salmons, trouts, smelts",1501,Freshwater and Diadromous Fish,4,Fish and other fishing products,42,"Fish live, fresh or chilled for human consumption",429,"Other fish, live, fresh or chilled"
FAV,White glass shrimp,4,Crustaceans,45,"Shrimps, prawns",1553,Crustaceans,4,Fish and other fishing products,43,"Crustaceans, live, fresh or chilled",436,"Other shrimps and prawns, live, fresh or chilled"
GPW,White grouper,3,Marine fishes,33,Miscellaneous coastal fishes,1514,Demersal Marine Fish,4,Fish and other fishing products,42,"Fish live, fresh or chilled for human consumption",429,"Other fish, live, fresh or chilled"
HLI,White grunt,3,Marine fishes,33,Miscellaneous coastal fishes,1514,Demersal Marine Fish,4,Fish and other fishing products,42,"Fish live, fresh or chilled for human consumption",429,"Other fish, live, fresh or chilled"
HKW,White hake,3,Marine fishes,32,"Cods, hakes, haddocks",1514,Demersal Marine Fish,4,Fish and other fishing products,42,"Fish live, fresh or chilled for human consumption",424,"Fish of Gadiformes, live, fresh or chilled"
WRR,Whitehead's round herring,3,Marine fishes,35,"Herrings, sardines, anchovies",1527,Pelagic Marine Fish,4,Fish and other fishing products,42,"Fish live, fresh or chilled for human consumption",426,"Other pelagic fish, live, fresh or chilled"
PNV,Whiteleg shrimp,4,Crustaceans,45,"Shrimps, prawns",1553,Crustaceans,4,Fish and other fishing products,43,"Crustaceans, live, fresh or chilled",436,"Other shrimps and prawns, live, fresh or chilled"
RFA,Whiteleg skate,3,Marine fishes,38,"Sharks, rays, chimaeras",1514,Demersal Marine Fish,4,Fish and other fishing products,42,"Fish live, fresh or chilled for human consumption",429,"Other fish, live, fresh or chilled"
HLU,White margate,3,Marine fishes,33,Miscellaneous coastal fishes,1514,Demersal Marine Fish,4,Fish and other fishing products,42,"Fish live, fresh or chilled for human consumption",429,"Other fish, live, fresh or chilled"
CKM,Whitemouth croaker,3,Marine fishes,33,Miscellaneous coastal fishes,1514,Demersal Marine Fish,4,Fish and other fishing products,42,"Fish live, fresh or chilled for human consumption",429,"Other fish, live, fresh or chilled"
MGU,White mullet,3,Marine fishes,33,Miscellaneous coastal fishes,1514,Demersal Marine Fish,4,Fish and other fishing products,42,"Fish live, fresh or chilled for human consumption",429,"Other fish, live, fresh or chilled"
CNX,Whitenose shark,3,Marine fishes,38,"Sharks, rays, chimaeras",1514,Demersal Marine Fish,4,Fish and other fishing products,42,"Fish live, fresh or chilled for human consumption",429,"Other fish, live, fresh or chilled"
PEW,White perch,2,Diadromous fishes,25,Miscellaneous diadromous fishes,1501,Freshwater and Diadromous Fish,4,Fish and other fishing products,42,"Fish live, fresh or chilled for human consumption",429,"Other fish, live, fresh or chilled"
QZI,Whitesaddle goatfish,3,Marine fishes,33,Miscellaneous coastal fishes,1514,Demersal Marine Fish,4,Fish and other fishing products,42,"Fish live, fresh or chilled for human consumption",429,"Other fish, live, fresh or chilled"
SDB,White sardinella,3,Marine fishes,35,"Herrings, sardines, anchovies",1527,Pelagic Marine Fish,4,Fish and other fishing products,42,"Fish live, fresh or chilled for human consumption",426,"Other pelagic fish, live, fresh or chilled"
SWA,White seabream,3,Marine fishes,33,Miscellaneous coastal fishes,1514,Demersal Marine Fish,4,Fish and other fishing products,42,"Fish live, fresh or chilled for human consumption",429,"Other fish, live, fresh or chilled"
RJA,White skate,3,Marine fishes,38,"Sharks, rays, chimaeras",1514,Demersal Marine Fish,4,Fish and other fishing products,42,"Fish live, fresh or chilled for human consumption",429,"Other fish, live, fresh or chilled"
WSM,White snake mackerel,3,Marine fishes,34,Miscellaneous demersal fishes,1514,Demersal Marine Fish,4,Fish and other fishing products,42,"Fish live, fresh or chilled for human consumption",429,"Other fish, live, fresh or chilled"
JPV,White snook,3,Marine fishes,33,Miscellaneous coastal fishes,1514,Demersal Marine Fish,4,Fish and other fishing products,42,"Fish live, fresh or chilled for human consumption",429,"Other fish, live, fresh or chilled"
ELS,Whitespotted conger,3,Marine fishes,34,Miscellaneous demersal fishes,1514,Demersal Marine Fish,4,Fish and other fishing products,42,"Fish live, fresh or chilled for human consumption",429,"Other fish, live, fresh or chilled"
DBS,Whitespotted filefish,3,Marine fishes,33,Miscellaneous coastal fishes,1514,Demersal Marine Fish,4,Fish and other fishing products,42,"Fish live, fresh or chilled for human consumption",429,"Other fish, live, fresh or chilled"
EWC,Whitespotted grouper,3,Marine fishes,33,Miscellaneous coastal fishes,1514,Demersal Marine Fish,4,Fish and other fishing products,42,"Fish live, fresh or chilled for human consumption",429,"Other fish, live, fresh or chilled"
OCN,White-spotted octopus,5,Molluscs,57,"Squids, cuttlefishes, octopuses",1570,Cephalopods,4,Fish and other fishing products,44,"Molluscs live, fresh or chilled",447,"Octopus, live, fresh or chilled"
SCN,White-spotted spinefoot,3,Marine fishes,33,Miscellaneous coastal fishes,1514,Demersal Marine Fish,4,Fish and other fishing products,42,"Fish live, fresh or chilled for human consumption",429,"Other fish, live, fresh or chilled"
RCA,Whitespotted wedgefish,3,Marine fishes,38,"Sharks, rays, chimaeras",1514,Demersal Marine Fish,4,Fish and other fishing products,42,"Fish live, fresh or chilled for human consumption",429,"Other fish, live, fresh or chilled"
EFF,White stardrum,3,Marine fishes,33,Miscellaneous coastal fishes,1514,Demersal Marine Fish,4,Fish and other fishing products,42,"Fish live, fresh or chilled for human consumption",429,"Other fish, live, fresh or chilled"
SNW,White steenbras,3,Marine fishes,33,Miscellaneous coastal fishes,1514,Demersal Marine Fish,4,Fish and other fishing products,42,"Fish live, fresh or chilled for human consumption",429,"Other fish, live, fresh or chilled"
WSN,White stumpnose,3,Marine fishes,33,Miscellaneous coastal fishes,1514,Demersal Marine Fish,4,Fish and other fishing products,42,"Fish live, fresh or chilled for human consumption",429,"Other fish, live, fresh or chilled"
APN,White sturgeon,2,Diadromous fishes,21,"Sturgeons, paddlefishes",1501,Freshwater and Diadromous Fish,4,Fish and other fishing products,42,"Fish live, fresh or chilled for human consumption",429,"Other fish, live, fresh or chilled"
HFF,White teatfish,7,Miscellaneous aquatic animals,76,Sea-urchins and other echinoderms,1587,Aquatic Animals NEI,4,Fish and other fishing products,45,"Other aquatic invertebrates, live, fresh or chilled",451,"Sea cucumbers, live, fresh or chilled"
TRB,Whitetip reef shark,3,Marine fishes,38,"Sharks, rays, chimaeras",1514,Demersal Marine Fish,4,Fish and other fishing products,42,"Fish live, fresh or chilled for human consumption",429,"Other fish, live, fresh or chilled"
TRZ,White trevally,3,Marine fishes,37,Miscellaneous pelagic fishes,1527,Pelagic Marine Fish,4,Fish and other fishing products,42,"Fish live, fresh or chilled for human consumption",426,"Other pelagic fish, live, fresh or chilled"
SEU,White warehou,3,Marine fishes,34,Miscellaneous demersal fishes,1514,Demersal Marine Fish,4,Fish and other fishing products,42,"Fish live, fresh or chilled for human consumption",429,"Other fish, live, fresh or chilled"
WEW,White weakfish,3,Marine fishes,33,Miscellaneous coastal fishes,1514,Demersal Marine Fish,4,Fish and other fishing products,42,"Fish live, fresh or chilled for human consumption",429,"Other fish, live, fresh or chilled"
BEL,White whale,6,"Whales, seals and other aquatic mammals",62,"Sperm-whales, pilot-whales",1579,Aquatic Mammals,,,,,,
WHG,Whiting,3,Marine fishes,32,"Cods, hakes, haddocks",1514,Demersal Marine Fish,4,Fish and other fishing products,42,"Fish live, fresh or chilled for human consumption",424,"Fish of Gadiformes, live, fresh or chilled"
WGR,Whitson's grenadier,3,Marine fishes,32,"Cods, hakes, haddocks",1514,Demersal Marine Fish,4,Fish and other fishing products,42,"Fish live, fresh or chilled for human consumption",424,"Fish of Gadiformes, live, fresh or chilled"
OUB,Wide-eyed flounder,3,Marine fishes,31,"Flounders, halibuts, soles",1514,Demersal Marine Fish,4,Fish and other fishing products,42,"Fish live, fresh or chilled for human consumption",423,"Flatfish, live, fresh or chilled"
WRO,Widow rockfish,3,Marine fishes,34,Miscellaneous demersal fishes,1514,Demersal Marine Fish,4,Fish and other fishing products,42,"Fish live, fresh or chilled for human consumption",429,"Other fish, live, fresh or chilled"
FLD,Windowpane flounder,3,Marine fishes,31,"Flounders, halibuts, soles",1514,Demersal Marine Fish,4,Fish and other fishing products,42,"Fish live, fresh or chilled for human consumption",423,"Flatfish, live, fresh or chilled"
EUB,Winghead shark,3,Marine fishes,38,"Sharks, rays, chimaeras",1514,Demersal Marine Fish,4,Fish and other fishing products,42,"Fish live, fresh or chilled for human consumption",429,"Other fish, live, fresh or chilled"
FLW,Winter flounder,3,Marine fishes,31,"Flounders, halibuts, soles",1514,Demersal Marine Fish,4,Fish and other fishing products,42,"Fish live, fresh or chilled for human consumption",423,"Flatfish, live, fresh or chilled"
RJT,Winter skate,3,Marine fishes,38,"Sharks, rays, chimaeras",1514,Demersal Marine Fish,4,Fish and other fishing products,42,"Fish live, fresh or chilled for human consumption",429,"Other fish, live, fresh or chilled"
WIT,Witch flounder,3,Marine fishes,31,"Flounders, halibuts, soles",1514,Demersal Marine Fish,4,Fish and other fishing products,42,"Fish live, fresh or chilled for human consumption",423,"Flatfish, live, fresh or chilled"
NAC,Wolf-eel,3,Marine fishes,34,Miscellaneous demersal fishes,1514,Demersal Marine Fish,4,Fish and other fishing products,42,"Fish live, fresh or chilled for human consumption",429,"Other fish, live, fresh or chilled"
CAT,Wolffishes(=Catfishes) NEI,3,Marine fishes,34,Miscellaneous demersal fishes,1514,Demersal Marine Fish,4,Fish and other fishing products,42,"Fish live, fresh or chilled for human consumption",429,"Other fish, live, fresh or chilled"
DOS,Wolf-herrings NEI,3,Marine fishes,35,"Herrings, sardines, anchovies",1527,Pelagic Marine Fish,4,Fish and other fishing products,42,"Fish live, fresh or chilled for human consumption",426,"Other pelagic fish, live, fresh or chilled"
WRA,"Wrasses, hogfishes, etc. NEI",3,Marine fishes,33,Miscellaneous coastal fishes,1514,Demersal Marine Fish,4,Fish and other fishing products,42,"Fish live, fresh or chilled for human consumption",429,"Other fish, live, fresh or chilled"
WRF,Wreckfish,3,Marine fishes,34,Miscellaneous demersal fishes,1514,Demersal Marine Fish,4,Fish and other fishing products,42,"Fish live, fresh or chilled for human consumption",429,"Other fish, live, fresh or chilled"
WUB,Wuchang bream,1,Freshwater fishes,11,"Carps, barbels and other cyprinids",1501,Freshwater and Diadromous Fish,4,Fish and other fishing products,42,"Fish live, fresh or chilled for human consumption",421,"Freshwater fish, live, fresh or chilled"
UXA,[Xenocephalus armatus],3,Marine fishes,34,Miscellaneous demersal fishes,1514,Demersal Marine Fish,4,Fish and other fishing products,42,"Fish live, fresh or chilled for human consumption",429,"Other fish, live, fresh or chilled"
XES,[Xenocharax spilurus],1,Freshwater fishes,13,Miscellaneous freshwater fishes,1501,Freshwater and Diadromous Fish,4,Fish and other fishing products,42,"Fish live, fresh or chilled for human consumption",421,"Freshwater fish, live, fresh or chilled"
CDT,Yabby crayfish,4,Crustaceans,41,Freshwater crustaceans,1553,Crustaceans,4,Fish and other fishing products,43,"Crustaceans, live, fresh or chilled",439,"Other crustaceans, live, fresh or chilled"
EFO,Yawning stardrum,3,Marine fishes,33,Miscellaneous coastal fishes,1514,Demersal Marine Fish,4,Fish and other fishing products,42,"Fish live, fresh or chilled for human consumption",429,"Other fish, live, fresh or chilled"
DTT,Yellowback seabream,3,Marine fishes,33,Miscellaneous coastal fishes,1514,Demersal Marine Fish,4,Fish and other fishing products,42,"Fish live, fresh or chilled for human consumption",429,"Other fish, live, fresh or chilled"
OAZ,Yellowbar angelfish,3,Marine fishes,33,Miscellaneous coastal fishes,1514,Demersal Marine Fish,4,Fish and other fishing products,42,"Fish live, fresh or chilled for human consumption",429,"Other fish, live, fresh or chilled"
YBB,Yellow-belly bream,1,Freshwater fishes,12,Tilapias and other cichlids,1501,Freshwater and Diadromous Fish,4,Fish and other fishing products,42,"Fish live, fresh or chilled for human consumption",421,"Freshwater fish, live, fresh or chilled"
NON,Yellowbelly rockcod,3,Marine fishes,33,Miscellaneous coastal fishes,1514,Demersal Marine Fish,4,Fish and other fishing products,42,"Fish live, fresh or chilled for human consumption",429,"Other fish, live, fresh or chilled"
ODP,Yellow bobo,3,Marine fishes,33,Miscellaneous coastal fishes,1514,Demersal Marine Fish,4,Fish and other fishing products,42,"Fish live, fresh or chilled for human consumption",429,"Other fish, live, fresh or chilled"
YCH,Yellow catfish,1,Freshwater fishes,13,Miscellaneous freshwater fishes,1501,Freshwater and Diadromous Fish,4,Fish and other fishing products,42,"Fish live, fresh or chilled for human consumption",421,"Freshwater fish, live, fresh or chilled"
CRY,Yellow croaker,3,Marine fishes,33,Miscellaneous coastal fishes,1514,Demersal Marine Fish,4,Fish and other fishing products,42,"Fish live, fresh or chilled for human consumption",429,"Other fish, live, fresh or chilled"
VRL,Yellow-edged lyretail,3,Marine fishes,33,Miscellaneous coastal fishes,1514,Demersal Marine Fish,4,Fish and other fishing products,42,"Fish live, fresh or chilled for human consumption",429,"Other fish, live, fresh or chilled"
EEL,Yellowedge grouper,3,Marine fishes,33,Miscellaneous coastal fishes,1514,Demersal Marine Fish,4,Fish and other fishing products,42,"Fish live, fresh or chilled for human consumption",429,"Other fish, live, fresh or chilled"
MAD,Yellow-eye mullet,3,Marine fishes,33,Miscellaneous coastal fishes,1514,Demersal Marine Fish,4,Fish and other fishing products,42,"Fish live, fresh or chilled for human consumption",429,"Other fish, live, fresh or chilled"
RRV,Yelloweye rockfish,3,Marine fishes,34,Miscellaneous demersal fishes,1514,Demersal Marine Fish,4,Fish and other fishing products,42,"Fish live, fresh or chilled for human consumption",429,"Other fish, live, fresh or chilled"
YJG,Yellowfin goatfish,3,Marine fishes,33,Miscellaneous coastal fishes,1514,Demersal Marine Fish,4,Fish and other fishing products,42,"Fish live, fresh or chilled for human consumption",429,"Other fish, live, fresh or chilled"
MKV,Yellowfin grouper,3,Marine fishes,33,Miscellaneous coastal fishes,1514,Demersal Marine Fish,4,Fish and other fishing products,42,"Fish live, fresh or chilled for human consumption",429,"Other fish, live, fresh or chilled"
CFH,Yellowfin hind,3,Marine fishes,33,Miscellaneous coastal fishes,1514,Demersal Marine Fish,4,Fish and other fishing products,42,"Fish live, fresh or chilled for human consumption",429,"Other fish, live, fresh or chilled"
HXL,Yellowfin jack,3,Marine fishes,37,Miscellaneous pelagic fishes,1527,Pelagic Marine Fish,4,Fish and other fishing products,42,"Fish live, fresh or chilled for human consumption",426,"Other pelagic fish, live, fresh or chilled"
GEN,Yellow fin mojarra,3,Marine fishes,33,Miscellaneous coastal fishes,1514,Demersal Marine Fish,4,Fish and other fishing products,42,"Fish live, fresh or chilled for human consumption",429,"Other fish, live, fresh or chilled"
NOD,Yellowfin notie,3,Marine fishes,33,Miscellaneous coastal fishes,1514,Demersal Marine Fish,4,Fish and other fishing products,42,"Fish live, fresh or chilled for human consumption",429,"Other fish, live, fresh or chilled"
GHP,Yellowfin notothen,3,Marine fishes,34,Miscellaneous demersal fishes,1514,Demersal Marine Fish,4,Fish and other fishing products,42,"Fish live, fresh or chilled for human consumption",429,"Other fish, live, fresh or chilled"
PEQ,Yellowfin river pellona,2,Diadromous fishes,24,Shads,1501,Freshwater and Diadromous Fish,4,Fish and other fishing products,42,"Fish live, fresh or chilled for human consumption",429,"Other fish, live, fresh or chilled"
YWF,Yellowfin seabream,3,Marine fishes,33,Miscellaneous coastal fishes,1514,Demersal Marine Fish,4,Fish and other fishing products,42,"Fish live, fresh or chilled for human consumption",429,"Other fish, live, fresh or chilled"
EPL,Yellowfin snook,3,Marine fishes,33,Miscellaneous coastal fishes,1514,Demersal Marine Fish,4,Fish and other fishing products,42,"Fish live, fresh or chilled for human consumption",429,"Other fish, live, fresh or chilled"
YES,Yellowfin sole,3,Marine fishes,31,"Flounders, halibuts, soles",1514,Demersal Marine Fish,4,Fish and other fishing products,42,"Fish live, fresh or chilled for human consumption",423,"Flatfish, live, fresh or chilled"
YFT,Yellowfin tuna,3,Marine fishes,36,"Tunas, bonitos, billfishes",1527,Pelagic Marine Fish,4,Fish and other fishing products,42,"Fish live, fresh or chilled for human consumption",425,"Tunas, skipjack or stripe-bellied bonito, live, fresh or chilled"
OIU,Yellowhead jawfish,3,Marine fishes,33,Miscellaneous coastal fishes,1514,Demersal Marine Fish,4,Fish and other fishing products,42,"Fish live, fresh or chilled for human consumption",429,"Other fish, live, fresh or chilled"
NBR,Yellow jack,3,Marine fishes,37,Miscellaneous pelagic fishes,1527,Pelagic Marine Fish,4,Fish and other fishing products,42,"Fish live, fresh or chilled for human consumption",426,"Other pelagic fish, live, fresh or chilled"
YPS,Yellowleg shrimp,4,Crustaceans,45,"Shrimps, prawns",1553,Crustaceans,4,Fish and other fishing products,43,"Crustaceans, live, fresh or chilled",436,"Other shrimps and prawns, live, fresh or chilled"
LXN,Yellowlip emperor,3,Marine fishes,33,Miscellaneous coastal fishes,1514,Demersal Marine Fish,4,Fish and other fishing products,42,"Fish live, fresh or chilled for human consumption",429,"Other fish, live, fresh or chilled"
BVV,Yellowmouth barracuda,3,Marine fishes,37,Miscellaneous pelagic fishes,1527,Pelagic Marine Fish,4,Fish and other fishing products,42,"Fish live, fresh or chilled for human consumption",426,"Other pelagic fish, live, fresh or chilled"
MKN,Yellowmouth grouper,3,Marine fishes,33,Miscellaneous coastal fishes,1514,Demersal Marine Fish,4,Fish and other fishing products,42,"Fish live, fresh or chilled for human consumption",429,"Other fish, live, fresh or chilled"
SWD,Yellowmouth rockfish,3,Marine fishes,34,Miscellaneous demersal fishes,1514,Demersal Marine Fish,4,Fish and other fishing products,42,"Fish live, fresh or chilled for human consumption",429,"Other fish, live, fresh or chilled"
DPV,Yellownose skate,3,Marine fishes,38,"Sharks, rays, chimaeras",1514,Demersal Marine Fish,4,Fish and other fishing products,42,"Fish live, fresh or chilled for human consumption",429,"Other fish, live, fresh or chilled"
KYI,Yellow sea chub,3,Marine fishes,33,Miscellaneous coastal fishes,1514,Demersal Marine Fish,4,Fish and other fishing products,42,"Fish live, fresh or chilled for human consumption",429,"Other fish, live, fresh or chilled"
HUS,Yellow snapper,3,Marine fishes,33,Miscellaneous coastal fishes,1514,Demersal Marine Fish,4,Fish and other fishing products,42,"Fish live, fresh or chilled for human consumption",429,"Other fish, live, fresh or chilled"
QGB,Yellow sponge,8,Miscellaneous aquatic animal products,83,Sponges,,,4,Fish and other fishing products,49,Other aquatic plants and animals,492,Natural sponges of aquatic animal origin
HLF,Yellowspotted grunt,3,Marine fishes,33,Miscellaneous coastal fishes,1514,Demersal Marine Fish,4,Fish and other fishing products,42,"Fish live, fresh or chilled for human consumption",429,"Other fish, live, fresh or chilled"
NGU,Yellowspotted trevally,3,Marine fishes,37,Miscellaneous pelagic fishes,1527,Pelagic Marine Fish,4,Fish and other fishing products,42,"Fish live, fresh or chilled for human consumption",426,"Other pelagic fish, live, fresh or chilled"
RUJ,Yellow stingray,3,Marine fishes,38,"Sharks, rays, chimaeras",1514,Demersal Marine Fish,4,Fish and other fishing products,42,"Fish live, fresh or chilled for human consumption",429,"Other fish, live, fresh or chilled"
YFL,Yellow striped flounder,3,Marine fishes,31,"Flounders, halibuts, soles",1514,Demersal Marine Fish,4,Fish and other fishing products,42,"Fish live, fresh or chilled for human consumption",423,"Flatfish, live, fresh or chilled"
MUV,Yellowstripe goatfish,3,Marine fishes,33,Miscellaneous coastal fishes,1514,Demersal Marine Fish,4,Fish and other fishing products,42,"Fish live, fresh or chilled for human consumption",429,"Other fish, live, fresh or chilled"
PMX,Yellowstripe grunt,3,Marine fishes,33,Miscellaneous coastal fishes,1514,Demersal Marine Fish,4,Fish and other fishing products,42,"Fish live, fresh or chilled for human consumption",429,"Other fish, live, fresh or chilled"
TRY,Yellowstripe scad,3,Marine fishes,37,Miscellaneous pelagic fishes,1527,Pelagic Marine Fish,4,Fish and other fishing products,42,"Fish live, fresh or chilled for human consumption",426,"Other pelagic fish, live, fresh or chilled"
YTC,Yellowtail amberjack,3,Marine fishes,37,Miscellaneous pelagic fishes,1527,Pelagic Marine Fish,4,Fish and other fishing products,42,"Fish live, fresh or chilled for human consumption",426,"Other pelagic fish, live, fresh or chilled"
BAQ,Yellowtail barracuda,3,Marine fishes,37,Miscellaneous pelagic fishes,1527,Pelagic Marine Fish,4,Fish and other fishing products,42,"Fish live, fresh or chilled for human consumption",426,"Other pelagic fish, live, fresh or chilled"
ICZ,Yellowtail emperor,3,Marine fishes,33,Miscellaneous coastal fishes,1514,Demersal Marine Fish,4,Fish and other fishing products,42,"Fish live, fresh or chilled for human consumption",429,"Other fish, live, fresh or chilled"
YEL,Yellowtail flounder,3,Marine fishes,31,"Flounders, halibuts, soles",1514,Demersal Marine Fish,4,Fish and other fishing products,42,"Fish live, fresh or chilled for human consumption",423,"Flatfish, live, fresh or chilled"
YRO,Yellowtail rockfish,3,Marine fishes,34,Miscellaneous demersal fishes,1514,Demersal Marine Fish,4,Fish and other fishing products,42,"Fish live, fresh or chilled for human consumption",429,"Other fish, live, fresh or chilled"
TUM,Yellowtail scad,3,Marine fishes,37,Miscellaneous pelagic fishes,1527,Pelagic Marine Fish,4,Fish and other fishing products,42,"Fish live, fresh or chilled for human consumption",426,"Other pelagic fish, live, fresh or chilled"
SNY,Yellowtail snapper,3,Marine fishes,33,Miscellaneous coastal fishes,1514,Demersal Marine Fish,4,Fish and other fishing products,42,"Fish live, fresh or chilled for human consumption",429,"Other fish, live, fresh or chilled"
JSC,Yesso scallop,5,Molluscs,55,"Scallops, pectens",1562,Molluscs excl. Cephalopods,4,Fish and other fishing products,44,"Molluscs live, fresh or chilled",444,"Scallops, live, fresh or chilled"
HYM,Zamurito,1,Freshwater fishes,13,Miscellaneous freshwater fishes,1501,Freshwater and Diadromous Fish,4,Fish and other fishing products,42,"Fish live, fresh or chilled for human consumption",421,"Freshwater fish, live, fresh or chilled"
RZS,[Zanobatus schoenleinii],3,Marine fishes,38,"Sharks, rays, chimaeras",1514,Demersal Marine Fish,4,Fish and other fishing products,42,"Fish live, fresh or chilled for human consumption",429,"Other fish, live, fresh or chilled"
YOZ,Zanzibar tonguesole,3,Marine fishes,31,"Flounders, halibuts, soles",1514,Demersal Marine Fish,4,Fish and other fishing products,42,"Fish live, fresh or chilled for human consumption",423,"Flatfish, live, fresh or chilled"
EMC,Zanzibar weed,9,Aquatic plants,92,Red seaweeds,1594,Aquatic Plants,4,Fish and other fishing products,49,Other aquatic plants and animals,493,"Seaweeds and other algae, fresh, frozen or dried, whether or not ground"
BPJ,Zebra catfish,1,Freshwater fishes,13,Miscellaneous freshwater fishes,1501,Freshwater and Diadromous Fish,4,Fish and other fishing products,42,"Fish live, fresh or chilled for human consumption",421,"Freshwater fish, live, fresh or chilled"
SBZ,Zebra seabream,3,Marine fishes,33,Miscellaneous coastal fishes,1514,Demersal Marine Fish,4,Fish and other fishing products,42,"Fish live, fresh or chilled for human consumption",429,"Other fish, live, fresh or chilled"
UAE,Zebra tilefish,3,Marine fishes,34,Miscellaneous demersal fishes,1514,Demersal Marine Fish,4,Fish and other fishing products,42,"Fish live, fresh or chilled for human consumption",429,"Other fish, live, fresh or chilled"
ZOT,Zoanthids,8,Miscellaneous aquatic animal products,82,Corals,,,4,Fish and other fishing products,49,Other aquatic plants and animals,491,"Coral and similar products, shells of molluscs, crustaceans or echinoderms and cuttle-bone; live aquatic plants and animals for ornamental purpose"
